DATE,CNDR
06/20/1986,100.000000
06/23/1986,100.000000
06/24/1986,100.000000
06/25/1986,100.000000
06/26/1986,100.000000
06/27/1986,100.000000
06/30/1986,100.000000
07/01/1986,100.080000
07/02/1986,100.000000
07/03/1986,100.630000
07/07/1986,100.030000
07/08/1986,99.460000
07/09/1986,100.110000
07/10/1986,100.700000
07/11/1986,100.400000
07/14/1986,98.670000
07/15/1986,96.720000
07/16/1986,96.420000
07/17/1986,97.010000
07/18/1986,98.330000
07/21/1986,98.310000
07/22/1986,98.770000
07/23/1986,98.820000
07/24/1986,99.060000
07/25/1986,99.510000
07/28/1986,99.060000
07/29/1986,99.140000
07/30/1986,99.810000
07/31/1986,99.890000
08/01/1986,99.440000
08/04/1986,100.020000
08/05/1986,100.350000
08/06/1986,100.520000
08/07/1986,100.610000
08/08/1986,100.780000
08/11/1986,101.040000
08/12/1986,101.060000
08/13/1986,100.980000
08/14/1986,101.060000
08/15/1986,101.090000
08/18/1986,101.230000
08/19/1986,101.190000
08/20/1986,101.560000
08/21/1986,101.670000
08/22/1986,101.780000
08/25/1986,101.830000
08/26/1986,101.980000
08/27/1986,101.840000
08/28/1986,102.050000
08/29/1986,102.290000
09/02/1986,102.320000
09/03/1986,102.400000
09/04/1986,102.290000
09/05/1986,102.630000
09/08/1986,102.620000
09/09/1986,102.760000
09/10/1986,102.720000
09/11/1986,97.610000
09/12/1986,96.200000
09/15/1986,95.800000
09/16/1986,95.750000
09/17/1986,95.510000
09/18/1986,96.080000
09/19/1986,95.620000
09/22/1986,95.870000
09/23/1986,95.830000
09/24/1986,95.850000
09/25/1986,95.980000
09/26/1986,96.120000
09/29/1986,96.130000
09/30/1986,96.400000
10/01/1986,96.660000
10/02/1986,96.700000
10/03/1986,96.750000
10/06/1986,96.920000
10/07/1986,97.150000
10/08/1986,97.410000
10/09/1986,97.520000
10/10/1986,97.780000
10/13/1986,97.950000
10/14/1986,98.050000
10/15/1986,98.040000
10/16/1986,98.110000
10/17/1986,98.110000
10/20/1986,97.780000
10/21/1986,97.950000
10/22/1986,98.090000
10/23/1986,98.650000
10/24/1986,98.620000
10/27/1986,98.860000
10/28/1986,98.940000
10/29/1986,98.980000
10/30/1986,98.950000
10/31/1986,99.030000
11/03/1986,98.870000
11/04/1986,98.740000
11/05/1986,98.730000
11/06/1986,98.980000
11/07/1986,98.980000
11/10/1986,99.000000
11/11/1986,98.970000
11/12/1986,99.100000
11/13/1986,100.110000
11/14/1986,99.800000
11/17/1986,100.110000
11/18/1986,100.660000
11/19/1986,100.710000
11/20/1986,100.730000
11/21/1986,100.240000
11/24/1986,100.130000
11/25/1986,100.110000
11/26/1986,100.130000
11/28/1986,100.480000
12/01/1986,100.250000
12/02/1986,99.140000
12/03/1986,99.030000
12/04/1986,99.300000
12/05/1986,100.220000
12/08/1986,100.490000
12/09/1986,100.980000
12/10/1986,100.870000
12/11/1986,101.650000
12/12/1986,101.990000
12/15/1986,102.100000
12/16/1986,102.180000
12/17/1986,102.390000
12/18/1986,102.500000
12/19/1986,102.500000
12/22/1986,102.900000
12/23/1986,102.850000
12/24/1986,103.200000
12/26/1986,103.270000
12/29/1986,102.830000
12/30/1986,102.710000
12/31/1986,102.110000
01/02/1987,103.710000
01/05/1987,104.090000
01/06/1987,104.240000
01/07/1987,104.090000
01/08/1987,104.100000
01/09/1987,103.760000
01/12/1987,103.160000
01/13/1987,103.430000
01/14/1987,102.340000
01/15/1987,100.570000
01/16/1987,99.720000
01/19/1987,99.580000
01/20/1987,99.490000
01/21/1987,99.570000
01/22/1987,99.170000
01/23/1987,99.120000
01/26/1987,99.460000
01/27/1987,99.450000
01/28/1987,99.270000
01/29/1987,99.540000
01/30/1987,99.910000
02/02/1987,99.440000
02/03/1987,99.560000
02/04/1987,99.200000
02/05/1987,98.820000
02/06/1987,99.030000
02/09/1987,99.150000
02/10/1987,99.580000
02/11/1987,99.110000
02/12/1987,99.000000
02/13/1987,98.690000
02/17/1987,98.440000
02/18/1987,98.910000
02/19/1987,98.340000
02/20/1987,98.730000
02/23/1987,98.650000
02/24/1987,98.730000
02/25/1987,98.890000
02/26/1987,99.060000
02/27/1987,99.030000
03/02/1987,99.330000
03/03/1987,99.530000
03/04/1987,99.700000
03/05/1987,99.710000
03/06/1987,99.900000
03/09/1987,100.280000
03/10/1987,100.170000
03/11/1987,100.320000
03/12/1987,100.360000
03/13/1987,100.640000
03/16/1987,100.970000
03/17/1987,100.640000
03/18/1987,100.760000
03/19/1987,100.630000
03/20/1987,99.050000
03/23/1987,99.220000
03/24/1987,99.230000
03/25/1987,99.400000
03/26/1987,99.500000
03/27/1987,99.680000
03/30/1987,99.350000
03/31/1987,99.770000
04/01/1987,100.040000
04/02/1987,100.160000
04/03/1987,99.840000
04/06/1987,100.060000
04/07/1987,100.480000
04/08/1987,100.530000
04/09/1987,100.660000
04/10/1987,100.810000
04/13/1987,100.470000
04/14/1987,98.580000
04/15/1987,100.800000
04/16/1987,102.050000
04/20/1987,102.550000
04/21/1987,102.990000
04/22/1987,103.050000
04/23/1987,102.800000
04/24/1987,102.420000
04/27/1987,102.500000
04/28/1987,102.550000
04/29/1987,103.060000
04/30/1987,103.910000
05/01/1987,104.320000
05/04/1987,104.560000
05/05/1987,104.610000
05/06/1987,104.870000
05/07/1987,105.180000
05/08/1987,105.500000
05/11/1987,105.840000
05/12/1987,105.920000
05/13/1987,105.940000
05/14/1987,106.020000
05/15/1987,106.020000
05/18/1987,106.250000
05/19/1987,105.540000
05/20/1987,105.430000
05/21/1987,105.790000
05/22/1987,106.250000
05/26/1987,107.070000
05/27/1987,107.390000
05/28/1987,107.630000
05/29/1987,107.870000
06/01/1987,107.950000
06/02/1987,107.850000
06/03/1987,107.890000
06/04/1987,108.000000
06/05/1987,108.200000
06/08/1987,108.180000
06/09/1987,108.310000
06/10/1987,108.420000
06/11/1987,108.460000
06/12/1987,108.160000
06/15/1987,107.940000
06/16/1987,107.620000
06/17/1987,107.680000
06/18/1987,108.020000
06/19/1987,107.790000
06/22/1987,107.930000
06/23/1987,108.040000
06/24/1987,108.020000
06/25/1987,108.260000
06/26/1987,108.260000
06/29/1987,108.490000
06/30/1987,108.530000
07/01/1987,108.480000
07/02/1987,109.030000
07/06/1987,109.230000
07/07/1987,109.480000
07/08/1987,109.660000
07/09/1987,109.810000
07/10/1987,110.020000
07/13/1987,110.190000
07/14/1987,110.040000
07/15/1987,110.240000
07/16/1987,110.190000
07/17/1987,110.350000
07/20/1987,110.580000
07/21/1987,110.680000
07/22/1987,110.650000
07/23/1987,110.950000
07/24/1987,110.830000
07/27/1987,111.170000
07/28/1987,111.190000
07/29/1987,111.160000
07/30/1987,110.720000
07/31/1987,110.710000
08/03/1987,110.900000
08/04/1987,111.100000
08/05/1987,110.620000
08/06/1987,110.040000
08/07/1987,110.060000
08/10/1987,109.270000
08/11/1987,108.850000
08/12/1987,108.810000
08/13/1987,108.470000
08/14/1987,108.340000
08/17/1987,108.330000
08/18/1987,109.050000
08/19/1987,108.510000
08/20/1987,108.810000
08/21/1987,108.100000
08/24/1987,108.140000
08/25/1987,108.400000
08/26/1987,108.450000
08/27/1987,108.080000
08/28/1987,107.760000
08/31/1987,108.410000
09/01/1987,107.050000
09/02/1987,106.870000
09/03/1987,106.570000
09/04/1987,105.430000
09/08/1987,104.820000
09/09/1987,104.770000
09/10/1987,105.940000
09/11/1987,108.070000
09/14/1987,108.350000
09/15/1987,106.610000
09/16/1987,105.080000
09/17/1987,105.580000
09/18/1987,105.140000
09/21/1987,104.420000
09/22/1987,105.180000
09/23/1987,105.060000
09/24/1987,105.390000
09/25/1987,105.730000
09/28/1987,105.680000
09/29/1987,106.180000
09/30/1987,106.330000
10/01/1987,105.840000
10/02/1987,105.960000
10/05/1987,106.520000
10/06/1987,106.770000
10/07/1987,107.430000
10/08/1987,107.110000
10/09/1987,106.820000
10/12/1987,107.070000
10/13/1987,107.970000
10/14/1987,105.220000
10/15/1987,101.370000
10/16/1987,97.400000
10/19/1987,89.150000
10/20/1987,90.550000
10/21/1987,104.350000
10/22/1987,93.700000
10/23/1987,94.900000
10/26/1987,94.630000
10/27/1987,94.310000
10/28/1987,93.590000
10/29/1987,95.090000
10/30/1987,95.790000
11/02/1987,95.980000
11/03/1987,95.010000
11/04/1987,95.190000
11/05/1987,96.580000
11/06/1987,95.780000
11/09/1987,95.060000
11/10/1987,94.880000
11/11/1987,95.100000
11/12/1987,95.700000
11/13/1987,95.680000
11/16/1987,95.430000
11/17/1987,95.000000
11/18/1987,95.260000
11/19/1987,94.820000
11/20/1987,94.880000
11/23/1987,95.550000
11/24/1987,95.750000
11/25/1987,96.240000
11/27/1987,96.270000
11/30/1987,95.840000
12/01/1987,96.120000
12/02/1987,96.360000
12/03/1987,95.880000
12/04/1987,95.860000
12/07/1987,96.400000
12/08/1987,96.700000
12/09/1987,96.800000
12/10/1987,96.820000
12/11/1987,96.910000
12/14/1987,97.290000
12/15/1987,97.420000
12/16/1987,97.500000
12/17/1987,97.520000
12/18/1987,97.520000
12/21/1987,97.690000
12/22/1987,97.960000
12/23/1987,98.110000
12/24/1987,98.010000
12/28/1987,97.990000
12/29/1987,98.180000
12/30/1987,98.070000
12/31/1987,97.990000
01/04/1988,98.270000
01/05/1988,98.330000
01/06/1988,98.320000
01/07/1988,98.250000
01/08/1988,97.840000
01/11/1988,98.820000
01/12/1988,99.010000
01/13/1988,99.110000
01/14/1988,99.200000
01/15/1988,99.370000
01/18/1988,99.530000
01/19/1988,99.490000
01/20/1988,99.890000
01/21/1988,99.450000
01/22/1988,99.660000
01/25/1988,100.110000
01/26/1988,100.190000
01/27/1988,99.930000
01/28/1988,100.920000
01/29/1988,100.170000
02/01/1988,100.080000
02/02/1988,101.050000
02/03/1988,101.190000
02/04/1988,101.360000
02/05/1988,101.820000
02/08/1988,102.050000
02/09/1988,102.020000
02/10/1988,101.570000
02/11/1988,102.060000
02/12/1988,102.520000
02/16/1988,102.720000
02/17/1988,102.860000
02/18/1988,103.060000
02/19/1988,103.060000
02/22/1988,103.080000
02/23/1988,103.030000
02/24/1988,103.090000
02/25/1988,103.100000
02/26/1988,103.260000
02/29/1988,103.340000
03/01/1988,103.400000
03/02/1988,103.430000
03/03/1988,103.550000
03/04/1988,103.900000
03/07/1988,104.080000
03/08/1988,104.010000
03/09/1988,104.170000
03/10/1988,104.490000
03/11/1988,104.600000
03/14/1988,104.660000
03/15/1988,104.780000
03/16/1988,104.680000
03/17/1988,104.750000
03/18/1988,104.900000
03/21/1988,104.960000
03/22/1988,105.020000
03/23/1988,105.160000
03/24/1988,104.480000
03/25/1988,103.830000
03/28/1988,104.080000
03/29/1988,104.300000
03/30/1988,103.980000
03/31/1988,104.350000
04/04/1988,104.120000
04/05/1988,105.080000
04/06/1988,106.140000
04/07/1988,106.160000
04/08/1988,106.280000
04/11/1988,106.310000
04/12/1988,106.380000
04/13/1988,106.440000
04/14/1988,105.610000
04/15/1988,106.540000
04/18/1988,106.840000
04/19/1988,107.260000
04/20/1988,107.120000
04/21/1988,106.960000
04/22/1988,107.090000
04/25/1988,107.230000
04/26/1988,107.150000
04/27/1988,107.350000
04/28/1988,107.500000
04/29/1988,107.620000
05/02/1988,107.890000
05/03/1988,107.800000
05/04/1988,107.950000
05/05/1988,108.150000
05/06/1988,108.120000
05/09/1988,108.240000
05/10/1988,108.350000
05/11/1988,108.050000
05/12/1988,108.250000
05/13/1988,108.490000
05/16/1988,108.520000
05/17/1988,108.540000
05/18/1988,108.530000
05/19/1988,108.690000
05/20/1988,108.770000
05/23/1988,108.880000
05/24/1988,108.840000
05/25/1988,109.070000
05/26/1988,109.150000
05/27/1988,109.350000
05/31/1988,108.070000
06/01/1988,107.740000
06/02/1988,107.850000
06/03/1988,107.740000
06/06/1988,107.800000
06/07/1988,108.520000
06/08/1988,106.340000
06/09/1988,106.800000
06/10/1988,106.390000
06/13/1988,106.700000
06/14/1988,105.630000
06/15/1988,105.320000
06/16/1988,107.750000
06/17/1988,107.570000
06/20/1988,107.710000
06/21/1988,107.920000
06/22/1988,107.890000
06/23/1988,108.010000
06/24/1988,107.950000
06/27/1988,107.960000
06/28/1988,108.240000
06/29/1988,108.240000
06/30/1988,108.410000
07/01/1988,108.550000
07/05/1988,108.720000
07/06/1988,108.690000
07/07/1988,108.910000
07/08/1988,108.970000
07/11/1988,109.160000
07/12/1988,109.070000
07/13/1988,109.300000
07/14/1988,109.380000
07/15/1988,109.420000
07/18/1988,109.580000
07/19/1988,109.350000
07/20/1988,109.340000
07/21/1988,109.100000
07/22/1988,108.930000
07/25/1988,109.270000
07/26/1988,109.570000
07/27/1988,109.240000
07/28/1988,109.870000
07/29/1988,110.310000
08/01/1988,110.490000
08/02/1988,110.700000
08/03/1988,110.740000
08/04/1988,110.880000
08/05/1988,110.920000
08/08/1988,110.960000
08/09/1988,110.590000
08/10/1988,110.070000
08/11/1988,110.490000
08/12/1988,110.490000
08/15/1988,109.890000
08/16/1988,110.660000
08/17/1988,110.890000
08/18/1988,111.280000
08/19/1988,111.690000
08/22/1988,111.420000
08/23/1988,111.730000
08/24/1988,112.170000
08/25/1988,112.310000
08/26/1988,112.550000
08/29/1988,112.800000
08/30/1988,113.040000
08/31/1988,113.110000
09/01/1988,112.740000
09/02/1988,113.260000
09/06/1988,113.420000
09/07/1988,113.580000
09/08/1988,113.680000
09/09/1988,113.720000
09/12/1988,113.930000
09/13/1988,113.970000
09/14/1988,113.920000
09/15/1988,114.130000
09/16/1988,114.180000
09/19/1988,114.240000
09/20/1988,114.310000
09/21/1988,114.390000
09/22/1988,114.460000
09/23/1988,114.560000
09/26/1988,114.690000
09/27/1988,114.690000
09/28/1988,114.850000
09/29/1988,114.840000
09/30/1988,114.860000
10/03/1988,115.120000
10/04/1988,115.270000
10/05/1988,115.110000
10/06/1988,115.110000
10/07/1988,114.430000
10/10/1988,114.610000
10/11/1988,114.630000
10/12/1988,115.210000
10/13/1988,115.180000
10/14/1988,115.240000
10/17/1988,115.240000
10/18/1988,114.480000
10/19/1988,115.280000
10/20/1988,113.910000
10/21/1988,113.730000
10/24/1988,113.710000
10/25/1988,113.720000
10/26/1988,113.630000
10/27/1988,113.190000
10/28/1988,113.600000
10/31/1988,113.710000
11/01/1988,113.840000
11/02/1988,114.000000
11/03/1988,114.010000
11/04/1988,113.670000
11/07/1988,113.540000
11/08/1988,113.560000
11/09/1988,113.780000
11/10/1988,113.860000
11/11/1988,111.680000
11/14/1988,111.930000
11/15/1988,112.060000
11/16/1988,109.340000
11/17/1988,110.120000
11/18/1988,111.120000
11/21/1988,111.420000
11/22/1988,111.630000
11/23/1988,111.690000
11/25/1988,111.660000
11/28/1988,112.040000
11/29/1988,112.100000
11/30/1988,111.980000
12/01/1988,112.010000
12/02/1988,112.170000
12/05/1988,112.070000
12/06/1988,111.490000
12/07/1988,111.390000
12/08/1988,111.740000
12/09/1988,112.070000
12/12/1988,112.510000
12/13/1988,112.640000
12/14/1988,112.970000
12/15/1988,113.040000
12/16/1988,113.090000
12/19/1988,113.350000
12/20/1988,113.370000
12/21/1988,113.350000
12/22/1988,113.490000
12/23/1988,113.540000
12/27/1988,113.800000
12/28/1988,113.900000
12/29/1988,113.900000
12/30/1988,114.090000
01/03/1989,114.090000
01/04/1989,114.550000
01/05/1989,114.550000
01/06/1989,114.690000
01/09/1989,114.820000
01/10/1989,114.930000
01/11/1989,114.960000
01/12/1989,115.060000
01/13/1989,115.170000
01/16/1989,115.340000
01/17/1989,115.440000
01/18/1989,115.300000
01/19/1989,115.490000
01/20/1989,115.580000
01/23/1989,115.380000
01/24/1989,116.020000
01/25/1989,116.070000
01/26/1989,116.020000
01/27/1989,115.750000
01/30/1989,115.960000
01/31/1989,115.910000
02/01/1989,116.100000
02/02/1989,116.220000
02/03/1989,116.270000
02/06/1989,116.610000
02/07/1989,116.070000
02/08/1989,116.190000
02/09/1989,116.730000
02/10/1989,117.190000
02/13/1989,117.460000
02/14/1989,117.510000
02/15/1989,117.620000
02/16/1989,117.690000
02/17/1989,117.690000
02/21/1989,117.750000
02/22/1989,117.080000
02/23/1989,117.280000
02/24/1989,116.090000
02/27/1989,116.600000
02/28/1989,117.020000
03/01/1989,116.570000
03/02/1989,117.700000
03/03/1989,118.150000
03/06/1989,118.920000
03/07/1989,118.970000
03/08/1989,119.080000
03/09/1989,119.100000
03/10/1989,119.160000
03/13/1989,119.660000
03/14/1989,119.710000
03/15/1989,120.040000
03/16/1989,120.160000
03/17/1989,120.160000
03/20/1989,120.170000
03/21/1989,120.660000
03/22/1989,120.560000
03/23/1989,120.510000
03/27/1989,120.860000
03/28/1989,121.130000
03/29/1989,121.440000
03/30/1989,121.470000
03/31/1989,121.650000
04/03/1989,121.960000
04/04/1989,121.990000
04/05/1989,122.140000
04/06/1989,122.020000
04/07/1989,122.280000
04/10/1989,122.410000
04/11/1989,122.440000
04/12/1989,122.520000
04/13/1989,122.500000
04/14/1989,122.680000
04/17/1989,122.860000
04/18/1989,122.660000
04/19/1989,122.610000
04/20/1989,122.940000
04/21/1989,122.990000
04/24/1989,123.070000
04/25/1989,123.140000
04/26/1989,123.170000
04/27/1989,123.160000
04/28/1989,123.320000
05/01/1989,123.750000
05/02/1989,123.810000
05/03/1989,124.080000
05/04/1989,124.150000
05/05/1989,124.370000
05/08/1989,124.770000
05/09/1989,124.560000
05/10/1989,124.830000
05/11/1989,125.020000
05/12/1989,124.290000
05/15/1989,123.640000
05/16/1989,123.940000
05/17/1989,122.600000
05/18/1989,122.240000
05/19/1989,120.000000
05/22/1989,120.090000
05/23/1989,120.230000
05/24/1989,120.640000
05/25/1989,120.900000
05/26/1989,121.100000
05/30/1989,121.220000
05/31/1989,121.500000
06/01/1989,121.620000
06/02/1989,121.400000
06/05/1989,121.960000
06/06/1989,122.020000
06/07/1989,121.680000
06/08/1989,121.750000
06/09/1989,121.980000
06/12/1989,122.450000
06/13/1989,122.850000
06/14/1989,122.950000
06/15/1989,123.080000
06/16/1989,123.230000
06/19/1989,123.820000
06/20/1989,123.780000
06/21/1989,123.720000
06/22/1989,124.100000
06/23/1989,123.890000
06/26/1989,124.200000
06/27/1989,124.060000
06/28/1989,124.370000
06/29/1989,123.930000
06/30/1989,123.560000
07/03/1989,124.000000
07/05/1989,124.630000
07/06/1989,124.820000
07/07/1989,125.440000
07/10/1989,125.430000
07/11/1989,125.230000
07/12/1989,125.140000
07/13/1989,125.050000
07/14/1989,125.230000
07/17/1989,124.960000
07/18/1989,125.780000
07/19/1989,124.300000
07/20/1989,126.210000
07/21/1989,125.510000
07/24/1989,125.770000
07/25/1989,125.850000
07/26/1989,126.120000
07/27/1989,125.960000
07/28/1989,126.010000
07/31/1989,126.010000
08/01/1989,126.310000
08/02/1989,126.010000
08/03/1989,125.880000
08/04/1989,126.330000
08/07/1989,125.750000
08/08/1989,125.860000
08/09/1989,126.310000
08/10/1989,126.120000
08/11/1989,126.780000
08/14/1989,127.210000
08/15/1989,127.310000
08/16/1989,127.390000
08/17/1989,127.710000
08/18/1989,127.810000
08/21/1989,127.770000
08/22/1989,128.180000
08/23/1989,128.390000
08/24/1989,127.930000
08/25/1989,128.080000
08/28/1989,128.170000
08/29/1989,128.480000
08/30/1989,128.590000
08/31/1989,128.750000
09/01/1989,128.760000
09/05/1989,129.090000
09/06/1989,129.420000
09/07/1989,129.710000
09/08/1989,129.750000
09/11/1989,130.010000
09/12/1989,130.060000
09/13/1989,130.060000
09/14/1989,130.070000
09/15/1989,130.150000
09/18/1989,130.360000
09/19/1989,130.530000
09/20/1989,130.560000
09/21/1989,130.680000
09/22/1989,130.820000
09/25/1989,130.940000
09/26/1989,131.090000
09/27/1989,131.290000
09/28/1989,131.380000
09/29/1989,131.530000
10/02/1989,131.570000
10/03/1989,130.970000
10/04/1989,130.450000
10/05/1989,130.430000
10/06/1989,130.340000
10/09/1989,130.240000
10/10/1989,130.400000
10/11/1989,131.280000
10/12/1989,131.870000
10/13/1989,130.300000
10/16/1989,132.410000
10/17/1989,131.740000
10/18/1989,132.300000
10/19/1989,132.780000
10/20/1989,132.920000
10/23/1989,133.080000
10/24/1989,132.960000
10/25/1989,132.990000
10/26/1989,132.880000
10/27/1989,132.780000
10/30/1989,133.030000
10/31/1989,133.400000
11/01/1989,133.450000
11/02/1989,133.380000
11/03/1989,133.440000
11/06/1989,133.400000
11/07/1989,133.540000
11/08/1989,133.730000
11/09/1989,133.720000
11/10/1989,133.840000
11/13/1989,133.980000
11/14/1989,133.980000
11/15/1989,134.080000
11/16/1989,134.140000
11/17/1989,134.160000
11/20/1989,134.230000
11/21/1989,134.360000
11/22/1989,134.500000
11/24/1989,134.680000
11/27/1989,134.830000
11/28/1989,134.840000
11/29/1989,134.820000
11/30/1989,134.850000
12/01/1989,134.400000
12/04/1989,134.620000
12/05/1989,135.010000
12/06/1989,135.330000
12/07/1989,135.500000
12/08/1989,135.640000
12/11/1989,135.810000
12/12/1989,135.520000
12/13/1989,135.520000
12/14/1989,136.000000
12/15/1989,136.130000
12/18/1989,135.650000
12/19/1989,135.510000
12/20/1989,135.660000
12/21/1989,136.140000
12/22/1989,136.700000
12/26/1989,136.790000
12/27/1989,137.230000
12/28/1989,137.250000
12/29/1989,137.280000
01/02/1990,137.050000
01/03/1990,136.780000
01/04/1990,137.360000
01/05/1990,137.530000
01/08/1990,137.820000
01/09/1990,137.840000
01/10/1990,137.660000
01/11/1990,138.200000
01/12/1990,135.960000
01/15/1990,135.800000
01/16/1990,137.420000
01/17/1990,136.130000
01/18/1990,137.540000
01/19/1990,138.920000
01/22/1990,137.290000
01/23/1990,138.580000
01/24/1990,138.460000
01/25/1990,137.540000
01/26/1990,137.540000
01/29/1990,137.500000
01/30/1990,137.000000
01/31/1990,138.640000
02/01/1990,139.040000
02/02/1990,139.190000
02/05/1990,139.850000
02/06/1990,139.640000
02/07/1990,140.460000
02/08/1990,140.660000
02/09/1990,140.800000
02/12/1990,140.490000
02/13/1990,140.990000
02/14/1990,141.310000
02/15/1990,141.690000
02/16/1990,141.680000
02/20/1990,141.010000
02/21/1990,141.150000
02/22/1990,141.020000
02/23/1990,140.670000
02/26/1990,141.930000
02/27/1990,142.210000
02/28/1990,142.540000
03/01/1990,142.710000
03/02/1990,143.040000
03/05/1990,143.210000
03/06/1990,143.670000
03/07/1990,143.580000
03/08/1990,143.770000
03/09/1990,143.870000
03/12/1990,144.110000
03/13/1990,144.030000
03/14/1990,144.190000
03/15/1990,144.320000
03/16/1990,144.450000
03/19/1990,144.610000
03/20/1990,144.270000
03/21/1990,144.320000
03/22/1990,143.930000
03/23/1990,144.190000
03/26/1990,144.350000
03/27/1990,144.760000
03/28/1990,144.890000
03/29/1990,144.820000
03/30/1990,144.670000
04/02/1990,144.820000
04/03/1990,145.210000
04/04/1990,144.930000
04/05/1990,145.230000
04/06/1990,145.290000
04/09/1990,145.670000
04/10/1990,145.860000
04/11/1990,146.050000
04/12/1990,146.160000
04/16/1990,146.240000
04/17/1990,146.440000
04/18/1990,146.310000
04/19/1990,146.410000
04/20/1990,146.530000
04/23/1990,146.630000
04/24/1990,146.730000
04/25/1990,146.850000
04/26/1990,146.950000
04/27/1990,146.700000
04/30/1990,147.010000
05/01/1990,147.170000
05/02/1990,147.310000
05/03/1990,147.430000
05/04/1990,147.510000
05/07/1990,147.600000
05/08/1990,147.610000
05/09/1990,147.620000
05/10/1990,147.650000
05/11/1990,147.030000
05/14/1990,146.740000
05/15/1990,146.870000
05/16/1990,147.070000
05/17/1990,147.030000
05/18/1990,147.100000
05/21/1990,146.750000
05/22/1990,146.450000
05/23/1990,146.440000
05/24/1990,146.300000
05/25/1990,147.210000
05/29/1990,146.510000
05/30/1990,146.840000
05/31/1990,146.900000
06/01/1990,146.620000
06/04/1990,145.120000
06/05/1990,145.740000
06/06/1990,146.410000
06/07/1990,147.720000
06/08/1990,148.750000
06/11/1990,148.800000
06/12/1990,147.050000
06/13/1990,148.090000
06/14/1990,149.250000
06/15/1990,150.060000
06/18/1990,149.740000
06/19/1990,150.080000
06/20/1990,150.170000
06/21/1990,150.450000
06/22/1990,149.930000
06/25/1990,149.090000
06/26/1990,148.870000
06/27/1990,149.720000
06/28/1990,150.480000
06/29/1990,150.480000
07/02/1990,151.170000
07/03/1990,151.100000
07/05/1990,150.470000
07/06/1990,151.070000
07/09/1990,151.700000
07/10/1990,151.290000
07/11/1990,152.050000
07/12/1990,152.240000
07/13/1990,152.200000
07/16/1990,152.550000
07/17/1990,152.580000
07/18/1990,152.710000
07/19/1990,152.830000
07/20/1990,152.480000
07/23/1990,151.070000
07/24/1990,151.620000
07/25/1990,151.970000
07/26/1990,151.470000
07/27/1990,150.950000
07/30/1990,151.740000
07/31/1990,151.920000
08/01/1990,151.830000
08/02/1990,150.670000
08/03/1990,148.240000
08/06/1990,144.470000
08/07/1990,144.200000
08/08/1990,144.860000
08/09/1990,145.130000
08/10/1990,143.480000
08/13/1990,144.070000
08/14/1990,144.080000
08/15/1990,144.420000
08/16/1990,140.470000
08/17/1990,140.310000
08/20/1990,140.570000
08/21/1990,140.270000
08/22/1990,139.790000
08/23/1990,138.720000
08/24/1990,139.400000
08/27/1990,140.810000
08/28/1990,140.890000
08/29/1990,141.250000
08/30/1990,140.750000
08/31/1990,141.110000
09/04/1990,141.520000
09/05/1990,141.710000
09/06/1990,141.520000
09/07/1990,141.840000
09/10/1990,141.950000
09/11/1990,142.170000
09/12/1990,142.310000
09/13/1990,142.190000
09/14/1990,142.220000
09/17/1990,142.520000
09/18/1990,142.630000
09/19/1990,142.680000
09/20/1990,142.630000
09/21/1990,142.910000
09/24/1990,142.780000
09/25/1990,143.130000
09/26/1990,143.120000
09/27/1990,142.920000
09/28/1990,143.220000
10/01/1990,143.550000
10/02/1990,143.770000
10/03/1990,143.770000
10/04/1990,143.850000
10/05/1990,144.000000
10/08/1990,144.160000
10/09/1990,143.860000
10/10/1990,143.700000
10/11/1990,143.150000
10/12/1990,143.860000
10/15/1990,144.440000
10/16/1990,144.270000
10/17/1990,144.320000
10/18/1990,144.810000
10/19/1990,145.030000
10/22/1990,145.260000
10/23/1990,145.290000
10/24/1990,145.380000
10/25/1990,145.440000
10/26/1990,145.090000
10/29/1990,145.240000
10/30/1990,145.540000
10/31/1990,145.640000
11/01/1990,145.790000
11/02/1990,145.950000
11/05/1990,146.180000
11/06/1990,146.330000
11/07/1990,146.310000
11/08/1990,146.360000
11/09/1990,146.560000
11/12/1990,146.680000
11/13/1990,146.810000
11/14/1990,146.860000
11/15/1990,146.970000
11/16/1990,147.280000
11/19/1990,147.520000
11/20/1990,147.580000
11/21/1990,147.780000
11/23/1990,147.790000
11/26/1990,147.970000
11/27/1990,148.050000
11/28/1990,148.160000
11/29/1990,148.060000
11/30/1990,148.280000
12/03/1990,148.500000
12/04/1990,148.390000
12/05/1990,148.040000
12/06/1990,147.940000
12/07/1990,148.380000
12/10/1990,148.470000
12/11/1990,148.760000
12/12/1990,148.420000
12/13/1990,148.890000
12/14/1990,149.240000
12/17/1990,149.450000
12/18/1990,149.400000
12/19/1990,149.550000
12/20/1990,149.690000
12/21/1990,149.910000
12/24/1990,149.830000
12/26/1990,150.210000
12/27/1990,150.380000
12/28/1990,150.470000
12/31/1990,150.560000
01/02/1991,150.590000
01/03/1991,150.180000
01/04/1991,150.110000
01/07/1991,149.300000
01/08/1991,148.900000
01/09/1991,147.880000
01/10/1991,149.180000
01/11/1991,149.080000
01/14/1991,148.440000
01/15/1991,148.890000
01/16/1991,150.430000
01/17/1991,152.170000
01/18/1991,152.460000
01/21/1991,152.660000
01/22/1991,152.610000
01/23/1991,152.740000
01/24/1991,152.850000
01/25/1991,152.910000
01/28/1991,153.050000
01/29/1991,153.090000
01/30/1991,153.050000
01/31/1991,153.030000
02/01/1991,153.070000
02/04/1991,152.880000
02/05/1991,152.740000
02/06/1991,152.480000
02/07/1991,152.600000
02/08/1991,152.510000
02/11/1991,152.540000
02/12/1991,152.590000
02/13/1991,152.550000
02/14/1991,152.570000
02/15/1991,152.840000
02/19/1991,152.980000
02/20/1991,152.840000
02/21/1991,153.000000
02/22/1991,152.970000
02/25/1991,153.270000
02/26/1991,153.540000
02/27/1991,153.850000
02/28/1991,153.950000
03/04/1991,154.220000
03/05/1991,153.540000
03/06/1991,153.810000
03/07/1991,153.950000
03/08/1991,154.150000
03/11/1991,154.650000
03/12/1991,155.060000
03/13/1991,154.870000
03/14/1991,155.110000
03/15/1991,155.770000
03/18/1991,155.510000
03/19/1991,155.140000
03/20/1991,155.520000
03/21/1991,154.950000
03/22/1991,155.010000
03/25/1991,155.820000
03/26/1991,156.610000
03/27/1991,156.490000
03/28/1991,156.290000
04/01/1991,156.380000
04/02/1991,156.850000
04/03/1991,156.720000
04/04/1991,156.900000
04/05/1991,157.030000
04/08/1991,157.460000
04/09/1991,157.370000
04/10/1991,157.600000
04/11/1991,157.780000
04/12/1991,157.800000
04/15/1991,158.010000
04/16/1991,157.770000
04/17/1991,157.650000
04/18/1991,158.140000
04/19/1991,158.200000
04/22/1991,158.100000
04/23/1991,158.090000
04/24/1991,158.410000
04/25/1991,158.060000
04/26/1991,158.000000
04/29/1991,157.280000
04/30/1991,157.600000
05/01/1991,158.750000
05/02/1991,158.950000
05/03/1991,159.320000
05/06/1991,159.480000
05/07/1991,159.000000
05/08/1991,159.470000
05/09/1991,160.320000
05/10/1991,158.600000
05/13/1991,159.540000
05/14/1991,157.350000
05/15/1991,155.790000
05/16/1991,158.850000
05/17/1991,159.290000
05/20/1991,159.240000
05/21/1991,159.260000
05/22/1991,159.470000
05/23/1991,159.650000
05/24/1991,159.550000
05/28/1991,158.910000
05/29/1991,158.810000
05/30/1991,157.740000
05/31/1991,157.200000
06/03/1991,157.550000
06/04/1991,157.950000
06/05/1991,158.700000
06/06/1991,159.180000
06/07/1991,160.350000
06/10/1991,160.590000
06/11/1991,160.300000
06/12/1991,161.050000
06/13/1991,161.050000
06/14/1991,160.690000
06/17/1991,161.260000
06/18/1991,161.650000
06/19/1991,161.850000
06/20/1991,161.950000
06/21/1991,162.250000
06/24/1991,161.680000
06/25/1991,161.520000
06/26/1991,162.210000
06/27/1991,162.470000
06/28/1991,162.150000
07/01/1991,162.980000
07/02/1991,163.150000
07/03/1991,162.900000
07/05/1991,163.440000
07/08/1991,163.600000
07/09/1991,163.900000
07/10/1991,164.350000
07/11/1991,164.650000
07/12/1991,164.800000
07/15/1991,165.050000
07/16/1991,165.460000
07/17/1991,165.590000
07/18/1991,165.610000
07/19/1991,165.950000
07/22/1991,166.070000
07/23/1991,165.920000
07/24/1991,166.100000
07/25/1991,166.490000
07/26/1991,166.620000
07/29/1991,167.000000
07/30/1991,167.140000
07/31/1991,167.180000
08/01/1991,167.180000
08/02/1991,167.370000
08/05/1991,167.650000
08/06/1991,167.250000
08/07/1991,167.390000
08/08/1991,167.570000
08/09/1991,168.060000
08/12/1991,168.190000
08/13/1991,168.210000
08/14/1991,168.290000
08/15/1991,168.440000
08/16/1991,168.330000
08/19/1991,166.910000
08/20/1991,167.680000
08/21/1991,168.840000
08/22/1991,169.190000
08/23/1991,169.050000
08/26/1991,169.220000
08/27/1991,169.390000
08/28/1991,169.060000
08/29/1991,169.480000
08/30/1991,169.750000
09/03/1991,170.050000
09/04/1991,170.200000
09/05/1991,170.300000
09/06/1991,170.570000
09/09/1991,170.580000
09/10/1991,170.530000
09/11/1991,170.680000
09/12/1991,170.970000
09/13/1991,170.910000
09/16/1991,171.270000
09/17/1991,171.380000
09/18/1991,171.480000
09/19/1991,171.580000
09/20/1991,171.690000
09/23/1991,172.110000
09/24/1991,172.180000
09/25/1991,172.430000
09/26/1991,172.530000
09/27/1991,172.580000
09/30/1991,172.980000
10/01/1991,173.020000
10/02/1991,173.080000
10/03/1991,172.940000
10/04/1991,172.820000
10/07/1991,172.460000
10/08/1991,173.050000
10/09/1991,172.290000
10/10/1991,173.210000
10/11/1991,173.660000
10/14/1991,174.310000
10/15/1991,174.390000
10/16/1991,174.410000
10/17/1991,174.670000
10/18/1991,174.920000
10/21/1991,174.900000
10/22/1991,174.860000
10/23/1991,175.100000
10/24/1991,174.290000
10/25/1991,174.230000
10/28/1991,175.610000
10/29/1991,175.740000
10/30/1991,176.030000
10/31/1991,176.190000
11/01/1991,176.160000
11/04/1991,176.320000
11/05/1991,176.350000
11/06/1991,176.590000
11/07/1991,176.880000
11/08/1991,176.980000
11/11/1991,177.240000
11/12/1991,177.310000
11/13/1991,177.360000
11/14/1991,177.480000
11/15/1991,174.950000
11/18/1991,175.990000
11/19/1991,174.760000
11/20/1991,174.280000
11/21/1991,174.310000
11/22/1991,173.440000
11/25/1991,173.020000
11/26/1991,174.140000
11/27/1991,173.330000
11/29/1991,173.430000
12/02/1991,175.620000
12/03/1991,175.590000
12/04/1991,175.290000
12/05/1991,174.340000
12/06/1991,174.860000
12/09/1991,174.590000
12/10/1991,174.680000
12/11/1991,174.480000
12/12/1991,176.760000
12/13/1991,177.950000
12/16/1991,178.650000
12/17/1991,178.240000
12/18/1991,178.400000
12/19/1991,178.060000
12/20/1991,180.480000
12/23/1991,179.450000
12/24/1991,179.280000
12/26/1991,178.190000
12/27/1991,177.920000
12/30/1991,176.650000
12/31/1991,176.230000
01/02/1992,176.300000
01/03/1992,176.140000
01/06/1992,175.910000
01/07/1992,176.360000
01/08/1992,176.000000
01/09/1992,175.670000
01/10/1992,176.190000
01/13/1992,176.120000
01/14/1992,175.640000
01/15/1992,175.660000
01/16/1992,175.500000
01/17/1992,175.580000
01/20/1992,175.900000
01/21/1992,175.560000
01/22/1992,176.160000
01/23/1992,175.820000
01/24/1992,176.060000
01/27/1992,176.240000
01/28/1992,176.020000
01/29/1992,175.780000
01/30/1992,175.980000
01/31/1992,175.490000
02/03/1992,175.770000
02/04/1992,176.540000
02/05/1992,176.690000
02/06/1992,176.770000
02/07/1992,176.640000
02/10/1992,177.060000
02/11/1992,177.280000
02/12/1992,177.540000
02/13/1992,177.380000
02/14/1992,177.510000
02/18/1992,177.330000
02/19/1992,177.730000
02/20/1992,178.010000
02/21/1992,178.050000
02/24/1992,178.270000
02/25/1992,178.360000
02/26/1992,178.520000
02/27/1992,178.650000
02/28/1992,178.780000
03/02/1992,179.060000
03/03/1992,179.060000
03/04/1992,178.780000
03/05/1992,178.580000
03/06/1992,178.240000
03/09/1992,178.640000
03/10/1992,179.290000
03/11/1992,178.770000
03/12/1992,178.900000
03/13/1992,179.420000
03/16/1992,179.840000
03/17/1992,180.240000
03/18/1992,180.350000
03/19/1992,180.440000
03/20/1992,180.640000
03/23/1992,180.890000
03/24/1992,181.280000
03/25/1992,181.400000
03/26/1992,181.380000
03/27/1992,180.790000
03/30/1992,181.140000
03/31/1992,180.820000
04/01/1992,181.640000
04/02/1992,180.590000
04/03/1992,181.020000
04/06/1992,182.210000
04/07/1992,180.050000
04/08/1992,178.930000
04/09/1992,182.100000
04/10/1992,182.460000
04/13/1992,183.000000
04/14/1992,183.220000
04/15/1992,183.380000
04/16/1992,183.840000
04/20/1992,183.360000
04/21/1992,183.580000
04/22/1992,183.460000
04/23/1992,183.870000
04/24/1992,183.580000
04/27/1992,183.770000
04/28/1992,183.940000
04/29/1992,184.390000
04/30/1992,184.810000
05/01/1992,184.600000
05/04/1992,185.000000
05/05/1992,185.130000
05/06/1992,185.240000
05/07/1992,185.280000
05/08/1992,185.560000
05/11/1992,185.790000
05/12/1992,185.800000
05/13/1992,185.880000
05/14/1992,185.930000
05/15/1992,186.270000
05/18/1992,186.650000
05/19/1992,186.500000
05/20/1992,186.640000
05/21/1992,186.940000
05/22/1992,187.170000
05/26/1992,187.380000
05/27/1992,187.470000
05/28/1992,187.330000
05/29/1992,187.530000
06/01/1992,187.670000
06/02/1992,187.950000
06/03/1992,188.090000
06/04/1992,188.130000
06/05/1992,188.310000
06/08/1992,188.410000
06/09/1992,188.390000
06/10/1992,188.260000
06/11/1992,188.510000
06/12/1992,188.740000
06/15/1992,188.890000
06/16/1992,188.880000
06/17/1992,188.450000
06/18/1992,188.870000
06/19/1992,189.150000
06/22/1992,189.240000
06/23/1992,189.370000
06/24/1992,189.410000
06/25/1992,189.440000
06/26/1992,189.580000
06/29/1992,189.670000
06/30/1992,189.740000
07/01/1992,189.430000
07/02/1992,189.570000
07/06/1992,189.500000
07/07/1992,189.810000
07/08/1992,189.920000
07/09/1992,189.640000
07/10/1992,189.600000
07/13/1992,189.790000
07/14/1992,189.350000
07/15/1992,189.700000
07/16/1992,189.570000
07/17/1992,190.360000
07/20/1992,190.440000
07/21/1992,190.520000
07/22/1992,190.080000
07/23/1992,190.430000
07/24/1992,190.470000
07/27/1992,190.670000
07/28/1992,190.970000
07/29/1992,190.380000
07/30/1992,190.330000
07/31/1992,190.500000
08/03/1992,190.610000
08/04/1992,190.650000
08/05/1992,191.000000
08/06/1992,191.320000
08/07/1992,191.610000
08/10/1992,191.770000
08/11/1992,191.850000
08/12/1992,192.010000
08/13/1992,192.070000
08/14/1992,192.240000
08/17/1992,192.440000
08/18/1992,192.480000
08/19/1992,192.560000
08/20/1992,192.630000
08/21/1992,192.330000
08/24/1992,191.660000
08/25/1992,192.330000
08/26/1992,192.980000
08/27/1992,193.290000
08/28/1992,193.660000
08/31/1992,193.860000
09/01/1992,194.100000
09/02/1992,194.230000
09/03/1992,194.440000
09/04/1992,194.360000
09/08/1992,194.590000
09/09/1992,194.880000
09/10/1992,195.080000
09/11/1992,195.120000
09/14/1992,194.870000
09/15/1992,195.310000
09/16/1992,195.350000
09/17/1992,195.450000
09/18/1992,195.450000
09/21/1992,195.490000
09/22/1992,195.500000
09/23/1992,195.520000
09/24/1992,195.530000
09/25/1992,195.540000
09/28/1992,195.580000
09/29/1992,195.590000
09/30/1992,195.600000
10/01/1992,195.620000
10/02/1992,195.630000
10/05/1992,195.670000
10/06/1992,195.680000
10/07/1992,195.690000
10/08/1992,195.700000
10/09/1992,195.720000
10/12/1992,195.760000
10/13/1992,195.770000
10/14/1992,195.780000
10/15/1992,195.790000
10/16/1992,197.700000
10/19/1992,197.750000
10/20/1992,197.810000
10/21/1992,197.870000
10/22/1992,198.010000
10/23/1992,198.180000
10/26/1992,198.100000
10/27/1992,198.190000
10/28/1992,198.010000
10/29/1992,198.070000
10/30/1992,198.250000
11/02/1992,197.800000
11/03/1992,198.160000
11/04/1992,198.940000
11/05/1992,198.950000
11/06/1992,199.140000
11/09/1992,199.350000
11/10/1992,199.420000
11/11/1992,199.060000
11/12/1992,198.980000
11/13/1992,199.170000
11/16/1992,199.660000
11/17/1992,199.870000
11/18/1992,199.790000
11/19/1992,199.900000
11/20/1992,198.790000
11/23/1992,199.180000
11/24/1992,199.120000
11/25/1992,199.210000
11/27/1992,199.270000
11/30/1992,199.290000
12/01/1992,199.590000
12/02/1992,199.980000
12/03/1992,200.170000
12/04/1992,199.940000
12/07/1992,199.330000
12/08/1992,198.740000
12/09/1992,199.060000
12/10/1992,199.830000
12/11/1992,200.320000
12/14/1992,200.980000
12/15/1992,201.090000
12/16/1992,201.590000
12/17/1992,200.970000
12/18/1992,199.090000
12/21/1992,199.180000
12/22/1992,199.450000
12/23/1992,199.490000
12/24/1992,199.530000
12/28/1992,199.810000
12/29/1992,199.610000
12/30/1992,199.820000
12/31/1992,199.880000
01/04/1993,199.950000
01/05/1993,200.310000
01/06/1993,200.530000
01/07/1993,198.990000
01/08/1993,199.280000
01/11/1993,200.320000
01/12/1993,200.770000
01/13/1993,201.360000
01/14/1993,201.810000
01/15/1993,201.760000
01/18/1993,202.270000
01/19/1993,202.190000
01/20/1993,201.950000
01/21/1993,202.250000
01/22/1993,202.720000
01/25/1993,202.830000
01/26/1993,202.800000
01/27/1993,202.890000
01/28/1993,202.880000
01/29/1993,202.920000
02/01/1993,203.090000
02/02/1993,203.050000
02/03/1993,202.300000
02/04/1993,201.570000
02/05/1993,201.940000
02/08/1993,202.110000
02/09/1993,202.910000
02/10/1993,202.950000
02/11/1993,202.730000
02/12/1993,203.620000
02/16/1993,203.570000
02/17/1993,203.910000
02/18/1993,204.390000
02/19/1993,204.300000
02/22/1993,204.480000
02/23/1993,204.580000
02/24/1993,203.800000
02/25/1993,203.930000
02/26/1993,203.920000
03/01/1993,204.440000
03/02/1993,202.880000
03/03/1993,202.360000
03/04/1993,203.020000
03/05/1993,203.600000
03/08/1993,199.630000
03/09/1993,200.140000
03/10/1993,199.700000
03/11/1993,200.300000
03/12/1993,202.640000
03/15/1993,201.960000
03/16/1993,202.270000
03/17/1993,204.010000
03/18/1993,202.520000
03/19/1993,200.510000
03/22/1993,200.740000
03/23/1993,201.100000
03/24/1993,201.250000
03/25/1993,201.700000
03/26/1993,201.320000
03/29/1993,201.780000
03/30/1993,202.050000
03/31/1993,202.060000
04/01/1993,201.900000
04/02/1993,200.160000
04/05/1993,200.940000
04/06/1993,200.890000
04/07/1993,201.610000
04/08/1993,201.720000
04/12/1993,203.030000
04/13/1993,203.120000
04/14/1993,203.190000
04/15/1993,203.300000
04/16/1993,203.400000
04/19/1993,203.350000
04/20/1993,203.370000
04/21/1993,203.680000
04/22/1993,202.760000
04/23/1993,201.880000
04/26/1993,200.580000
04/27/1993,202.690000
04/28/1993,202.760000
04/29/1993,203.400000
04/30/1993,203.450000
05/03/1993,204.500000
05/04/1993,205.020000
05/05/1993,205.140000
05/06/1993,204.800000
05/07/1993,205.040000
05/10/1993,205.160000
05/11/1993,205.660000
05/12/1993,205.570000
05/13/1993,204.660000
05/14/1993,204.930000
05/17/1993,205.790000
05/18/1993,206.000000
05/19/1993,206.500000
05/20/1993,206.580000
05/21/1993,206.510000
05/24/1993,206.860000
05/25/1993,207.160000
05/26/1993,207.010000
05/27/1993,207.190000
05/28/1993,207.770000
06/01/1993,207.240000
06/02/1993,207.780000
06/03/1993,207.920000
06/04/1993,208.400000
06/07/1993,208.480000
06/08/1993,208.340000
06/09/1993,208.680000
06/10/1993,208.890000
06/11/1993,209.330000
06/14/1993,209.480000
06/15/1993,209.560000
06/16/1993,209.640000
06/17/1993,209.720000
06/18/1993,209.850000
06/21/1993,210.040000
06/22/1993,210.220000
06/23/1993,210.040000
06/24/1993,210.420000
06/25/1993,210.670000
06/28/1993,210.850000
06/29/1993,211.000000
06/30/1993,210.890000
07/01/1993,211.200000
07/02/1993,211.390000
07/06/1993,210.650000
07/07/1993,211.230000
07/08/1993,211.820000
07/09/1993,212.070000
07/12/1993,212.250000
07/13/1993,212.300000
07/14/1993,212.410000
07/15/1993,212.430000
07/16/1993,212.210000
07/19/1993,212.380000
07/20/1993,212.820000
07/21/1993,212.640000
07/22/1993,212.310000
07/23/1993,212.720000
07/26/1993,213.230000
07/27/1993,213.470000
07/28/1993,213.710000
07/29/1993,213.590000
07/30/1993,213.740000
08/02/1993,214.250000
08/03/1993,214.260000
08/04/1993,214.330000
08/05/1993,214.340000
08/06/1993,214.450000
08/09/1993,214.720000
08/10/1993,214.920000
08/11/1993,215.210000
08/12/1993,215.310000
08/13/1993,215.470000
08/16/1993,215.530000
08/17/1993,215.630000
08/18/1993,215.460000
08/19/1993,215.750000
08/20/1993,215.840000
08/23/1993,216.020000
08/24/1993,215.780000
08/25/1993,215.530000
08/26/1993,215.440000
08/27/1993,215.870000
08/30/1993,215.810000
08/31/1993,215.510000
09/01/1993,215.970000
09/02/1993,216.760000
09/03/1993,216.890000
09/07/1993,217.560000
09/08/1993,217.850000
09/09/1993,218.170000
09/10/1993,217.850000
09/13/1993,217.990000
09/14/1993,218.590000
09/15/1993,218.570000
09/16/1993,218.990000
09/17/1993,218.870000
09/20/1993,218.850000
09/21/1993,218.410000
09/22/1993,219.330000
09/23/1993,219.530000
09/24/1993,219.690000
09/27/1993,219.930000
09/28/1993,219.970000
09/29/1993,220.030000
09/30/1993,220.060000
10/01/1993,220.280000
10/04/1993,220.540000
10/05/1993,220.630000
10/06/1993,220.600000
10/07/1993,220.810000
10/08/1993,220.960000
10/11/1993,221.140000
10/12/1993,221.150000
10/13/1993,221.220000
10/14/1993,221.210000
10/15/1993,221.240000
10/18/1993,221.280000
10/19/1993,221.190000
10/20/1993,221.210000
10/21/1993,221.310000
10/22/1993,221.050000
10/25/1993,221.460000
10/26/1993,221.450000
10/27/1993,221.470000
10/28/1993,222.100000
10/29/1993,222.290000
11/01/1993,222.560000
11/02/1993,222.690000
11/03/1993,221.450000
11/04/1993,219.360000
11/05/1993,220.420000
11/08/1993,221.220000
11/09/1993,221.240000
11/10/1993,222.760000
11/11/1993,222.480000
11/12/1993,223.390000
11/15/1993,223.010000
11/16/1993,223.570000
11/17/1993,223.500000
11/18/1993,223.880000
11/19/1993,224.410000
11/22/1993,224.470000
11/23/1993,225.080000
11/24/1993,225.210000
11/26/1993,225.420000
11/29/1993,225.570000
11/30/1993,225.730000
12/01/1993,225.890000
12/02/1993,226.050000
12/03/1993,226.290000
12/06/1993,226.410000
12/07/1993,226.570000
12/08/1993,226.620000
12/09/1993,226.750000
12/10/1993,226.940000
12/13/1993,226.960000
12/14/1993,227.070000
12/15/1993,227.080000
12/16/1993,227.100000
12/17/1993,227.160000
12/20/1993,227.580000
12/21/1993,227.890000
12/22/1993,228.020000
12/23/1993,227.810000
12/27/1993,227.540000
12/28/1993,227.360000
12/29/1993,227.370000
12/30/1993,227.880000
12/31/1993,227.920000
01/03/1994,228.380000
01/04/1994,228.800000
01/05/1994,228.940000
01/06/1994,229.010000
01/07/1994,228.910000
01/10/1994,227.250000
01/11/1994,227.750000
01/12/1994,227.940000
01/13/1994,228.730000
01/14/1994,228.500000
01/17/1994,228.980000
01/18/1994,229.060000
01/19/1994,229.190000
01/20/1994,229.320000
01/21/1994,229.900000
01/24/1994,229.850000
01/25/1994,229.870000
01/26/1994,230.510000
01/27/1994,230.950000
01/28/1994,230.970000
01/31/1994,230.260000
02/01/1994,230.750000
02/02/1994,230.470000
02/03/1994,231.140000
02/04/1994,229.200000
02/07/1994,230.810000
02/08/1994,231.090000
02/09/1994,231.650000
02/10/1994,230.390000
02/11/1994,231.430000
02/14/1994,231.740000
02/15/1994,232.520000
02/16/1994,232.750000
02/17/1994,232.840000
02/18/1994,232.980000
02/22/1994,233.710000
02/23/1994,234.080000
02/24/1994,232.960000
02/25/1994,233.870000
02/28/1994,234.050000
03/01/1994,233.840000
03/02/1994,233.980000
03/03/1994,233.610000
03/04/1994,234.250000
03/07/1994,235.060000
03/08/1994,234.930000
03/09/1994,235.330000
03/10/1994,234.820000
03/11/1994,235.650000
03/14/1994,235.820000
03/15/1994,235.880000
03/16/1994,236.100000
03/17/1994,236.120000
03/18/1994,236.270000
03/21/1994,236.510000
03/22/1994,237.010000
03/23/1994,237.300000
03/24/1994,236.970000
03/25/1994,236.360000
03/28/1994,236.640000
03/29/1994,233.410000
03/30/1994,230.830000
03/31/1994,230.520000
04/04/1994,225.410000
04/05/1994,232.310000
04/06/1994,231.960000
04/07/1994,234.290000
04/08/1994,232.060000
04/11/1994,233.980000
04/12/1994,233.320000
04/13/1994,230.680000
04/14/1994,230.910000
04/15/1994,230.760000
04/18/1994,230.810000
04/19/1994,230.980000
04/20/1994,230.980000
04/21/1994,231.470000
04/22/1994,231.710000
04/25/1994,231.910000
04/26/1994,232.200000
04/28/1994,232.390000
04/29/1994,232.660000
05/02/1994,232.810000
05/03/1994,232.880000
05/04/1994,232.950000
05/05/1994,233.130000
05/06/1994,233.200000
05/09/1994,233.080000
05/10/1994,233.690000
05/11/1994,233.470000
05/12/1994,233.690000
05/13/1994,233.840000
05/16/1994,234.050000
05/17/1994,234.200000
05/18/1994,234.150000
05/19/1994,234.200000
05/20/1994,234.470000
05/23/1994,234.520000
05/24/1994,234.890000
05/25/1994,235.060000
05/26/1994,235.290000
05/27/1994,235.440000
05/31/1994,235.670000
06/01/1994,235.870000
06/02/1994,235.890000
06/03/1994,236.000000
06/06/1994,236.340000
06/07/1994,236.690000
06/08/1994,236.770000
06/09/1994,237.000000
06/10/1994,237.230000
06/13/1994,237.360000
06/14/1994,237.350000
06/15/1994,237.730000
06/16/1994,237.840000
06/17/1994,237.130000
06/20/1994,236.950000
06/21/1994,235.830000
06/22/1994,236.800000
06/23/1994,235.670000
06/24/1994,229.780000
06/27/1994,235.230000
06/28/1994,233.550000
06/29/1994,235.090000
06/30/1994,232.340000
07/01/1994,233.010000
07/05/1994,233.720000
07/06/1994,234.000000
07/07/1994,236.180000
07/08/1994,236.510000
07/11/1994,236.250000
07/12/1994,237.570000
07/13/1994,238.710000
07/14/1994,241.490000
07/15/1994,241.900000
07/18/1994,242.510000
07/19/1994,242.470000
07/20/1994,242.280000
07/21/1994,242.770000
07/22/1994,243.010000
07/25/1994,243.250000
07/26/1994,243.340000
07/27/1994,243.150000
07/28/1994,243.330000
07/29/1994,243.700000
08/01/1994,243.760000
08/02/1994,243.690000
08/03/1994,243.690000
08/04/1994,243.970000
08/05/1994,244.370000
08/08/1994,244.870000
08/09/1994,245.000000
08/10/1994,244.870000
08/11/1994,245.090000
08/12/1994,244.880000
08/15/1994,245.080000
08/16/1994,244.500000
08/17/1994,244.800000
08/18/1994,245.600000
08/19/1994,245.890000
08/22/1994,246.100000
08/23/1994,246.380000
08/24/1994,245.940000
08/25/1994,246.090000
08/26/1994,244.450000
08/29/1994,244.590000
08/30/1994,244.370000
08/31/1994,244.710000
09/01/1994,245.540000
09/02/1994,246.820000
09/06/1994,247.020000
09/07/1994,247.480000
09/08/1994,246.980000
09/09/1994,248.060000
09/12/1994,248.310000
09/13/1994,248.510000
09/14/1994,248.600000
09/15/1994,248.510000
09/16/1994,248.850000
09/19/1994,248.780000
09/20/1994,247.620000
09/21/1994,248.090000
09/22/1994,247.990000
09/23/1994,247.640000
09/26/1994,248.230000
09/27/1994,248.610000
09/28/1994,249.210000
09/29/1994,248.860000
09/30/1994,248.580000
10/03/1994,248.950000
10/04/1994,246.370000
10/05/1994,246.620000
10/06/1994,246.060000
10/07/1994,247.870000
10/10/1994,249.500000
10/11/1994,250.880000
10/12/1994,250.810000
10/13/1994,250.970000
10/14/1994,251.400000
10/17/1994,251.560000
10/18/1994,251.750000
10/19/1994,251.840000
10/20/1994,251.930000
10/21/1994,251.840000
10/24/1994,251.780000
10/25/1994,252.100000
10/26/1994,252.500000
10/27/1994,252.470000
10/28/1994,251.810000
10/31/1994,253.050000
11/01/1994,253.410000
11/02/1994,253.400000
11/03/1994,253.470000
11/04/1994,253.000000
11/07/1994,253.620000
11/08/1994,254.030000
11/09/1994,254.190000
11/10/1994,254.440000
11/11/1994,254.390000
11/14/1994,254.820000
11/15/1994,254.930000
11/16/1994,255.140000
11/17/1994,255.220000
11/18/1994,255.170000
11/21/1994,254.860000
11/22/1994,251.770000
11/23/1994,253.170000
11/25/1994,254.340000
11/28/1994,255.100000
11/29/1994,255.420000
11/30/1994,255.290000
12/01/1994,253.650000
12/02/1994,255.460000
12/05/1994,255.980000
12/06/1994,256.200000
12/07/1994,255.880000
12/08/1994,253.570000
12/09/1994,254.620000
12/12/1994,256.350000
12/13/1994,256.970000
12/14/1994,258.350000
12/15/1994,258.590000
12/16/1994,258.740000
12/19/1994,258.930000
12/20/1994,259.220000
12/21/1994,259.190000
12/22/1994,259.320000
12/23/1994,259.780000
12/27/1994,259.790000
12/28/1994,259.990000
12/29/1994,260.190000
12/30/1994,259.990000
01/03/1995,260.610000
01/04/1995,261.000000
01/05/1995,261.320000
01/06/1995,261.640000
01/09/1995,261.840000
01/10/1995,262.000000
01/11/1995,262.170000
01/12/1995,262.260000
01/13/1995,261.860000
01/16/1995,261.070000
01/17/1995,261.370000
01/18/1995,261.660000
01/19/1995,262.770000
01/20/1995,263.130000
01/23/1995,263.190000
01/24/1995,263.560000
01/25/1995,263.860000
01/26/1995,264.070000
01/27/1995,264.200000
01/30/1995,264.130000
01/31/1995,264.330000
02/01/1995,264.540000
02/02/1995,264.600000
02/03/1995,262.750000
02/06/1995,262.150000
02/07/1995,262.360000
02/08/1995,262.120000
02/09/1995,262.590000
02/10/1995,262.330000
02/13/1995,262.560000
02/14/1995,262.630000
02/15/1995,260.570000
02/16/1995,261.010000
02/17/1995,261.350000
02/21/1995,261.730000
02/22/1995,262.330000
02/23/1995,262.500000
02/24/1995,262.800000
02/27/1995,262.540000
02/28/1995,262.970000
03/01/1995,262.950000
03/02/1995,263.250000
03/03/1995,263.440000
03/06/1995,263.560000
03/07/1995,263.000000
03/08/1995,263.600000
03/09/1995,263.800000
03/10/1995,264.120000
03/13/1995,264.500000
03/14/1995,264.470000
03/15/1995,264.700000
03/16/1995,264.800000
03/17/1995,265.170000
03/20/1995,265.660000
03/21/1995,265.730000
03/22/1995,266.010000
03/23/1995,266.280000
03/24/1995,265.850000
03/27/1995,265.810000
03/28/1995,265.580000
03/29/1995,265.490000
03/30/1995,265.720000
03/31/1995,266.140000
04/03/1995,266.500000
04/04/1995,266.300000
04/05/1995,266.070000
04/06/1995,265.810000
04/07/1995,266.240000
04/10/1995,267.180000
04/11/1995,267.790000
04/12/1995,268.030000
04/13/1995,267.640000
04/17/1995,268.610000
04/18/1995,269.150000
04/19/1995,269.630000
04/20/1995,269.770000
04/21/1995,269.690000
04/24/1995,269.160000
04/25/1995,269.320000
04/26/1995,269.360000
04/27/1995,269.400000
04/28/1995,269.330000
05/01/1995,269.970000
05/02/1995,270.140000
05/03/1995,268.090000
05/04/1995,268.070000
05/05/1995,268.710000
05/08/1995,267.070000
05/09/1995,267.540000
05/10/1995,267.100000
05/11/1995,266.920000
05/12/1995,266.370000
05/15/1995,265.530000
05/16/1995,265.000000
05/17/1995,266.910000
05/18/1995,271.910000
05/19/1995,273.300000
05/22/1995,273.740000
05/23/1995,272.850000
05/24/1995,272.920000
05/25/1995,273.400000
05/26/1995,274.550000
05/30/1995,274.680000
05/31/1995,272.240000
06/01/1995,272.490000
06/02/1995,272.620000
06/05/1995,271.360000
06/06/1995,271.950000
06/07/1995,273.750000
06/08/1995,274.620000
06/09/1995,276.010000
06/12/1995,275.730000
06/13/1995,273.860000
06/14/1995,274.760000
06/15/1995,273.530000
06/16/1995,272.390000
06/19/1995,272.060000
06/20/1995,272.090000
06/21/1995,272.310000
06/22/1995,271.110000
06/23/1995,271.560000
06/26/1995,273.020000
06/27/1995,272.860000
06/28/1995,273.210000
06/29/1995,274.080000
06/30/1995,273.970000
07/03/1995,274.330000
07/05/1995,273.900000
07/06/1995,272.170000
07/07/1995,271.420000
07/10/1995,270.920000
07/11/1995,272.680000
07/12/1995,268.760000
07/13/1995,269.320000
07/14/1995,270.670000
07/17/1995,268.330000
07/18/1995,272.550000
07/19/1995,276.780000
07/20/1995,277.120000
07/21/1995,277.810000
07/24/1995,277.880000
07/25/1995,277.340000
07/26/1995,277.120000
07/27/1995,276.120000
07/28/1995,277.370000
07/31/1995,277.950000
08/01/1995,279.090000
08/02/1995,279.520000
08/03/1995,279.970000
08/04/1995,280.450000
08/07/1995,281.230000
08/08/1995,281.460000
08/09/1995,281.630000
08/10/1995,282.030000
08/11/1995,282.280000
08/14/1995,282.590000
08/15/1995,282.710000
08/16/1995,282.800000
08/17/1995,282.880000
08/18/1995,282.880000
08/21/1995,283.100000
08/22/1995,283.110000
08/23/1995,282.970000
08/24/1995,283.590000
08/25/1995,284.080000
08/28/1995,284.460000
08/29/1995,284.900000
08/30/1995,285.370000
08/31/1995,285.590000
09/01/1995,286.050000
09/05/1995,285.430000
09/06/1995,285.430000
09/07/1995,285.790000
09/08/1995,285.550000
09/11/1995,285.310000
09/12/1995,284.600000
09/13/1995,282.230000
09/14/1995,277.330000
09/15/1995,274.540000
09/18/1995,274.630000
09/19/1995,275.050000
09/20/1995,275.090000
09/21/1995,275.320000
09/22/1995,275.190000
09/25/1995,275.400000
09/26/1995,275.460000
09/27/1995,275.730000
09/28/1995,275.890000
09/29/1995,276.050000
10/02/1995,275.810000
10/03/1995,276.050000
10/04/1995,276.040000
10/05/1995,276.210000
10/06/1995,276.490000
10/09/1995,276.720000
10/10/1995,277.080000
10/11/1995,277.580000
10/12/1995,277.820000
10/13/1995,278.000000
10/16/1995,278.260000
10/17/1995,278.420000
10/18/1995,278.520000
10/19/1995,278.850000
10/20/1995,278.820000
10/23/1995,278.710000
10/24/1995,278.700000
10/25/1995,278.180000
10/26/1995,276.870000
10/27/1995,278.160000
10/30/1995,279.220000
10/31/1995,279.180000
11/01/1995,279.750000
11/02/1995,280.620000
11/03/1995,280.830000
11/06/1995,280.990000
11/07/1995,280.870000
11/08/1995,281.390000
11/09/1995,281.450000
11/10/1995,281.340000
11/13/1995,281.680000
11/14/1995,281.610000
11/15/1995,281.910000
11/16/1995,282.010000
11/17/1995,282.220000
11/20/1995,282.960000
11/21/1995,283.400000
11/22/1995,283.590000
11/24/1995,283.990000
11/27/1995,284.120000
11/28/1995,283.980000
11/29/1995,283.880000
11/30/1995,284.530000
12/01/1995,285.000000
12/04/1995,282.510000
12/05/1995,280.200000
12/06/1995,278.710000
12/07/1995,281.080000
12/08/1995,281.400000
12/11/1995,279.390000
12/12/1995,281.540000
12/13/1995,279.330000
12/14/1995,284.170000
12/15/1995,283.770000
12/18/1995,281.630000
12/19/1995,283.540000
12/20/1995,282.740000
12/21/1995,283.790000
12/22/1995,284.120000
12/26/1995,284.740000
12/27/1995,284.470000
12/28/1995,284.330000
12/29/1995,284.450000
01/02/1996,285.480000
01/03/1996,285.850000
01/04/1996,285.120000
01/05/1996,285.520000
01/08/1996,286.350000
01/09/1996,284.160000
01/10/1996,279.860000
01/11/1996,282.470000
01/12/1996,282.860000
01/15/1996,281.650000
01/16/1996,285.660000
01/17/1996,285.630000
01/18/1996,287.490000
01/19/1996,287.630000
01/22/1996,287.770000
01/23/1996,287.920000
01/24/1996,286.900000
01/25/1996,287.510000
01/26/1996,286.680000
01/29/1996,286.050000
01/30/1996,282.950000
01/31/1996,280.170000
02/01/1996,279.520000
02/02/1996,280.460000
02/05/1996,278.350000
02/06/1996,277.320000
02/07/1996,276.290000
02/08/1996,275.870000
02/09/1996,275.570000
02/12/1996,275.190000
02/13/1996,275.230000
02/14/1996,275.560000
02/15/1996,275.810000
02/16/1996,275.650000
02/20/1996,275.090000
02/21/1996,276.770000
02/22/1996,276.480000
02/23/1996,276.800000
02/26/1996,276.580000
02/27/1996,276.910000
02/28/1996,276.630000
02/29/1996,276.220000
03/01/1996,277.370000
03/04/1996,278.060000
03/05/1996,278.510000
03/06/1996,278.550000
03/07/1996,278.980000
03/08/1996,274.460000
03/11/1996,278.750000
03/12/1996,278.790000
03/13/1996,279.490000
03/14/1996,279.960000
03/15/1996,280.010000
03/18/1996,279.650000
03/19/1996,279.510000
03/20/1996,279.600000
03/21/1996,280.040000
03/22/1996,280.570000
03/25/1996,280.570000
03/26/1996,280.680000
03/27/1996,281.180000
03/28/1996,281.180000
03/29/1996,281.390000
04/01/1996,281.680000
04/02/1996,282.310000
04/03/1996,282.610000
04/04/1996,282.510000
04/08/1996,283.330000
04/09/1996,283.530000
04/10/1996,281.970000
04/11/1996,282.690000
04/12/1996,283.940000
04/15/1996,284.450000
04/16/1996,284.570000
04/17/1996,284.610000
04/18/1996,284.770000
04/19/1996,284.920000
04/22/1996,285.550000
04/23/1996,285.200000
04/24/1996,285.550000
04/25/1996,285.640000
04/26/1996,285.800000
04/29/1996,286.090000
04/30/1996,286.060000
05/01/1996,286.100000
05/02/1996,285.620000
05/03/1996,286.480000
05/06/1996,287.010000
05/07/1996,286.810000
05/08/1996,287.980000
05/09/1996,287.920000
05/10/1996,288.260000
05/13/1996,287.890000
05/14/1996,287.750000
05/15/1996,288.200000
05/16/1996,288.810000
05/17/1996,288.740000
05/20/1996,288.790000
05/21/1996,288.820000
05/22/1996,288.590000
05/23/1996,288.770000
05/24/1996,288.960000
05/28/1996,289.500000
05/29/1996,289.960000
05/30/1996,290.450000
05/31/1996,290.470000
06/03/1996,290.790000
06/04/1996,291.200000
06/05/1996,291.150000
06/06/1996,291.320000
06/07/1996,292.050000
06/10/1996,292.160000
06/11/1996,292.560000
06/12/1996,292.580000
06/13/1996,292.870000
06/14/1996,292.980000
06/17/1996,293.550000
06/18/1996,293.590000
06/19/1996,293.810000
06/20/1996,294.030000
06/21/1996,294.060000
06/24/1996,294.510000
06/25/1996,294.970000
06/26/1996,295.430000
06/27/1996,295.890000
06/28/1996,296.140000
07/01/1996,296.060000
07/02/1996,296.450000
07/03/1996,296.740000
07/05/1996,296.080000
07/08/1996,295.500000
07/09/1996,296.740000
07/10/1996,297.570000
07/11/1996,294.590000
07/12/1996,295.580000
07/15/1996,286.170000
07/16/1996,286.400000
07/17/1996,290.410000
07/18/1996,297.180000
07/19/1996,297.310000
07/22/1996,296.190000
07/23/1996,295.480000
07/24/1996,296.180000
07/25/1996,297.270000
07/26/1996,298.640000
07/29/1996,297.670000
07/30/1996,298.460000
07/31/1996,299.160000
08/01/1996,298.960000
08/02/1996,297.290000
08/05/1996,298.660000
08/06/1996,298.320000
08/07/1996,298.240000
08/08/1996,298.960000
08/09/1996,300.370000
08/12/1996,299.170000
08/13/1996,301.310000
08/14/1996,301.580000
08/15/1996,302.070000
08/16/1996,302.230000
08/19/1996,302.900000
08/20/1996,303.060000
08/21/1996,303.560000
08/22/1996,303.710000
08/23/1996,303.880000
08/26/1996,303.810000
08/27/1996,304.110000
08/28/1996,304.340000
08/29/1996,303.570000
08/30/1996,302.710000
09/03/1996,303.350000
09/04/1996,303.980000
09/05/1996,302.370000
09/06/1996,304.660000
09/09/1996,306.050000
09/10/1996,306.380000
09/11/1996,306.730000
09/12/1996,306.910000
09/13/1996,306.700000
09/16/1996,306.630000
09/17/1996,307.150000
09/18/1996,307.500000
09/19/1996,307.730000
09/20/1996,308.020000
09/23/1996,307.970000
09/24/1996,308.160000
09/25/1996,308.590000
09/26/1996,308.490000
09/27/1996,309.120000
09/30/1996,309.330000
10/01/1996,309.310000
10/02/1996,309.350000
10/03/1996,309.420000
10/04/1996,309.310000
10/07/1996,309.350000
10/08/1996,310.280000
10/09/1996,311.100000
10/10/1996,311.390000
10/11/1996,311.610000
10/14/1996,311.510000
10/15/1996,311.950000
10/16/1996,312.130000
10/17/1996,312.400000
10/18/1996,312.560000
10/21/1996,312.880000
10/22/1996,312.980000
10/23/1996,313.240000
10/24/1996,313.160000
10/25/1996,313.250000
10/28/1996,313.220000
10/29/1996,313.610000
10/30/1996,313.860000
10/31/1996,314.140000
11/01/1996,314.780000
11/04/1996,315.370000
11/05/1996,315.540000
11/06/1996,314.210000
11/07/1996,313.430000
11/08/1996,313.520000
11/11/1996,313.780000
11/12/1996,315.830000
11/13/1996,315.740000
11/14/1996,312.970000
11/15/1996,308.710000
11/18/1996,308.930000
11/19/1996,309.100000
11/20/1996,309.120000
11/21/1996,309.350000
11/22/1996,309.910000
11/25/1996,309.520000
11/26/1996,309.420000
11/27/1996,309.730000
11/29/1996,309.490000
12/02/1996,309.740000
12/03/1996,310.100000
12/04/1996,311.070000
12/05/1996,310.940000
12/06/1996,310.890000
12/09/1996,311.990000
12/10/1996,312.300000
12/11/1996,311.970000
12/12/1996,310.250000
12/13/1996,311.100000
12/16/1996,309.370000
12/17/1996,312.710000
12/18/1996,313.410000
12/19/1996,313.890000
12/20/1996,315.170000
12/23/1996,315.690000
12/24/1996,316.120000
12/26/1996,316.060000
12/27/1996,315.920000
12/30/1996,316.560000
12/31/1996,316.700000
01/02/1997,316.870000
01/03/1997,317.890000
01/06/1997,318.080000
01/07/1997,318.750000
01/08/1997,318.550000
01/09/1997,318.280000
01/10/1997,318.900000
01/13/1997,319.680000
01/14/1997,319.600000
01/15/1997,320.010000
01/16/1997,320.230000
01/17/1997,320.420000
01/20/1997,320.950000
01/21/1997,321.050000
01/22/1997,321.360000
01/23/1997,321.400000
01/24/1997,321.200000
01/27/1997,321.250000
01/28/1997,321.240000
01/29/1997,321.700000
01/30/1997,321.940000
02/03/1997,322.500000
02/04/1997,322.540000
02/05/1997,322.630000
02/06/1997,323.340000
02/07/1997,323.280000
02/10/1997,323.750000
02/11/1997,323.980000
02/12/1997,322.640000
02/13/1997,321.360000
02/14/1997,322.380000
02/18/1997,320.940000
02/19/1997,322.500000
02/20/1997,325.420000
02/21/1997,325.940000
02/24/1997,326.330000
02/25/1997,326.580000
02/26/1997,326.810000
02/27/1997,326.640000
02/28/1997,326.730000
03/03/1997,327.560000
03/04/1997,327.540000
03/05/1997,328.700000
03/06/1997,328.430000
03/07/1997,329.170000
03/10/1997,330.160000
03/11/1997,330.290000
03/12/1997,330.490000
03/13/1997,329.760000
03/14/1997,330.710000
03/17/1997,331.120000
03/18/1997,330.900000
03/19/1997,331.280000
03/20/1997,331.510000
03/21/1997,332.000000
03/24/1997,332.160000
03/25/1997,332.970000
03/26/1997,333.750000
03/27/1997,333.090000
03/31/1997,330.290000
04/01/1997,331.610000
04/02/1997,328.780000
04/03/1997,329.600000
04/04/1997,332.590000
04/07/1997,334.490000
04/08/1997,335.800000
04/09/1997,334.660000
04/10/1997,334.210000
04/11/1997,325.430000
04/14/1997,330.310000
04/15/1997,336.100000
04/16/1997,337.780000
04/17/1997,337.800000
04/18/1997,337.370000
04/21/1997,338.180000
04/22/1997,336.840000
04/23/1997,336.820000
04/24/1997,337.140000
04/25/1997,338.520000
04/28/1997,337.850000
04/29/1997,332.560000
04/30/1997,331.190000
05/01/1997,332.090000
05/02/1997,327.080000
05/05/1997,321.110000
05/06/1997,321.560000
05/07/1997,326.880000
05/08/1997,324.280000
05/09/1997,322.250000
05/12/1997,317.860000
05/13/1997,318.400000
05/14/1997,316.850000
05/15/1997,315.790000
05/16/1997,315.300000
05/19/1997,315.500000
05/20/1997,316.320000
05/21/1997,317.050000
05/22/1997,317.490000
05/23/1997,317.270000
05/27/1997,317.210000
05/28/1997,317.610000
05/29/1997,318.360000
05/30/1997,317.940000
06/02/1997,317.900000
06/03/1997,319.110000
06/04/1997,319.460000
06/05/1997,319.450000
06/06/1997,318.790000
06/09/1997,318.850000
06/10/1997,319.100000
06/11/1997,318.410000
06/12/1997,313.600000
06/13/1997,310.170000
06/16/1997,310.800000
06/17/1997,310.910000
06/18/1997,313.380000
06/19/1997,309.320000
06/20/1997,309.370000
06/23/1997,307.260000
06/24/1997,309.580000
06/25/1997,309.180000
06/26/1997,308.600000
06/27/1997,310.040000
06/30/1997,309.770000
07/01/1997,310.950000
07/02/1997,311.740000
07/03/1997,312.790000
07/07/1997,313.430000
07/08/1997,313.220000
07/09/1997,313.530000
07/10/1997,313.950000
07/11/1997,314.460000
07/14/1997,314.690000
07/15/1997,314.760000
07/16/1997,314.660000
07/17/1997,315.000000
07/18/1997,315.580000
07/21/1997,315.310000
07/22/1997,317.210000
07/23/1997,317.540000
07/24/1997,317.620000
07/25/1997,318.170000
07/28/1997,317.970000
07/29/1997,318.360000
07/30/1997,318.480000
07/31/1997,318.830000
08/01/1997,318.510000
08/04/1997,319.230000
08/05/1997,319.510000
08/06/1997,319.440000
08/07/1997,319.870000
08/08/1997,319.850000
08/11/1997,320.250000
08/12/1997,320.270000
08/13/1997,320.400000
08/14/1997,320.570000
08/15/1997,319.620000
08/18/1997,320.970000
08/19/1997,321.680000
08/20/1997,321.580000
08/21/1997,321.750000
08/22/1997,321.540000
08/25/1997,322.300000
08/26/1997,322.310000
08/27/1997,322.710000
08/28/1997,322.570000
08/29/1997,322.470000
09/02/1997,323.940000
09/03/1997,323.910000
09/04/1997,324.090000
09/05/1997,324.750000
09/08/1997,325.450000
09/09/1997,325.730000
09/10/1997,325.750000
09/11/1997,325.660000
09/12/1997,326.180000
09/15/1997,326.370000
09/16/1997,326.620000
09/17/1997,326.740000
09/18/1997,326.800000
09/19/1997,327.080000
09/22/1997,327.790000
09/23/1997,328.080000
09/24/1997,328.620000
09/25/1997,328.740000
09/26/1997,329.240000
09/29/1997,329.790000
09/30/1997,329.690000
10/01/1997,329.910000
10/02/1997,329.910000
10/03/1997,330.020000
10/06/1997,330.170000
10/07/1997,329.410000
10/08/1997,330.890000
10/09/1997,331.600000
10/10/1997,332.160000
10/13/1997,332.410000
10/14/1997,332.590000
10/15/1997,332.760000
10/16/1997,332.890000
10/17/1997,332.460000
10/20/1997,333.340000
10/21/1997,332.760000
10/22/1997,333.050000
10/23/1997,333.610000
10/24/1997,333.650000
10/27/1997,323.760000
10/28/1997,331.960000
10/29/1997,332.850000
10/30/1997,330.650000
10/31/1997,332.870000
11/03/1997,335.040000
11/04/1997,335.390000
11/05/1997,335.450000
11/06/1997,336.340000
11/07/1997,335.800000
11/10/1997,334.570000
11/11/1997,335.710000
11/12/1997,332.580000
11/13/1997,335.870000
11/14/1997,337.980000
11/17/1997,339.580000
11/18/1997,339.850000
11/19/1997,340.120000
11/20/1997,340.310000
11/21/1997,340.690000
11/24/1997,340.170000
11/25/1997,340.650000
11/26/1997,339.470000
11/28/1997,341.520000
12/01/1997,342.450000
12/02/1997,342.770000
12/03/1997,343.190000
12/04/1997,343.510000
12/05/1997,343.530000
12/08/1997,344.330000
12/09/1997,344.820000
12/10/1997,344.720000
12/11/1997,344.370000
12/12/1997,344.540000
12/15/1997,345.430000
12/16/1997,345.590000
12/17/1997,345.810000
12/18/1997,345.970000
12/19/1997,345.930000
12/22/1997,346.230000
12/23/1997,346.830000
12/24/1997,346.840000
12/26/1997,347.450000
12/29/1997,347.850000
12/30/1997,347.670000
12/31/1997,347.850000
01/02/1998,348.130000
01/05/1998,348.120000
01/06/1998,348.980000
01/07/1998,349.520000
01/08/1998,349.970000
01/09/1998,349.790000
01/12/1998,350.520000
01/13/1998,350.690000
01/14/1998,350.810000
01/15/1998,350.870000
01/16/1998,350.990000
01/20/1998,350.750000
01/21/1998,351.110000
01/22/1998,351.200000
01/23/1998,351.640000
01/26/1998,351.800000
01/27/1998,352.250000
01/28/1998,352.110000
01/29/1998,351.820000
01/30/1998,352.560000
02/02/1998,350.940000
02/03/1998,350.760000
02/04/1998,350.980000
02/05/1998,351.370000
02/06/1998,350.450000
02/09/1998,351.100000
02/10/1998,349.710000
02/11/1998,349.700000
02/12/1998,348.840000
02/13/1998,350.370000
02/17/1998,350.300000
02/18/1998,347.490000
02/19/1998,349.000000
02/20/1998,347.780000
02/23/1998,348.270000
02/24/1998,348.120000
02/25/1998,348.770000
02/26/1998,348.500000
02/27/1998,348.610000
03/02/1998,348.940000
03/03/1998,348.820000
03/04/1998,349.420000
03/05/1998,349.510000
03/06/1998,349.570000
03/09/1998,350.070000
03/10/1998,349.310000
03/11/1998,348.980000
03/12/1998,349.580000
03/13/1998,349.680000
03/16/1998,348.110000
03/17/1998,348.080000
03/18/1998,347.230000
03/19/1998,345.860000
03/20/1998,342.140000
03/23/1998,342.490000
03/24/1998,341.530000
03/25/1998,341.220000
03/26/1998,341.690000
03/27/1998,341.930000
03/30/1998,342.590000
03/31/1998,342.590000
04/01/1998,342.610000
04/02/1998,342.060000
04/03/1998,342.250000
04/06/1998,342.740000
04/07/1998,344.640000
04/08/1998,345.990000
04/09/1998,346.760000
04/13/1998,347.300000
04/14/1998,347.610000
04/15/1998,348.010000
04/16/1998,348.360000
04/17/1998,348.670000
04/20/1998,349.140000
04/21/1998,349.390000
04/22/1998,349.800000
04/23/1998,349.820000
04/24/1998,349.870000
04/27/1998,349.140000
04/28/1998,350.040000
04/29/1998,350.740000
04/30/1998,351.740000
05/01/1998,352.460000
05/04/1998,352.660000
05/05/1998,352.720000
05/06/1998,352.460000
05/07/1998,352.150000
05/08/1998,353.440000
05/11/1998,353.660000
05/12/1998,353.980000
05/13/1998,354.090000
05/14/1998,354.180000
05/15/1998,353.900000
05/18/1998,354.150000
05/19/1998,354.590000
05/20/1998,354.890000
05/21/1998,355.260000
05/22/1998,355.580000
05/26/1998,354.300000
05/27/1998,354.690000
05/28/1998,355.490000
05/29/1998,355.070000
06/01/1998,355.050000
06/02/1998,355.750000
06/03/1998,354.620000
06/04/1998,356.550000
06/05/1998,357.960000
06/08/1998,358.230000
06/09/1998,358.540000
06/10/1998,358.330000
06/11/1998,357.190000
06/12/1998,358.190000
06/15/1998,356.130000
06/16/1998,358.240000
06/17/1998,359.510000
06/18/1998,359.710000
06/19/1998,359.730000
06/22/1998,360.350000
06/23/1998,360.870000
06/24/1998,359.970000
06/25/1998,360.500000
06/26/1998,360.800000
06/29/1998,360.730000
06/30/1998,361.620000
07/01/1998,360.940000
07/02/1998,361.560000
07/06/1998,359.950000
07/07/1998,360.540000
07/08/1998,358.800000
07/09/1998,360.790000
07/10/1998,360.300000
07/13/1998,360.340000
07/14/1998,357.190000
07/15/1998,358.530000
07/16/1998,355.050000
07/17/1998,354.220000
07/20/1998,354.630000
07/21/1998,352.980000
07/22/1998,353.250000
07/23/1998,350.320000
07/24/1998,350.570000
07/27/1998,351.580000
07/28/1998,349.460000
07/29/1998,348.300000
07/30/1998,351.700000
07/31/1998,347.290000
08/03/1998,346.110000
08/04/1998,337.450000
08/05/1998,338.880000
08/06/1998,340.470000
08/07/1998,340.180000
08/10/1998,338.870000
08/11/1998,334.660000
08/12/1998,338.090000
08/13/1998,335.540000
08/14/1998,331.870000
08/17/1998,336.850000
08/18/1998,342.430000
08/19/1998,341.460000
08/20/1998,338.740000
08/21/1998,335.340000
08/24/1998,335.660000
08/25/1998,335.860000
08/26/1998,336.260000
08/27/1998,335.210000
08/28/1998,335.020000
08/31/1998,328.670000
09/01/1998,334.030000
09/02/1998,333.030000
09/03/1998,332.020000
09/04/1998,331.790000
09/08/1998,336.940000
09/09/1998,336.100000
09/10/1998,333.150000
09/11/1998,336.560000
09/14/1998,338.800000
09/15/1998,339.590000
09/16/1998,339.860000
09/17/1998,339.800000
09/18/1998,339.980000
09/21/1998,340.540000
09/22/1998,341.190000
09/23/1998,340.010000
09/24/1998,341.530000
09/25/1998,341.650000
09/28/1998,341.710000
09/29/1998,342.200000
09/30/1998,342.150000
10/01/1998,341.510000
10/02/1998,342.710000
10/05/1998,342.380000
10/06/1998,342.620000
10/07/1998,341.870000
10/08/1998,342.030000
10/09/1998,343.960000
10/12/1998,345.170000
10/13/1998,345.370000
10/14/1998,345.560000
10/15/1998,345.650000
10/16/1998,345.370000
10/19/1998,346.440000
10/20/1998,346.400000
10/21/1998,346.610000
10/22/1998,346.990000
10/23/1998,347.050000
10/26/1998,347.580000
10/27/1998,347.590000
10/28/1998,347.910000
10/29/1998,348.610000
10/30/1998,348.530000
11/02/1998,348.540000
11/03/1998,348.540000
11/04/1998,348.410000
11/05/1998,347.620000
11/06/1998,347.120000
11/09/1998,348.250000
11/10/1998,348.790000
11/11/1998,349.270000
11/12/1998,349.570000
11/13/1998,349.480000
11/16/1998,349.100000
11/17/1998,349.340000
11/18/1998,349.700000
11/19/1998,349.470000
11/20/1998,348.050000
11/23/1998,348.110000
11/24/1998,347.820000
11/25/1998,348.400000
11/27/1998,348.610000
11/30/1998,348.270000
12/01/1998,349.090000
12/02/1998,349.140000
12/03/1998,348.030000
12/04/1998,349.810000
12/07/1998,349.970000
12/08/1998,350.330000
12/09/1998,350.720000
12/10/1998,350.480000
12/11/1998,350.750000
12/14/1998,349.820000
12/15/1998,351.380000
12/16/1998,351.630000
12/17/1998,351.770000
12/18/1998,352.400000
12/21/1998,352.690000
12/22/1998,353.340000
12/23/1998,352.920000
12/24/1998,352.580000
12/28/1998,353.010000
12/29/1998,352.000000
12/30/1998,352.980000
12/31/1998,353.750000
01/04/1999,354.100000
01/05/1999,353.040000
01/06/1999,348.550000
01/07/1999,349.650000
01/08/1999,348.790000
01/11/1999,351.270000
01/12/1999,354.900000
01/13/1999,356.080000
01/14/1999,357.030000
01/15/1999,357.600000
01/19/1999,357.990000
01/20/1999,358.350000
01/21/1999,358.150000
01/22/1999,358.500000
01/25/1999,359.170000
01/26/1999,359.880000
01/27/1999,359.940000
01/28/1999,360.230000
01/29/1999,360.340000
02/01/1999,360.740000
02/02/1999,361.150000
02/03/1999,361.220000
02/04/1999,361.410000
02/05/1999,361.610000
02/08/1999,362.090000
02/09/1999,361.780000
02/10/1999,362.260000
02/11/1999,362.850000
02/12/1999,362.720000
02/16/1999,363.100000
02/17/1999,363.090000
02/18/1999,363.240000
02/19/1999,364.050000
02/22/1999,364.580000
02/23/1999,364.590000
02/24/1999,365.130000
02/25/1999,365.570000
02/26/1999,365.610000
03/01/1999,366.080000
03/02/1999,365.960000
03/03/1999,366.120000
03/04/1999,367.370000
03/05/1999,367.700000
03/08/1999,367.750000
03/09/1999,367.970000
03/10/1999,368.010000
03/11/1999,367.520000
03/12/1999,368.200000
03/15/1999,368.110000
03/16/1999,368.530000
03/17/1999,369.160000
03/18/1999,369.070000
03/19/1999,369.030000
03/22/1999,369.360000
03/23/1999,367.060000
03/24/1999,367.910000
03/25/1999,370.410000
03/26/1999,370.620000
03/29/1999,372.120000
03/30/1999,372.890000
03/31/1999,371.970000
04/01/1999,373.040000
04/05/1999,374.330000
04/06/1999,374.460000
04/07/1999,374.690000
04/08/1999,374.570000
04/09/1999,374.620000
04/12/1999,374.620000
04/13/1999,375.420000
04/14/1999,375.400000
04/15/1999,375.730000
04/16/1999,375.610000
04/19/1999,374.930000
04/20/1999,375.900000
04/21/1999,376.790000
04/22/1999,376.450000
04/23/1999,376.780000
04/26/1999,376.880000
04/27/1999,376.980000
04/28/1999,377.510000
04/29/1999,377.780000
04/30/1999,378.240000
05/03/1999,378.610000
05/04/1999,379.140000
05/05/1999,379.150000
05/06/1999,378.940000
05/07/1999,379.820000
05/10/1999,380.340000
05/11/1999,380.330000
05/12/1999,380.180000
05/13/1999,380.490000
05/14/1999,381.250000
05/17/1999,381.710000
05/18/1999,381.930000
05/19/1999,382.090000
05/20/1999,382.210000
05/21/1999,382.280000
05/24/1999,381.270000
05/25/1999,379.910000
05/26/1999,381.960000
05/27/1999,380.350000
05/28/1999,382.940000
06/01/1999,382.680000
06/02/1999,383.340000
06/03/1999,383.860000
06/04/1999,386.270000
06/07/1999,386.850000
06/08/1999,386.690000
06/09/1999,386.780000
06/10/1999,386.110000
06/11/1999,385.550000
06/14/1999,386.240000
06/15/1999,387.030000
06/16/1999,388.250000
06/17/1999,388.440000
06/18/1999,389.350000
06/21/1999,389.970000
06/22/1999,390.020000
06/23/1999,390.600000
06/24/1999,389.780000
06/25/1999,390.840000
06/28/1999,391.270000
06/29/1999,391.260000
06/30/1999,391.290000
07/01/1999,390.640000
07/02/1999,389.480000
07/06/1999,390.630000
07/07/1999,389.890000
07/08/1999,390.520000
07/09/1999,390.000000
07/12/1999,391.310000
07/13/1999,392.840000
07/14/1999,393.450000
07/15/1999,391.600000
07/16/1999,391.550000
07/19/1999,391.660000
07/20/1999,390.020000
07/21/1999,390.170000
07/22/1999,388.840000
07/23/1999,388.350000
07/26/1999,387.520000
07/27/1999,389.740000
07/28/1999,390.180000
07/29/1999,387.130000
07/30/1999,385.380000
08/02/1999,385.440000
08/03/1999,384.180000
08/04/1999,380.510000
08/05/1999,382.290000
08/06/1999,379.100000
08/09/1999,378.700000
08/10/1999,374.140000
08/11/1999,379.220000
08/12/1999,378.130000
08/13/1999,388.390000
08/16/1999,389.490000
08/17/1999,393.900000
08/18/1999,390.740000
08/19/1999,387.920000
08/20/1999,389.740000
08/23/1999,389.350000
08/24/1999,389.780000
08/25/1999,388.760000
08/26/1999,390.610000
08/27/1999,391.350000
08/30/1999,391.530000
08/31/1999,391.930000
09/01/1999,392.820000
09/02/1999,392.200000
09/03/1999,393.410000
09/07/1999,393.940000
09/08/1999,394.190000
09/09/1999,394.530000
09/10/1999,395.150000
09/13/1999,395.380000
09/14/1999,395.380000
09/15/1999,395.450000
09/16/1999,395.740000
09/17/1999,395.760000
09/20/1999,396.040000
09/21/1999,396.060000
09/22/1999,396.670000
09/23/1999,394.590000
09/24/1999,394.570000
09/27/1999,396.310000
09/28/1999,396.480000
09/29/1999,394.960000
09/30/1999,397.260000
10/01/1999,397.620000
10/04/1999,399.810000
10/05/1999,399.860000
10/06/1999,401.140000
10/07/1999,401.020000
10/08/1999,401.830000
10/11/1999,401.990000
10/12/1999,401.860000
10/13/1999,401.110000
10/14/1999,402.230000
10/15/1999,402.400000
10/18/1999,402.780000
10/19/1999,403.710000
10/20/1999,404.330000
10/21/1999,404.610000
10/22/1999,404.760000
10/25/1999,405.030000
10/26/1999,405.580000
10/27/1999,405.310000
10/28/1999,402.240000
10/29/1999,399.980000
11/01/1999,401.010000
11/02/1999,402.030000
11/03/1999,401.450000
11/04/1999,401.020000
11/05/1999,399.810000
11/08/1999,399.640000
11/09/1999,401.130000
11/10/1999,400.510000
11/11/1999,399.360000
11/12/1999,397.080000
11/15/1999,397.290000
11/16/1999,394.780000
11/17/1999,395.040000
11/18/1999,394.390000
11/19/1999,395.070000
11/22/1999,395.140000
11/23/1999,395.050000
11/24/1999,395.770000
11/26/1999,395.180000
11/29/1999,395.630000
11/30/1999,394.720000
12/01/1999,396.200000
12/02/1999,397.060000
12/03/1999,398.090000
12/06/1999,398.990000
12/07/1999,399.360000
12/08/1999,398.770000
12/09/1999,399.540000
12/10/1999,400.370000
12/13/1999,400.610000
12/14/1999,400.580000
12/15/1999,401.030000
12/16/1999,401.160000
12/17/1999,401.040000
12/20/1999,400.740000
12/21/1999,401.610000
12/22/1999,401.750000
12/23/1999,401.590000
12/27/1999,401.610000
12/28/1999,401.790000
12/29/1999,401.830000
12/30/1999,401.280000
12/31/1999,401.550000
01/03/2000,403.660000
01/04/2000,402.550000
01/05/2000,403.260000
01/06/2000,403.710000
01/07/2000,406.490000
01/10/2000,406.650000
01/11/2000,407.120000
01/12/2000,407.440000
01/13/2000,407.990000
01/14/2000,408.340000
01/18/2000,408.980000
01/19/2000,409.090000
01/20/2000,409.220000
01/21/2000,409.740000
01/24/2000,406.990000
01/25/2000,408.200000
01/26/2000,408.170000
01/27/2000,407.770000
01/28/2000,402.790000
01/31/2000,407.550000
02/01/2000,409.730000
02/02/2000,409.860000
02/03/2000,411.780000
02/04/2000,412.030000
02/07/2000,412.500000
02/08/2000,413.780000
02/09/2000,412.130000
02/10/2000,412.500000
02/11/2000,409.710000
02/14/2000,411.620000
02/15/2000,414.100000
02/16/2000,412.690000
02/17/2000,414.260000
02/18/2000,414.410000
02/22/2000,415.630000
02/23/2000,417.030000
02/24/2000,416.460000
02/25/2000,415.460000
02/28/2000,417.280000
02/29/2000,418.700000
03/01/2000,419.870000
03/02/2000,420.310000
03/03/2000,420.130000
03/06/2000,420.910000
03/07/2000,420.060000
03/08/2000,421.030000
03/09/2000,421.350000
03/10/2000,421.950000
03/13/2000,422.290000
03/14/2000,421.930000
03/15/2000,422.630000
03/16/2000,417.640000
03/17/2000,421.900000
03/20/2000,422.660000
03/21/2000,422.050000
03/22/2000,422.160000
03/23/2000,419.240000
03/24/2000,418.430000
03/27/2000,419.390000
03/28/2000,421.300000
03/29/2000,421.590000
03/30/2000,423.470000
03/31/2000,423.420000
04/03/2000,424.340000
04/04/2000,423.770000
04/05/2000,424.180000
04/06/2000,424.560000
04/07/2000,425.020000
04/10/2000,426.530000
04/11/2000,426.990000
04/12/2000,427.710000
04/13/2000,426.720000
04/14/2000,410.280000
04/17/2000,424.730000
04/18/2000,430.390000
04/19/2000,431.140000
04/20/2000,431.590000
04/24/2000,432.230000
04/25/2000,431.040000
04/26/2000,431.720000
04/27/2000,432.130000
04/28/2000,433.210000
05/01/2000,433.180000
05/02/2000,433.620000
05/03/2000,432.970000
05/04/2000,433.340000
05/05/2000,435.160000
05/08/2000,436.090000
05/09/2000,435.830000
05/10/2000,434.360000
05/11/2000,436.600000
05/12/2000,437.630000
05/15/2000,438.530000
05/16/2000,438.740000
05/17/2000,438.900000
05/18/2000,439.140000
05/19/2000,439.120000
05/22/2000,439.360000
05/23/2000,438.600000
05/24/2000,440.460000
05/25/2000,440.280000
05/26/2000,440.190000
05/30/2000,442.730000
05/31/2000,443.070000
06/01/2000,443.170000
06/02/2000,441.330000
06/05/2000,442.620000
06/06/2000,443.940000
06/07/2000,443.350000
06/08/2000,444.380000
06/09/2000,445.170000
06/12/2000,446.320000
06/13/2000,445.440000
06/14/2000,446.410000
06/15/2000,446.900000
06/16/2000,447.250000
06/19/2000,446.720000
06/20/2000,447.440000
06/21/2000,447.840000
06/22/2000,447.600000
06/23/2000,447.360000
06/26/2000,448.780000
06/27/2000,449.240000
06/28/2000,450.680000
06/29/2000,450.630000
06/30/2000,451.640000
07/03/2000,452.570000
07/05/2000,451.920000
07/06/2000,452.480000
07/07/2000,453.810000
07/10/2000,454.280000
07/11/2000,454.400000
07/12/2000,454.470000
07/13/2000,454.760000
07/14/2000,454.610000
07/17/2000,455.180000
07/18/2000,455.740000
07/19/2000,455.970000
07/20/2000,456.090000
07/21/2000,456.430000
07/24/2000,456.780000
07/25/2000,457.340000
07/26/2000,456.760000
07/27/2000,456.750000
07/28/2000,451.760000
07/31/2000,454.240000
08/01/2000,456.220000
08/02/2000,456.920000
08/03/2000,459.180000
08/04/2000,461.140000
08/07/2000,462.940000
08/08/2000,463.620000
08/09/2000,463.850000
08/10/2000,463.220000
08/11/2000,464.750000
08/14/2000,465.540000
08/15/2000,465.790000
08/16/2000,465.710000
08/17/2000,466.070000
08/18/2000,466.260000
08/21/2000,466.810000
08/22/2000,467.370000
08/23/2000,467.570000
08/24/2000,467.940000
08/25/2000,469.180000
08/28/2000,469.980000
08/29/2000,470.700000
08/30/2000,470.810000
08/31/2000,471.250000
09/01/2000,471.070000
09/05/2000,471.980000
09/06/2000,472.130000
09/07/2000,473.730000
09/08/2000,474.180000
09/11/2000,474.750000
09/12/2000,474.850000
09/13/2000,475.400000
09/14/2000,475.930000
09/15/2000,475.670000
09/18/2000,474.150000
09/19/2000,475.840000
09/20/2000,475.460000
09/21/2000,475.190000
09/22/2000,475.520000
09/25/2000,475.230000
09/26/2000,474.030000
09/27/2000,473.820000
09/28/2000,478.710000
09/29/2000,476.500000
10/02/2000,476.660000
10/03/2000,475.040000
10/04/2000,477.060000
10/05/2000,477.750000
10/06/2000,472.350000
10/09/2000,471.340000
10/10/2000,467.270000
10/11/2000,459.690000
10/12/2000,450.790000
10/13/2000,461.480000
10/16/2000,462.760000
10/17/2000,451.990000
10/18/2000,448.250000
10/19/2000,467.990000
10/20/2000,463.810000
10/23/2000,464.660000
10/24/2000,464.760000
10/25/2000,463.500000
10/26/2000,462.500000
10/27/2000,465.000000
10/30/2000,466.160000
10/31/2000,466.310000
11/01/2000,466.720000
11/02/2000,466.900000
11/03/2000,467.690000
11/06/2000,467.920000
11/07/2000,468.260000
11/08/2000,469.600000
11/09/2000,469.380000
11/10/2000,468.090000
11/13/2000,468.120000
11/14/2000,471.530000
11/15/2000,472.060000
11/16/2000,472.090000
11/17/2000,472.640000
11/20/2000,471.630000
11/21/2000,472.670000
11/22/2000,470.650000
11/24/2000,473.490000
11/27/2000,474.410000
11/28/2000,473.470000
11/29/2000,474.500000
11/30/2000,470.890000
12/01/2000,472.620000
12/04/2000,474.880000
12/05/2000,478.920000
12/06/2000,478.520000
12/07/2000,478.380000
12/08/2000,480.170000
12/11/2000,480.240000
12/12/2000,480.230000
12/13/2000,481.270000
12/14/2000,481.550000
12/15/2000,481.190000
12/18/2000,481.270000
12/19/2000,482.010000
12/20/2000,477.800000
12/21/2000,479.780000
12/22/2000,482.070000
12/26/2000,482.910000
12/27/2000,483.560000
12/28/2000,484.430000
12/29/2000,485.140000
01/02/2001,483.460000
01/03/2001,486.770000
01/04/2001,486.880000
01/05/2001,486.080000
01/08/2001,486.730000
01/09/2001,487.820000
01/10/2001,489.140000
01/11/2001,489.840000
01/12/2001,490.250000
01/16/2001,490.770000
01/17/2001,491.000000
01/18/2001,491.170000
01/19/2001,491.670000
01/22/2001,492.590000
01/23/2001,493.320000
01/24/2001,493.020000
01/25/2001,493.390000
01/26/2001,494.040000
01/29/2001,494.400000
01/30/2001,494.100000
01/31/2001,495.350000
02/01/2001,495.740000
02/02/2001,497.270000
02/05/2001,497.940000
02/06/2001,498.310000
02/07/2001,498.560000
02/08/2001,498.780000
02/09/2001,498.090000
02/12/2001,499.300000
02/13/2001,499.350000
02/14/2001,499.690000
02/15/2001,499.900000
02/16/2001,499.660000
02/20/2001,498.780000
02/21/2001,496.040000
02/22/2001,496.020000
02/23/2001,495.170000
02/26/2001,499.610000
02/27/2001,498.000000
02/28/2001,494.360000
03/01/2001,495.420000
03/02/2001,494.120000
03/05/2001,496.780000
03/06/2001,500.540000
03/07/2001,502.440000
03/08/2001,503.090000
03/09/2001,495.500000
03/12/2001,475.190000
03/13/2001,482.810000
03/14/2001,468.290000
03/15/2001,470.620000
03/16/2001,460.810000
03/19/2001,461.720000
03/20/2001,461.150000
03/21/2001,460.580000
03/22/2001,460.090000
03/23/2001,462.120000
03/26/2001,463.640000
03/27/2001,464.210000
03/28/2001,463.960000
03/29/2001,463.860000
03/30/2001,464.470000
04/02/2001,464.110000
04/03/2001,461.060000
04/04/2001,461.440000
04/05/2001,465.870000
04/06/2001,464.860000
04/09/2001,465.800000
04/10/2001,467.110000
04/11/2001,467.650000
04/12/2001,468.030000
04/16/2001,468.390000
04/17/2001,468.470000
04/18/2001,466.890000
04/19/2001,465.370000
04/20/2001,468.540000
04/23/2001,468.020000
04/24/2001,467.780000
04/25/2001,469.450000
04/26/2001,470.770000
04/27/2001,471.790000
04/30/2001,472.030000
05/01/2001,471.810000
05/02/2001,472.190000
05/03/2001,473.390000
05/04/2001,473.360000
05/07/2001,474.480000
05/08/2001,475.540000
05/09/2001,476.310000
05/10/2001,476.980000
05/11/2001,477.190000
05/14/2001,477.760000
05/15/2001,478.050000
05/16/2001,477.700000
05/17/2001,478.770000
05/18/2001,478.690000
05/21/2001,478.580000
05/22/2001,479.280000
05/23/2001,479.660000
05/24/2001,481.190000
05/25/2001,481.210000
05/29/2001,480.980000
05/30/2001,478.580000
05/31/2001,480.270000
06/01/2001,481.830000
06/04/2001,483.340000
06/05/2001,485.210000
06/06/2001,484.460000
06/07/2001,485.490000
06/08/2001,484.840000
06/11/2001,484.500000
06/12/2001,485.760000
06/13/2001,484.250000
06/14/2001,477.250000
06/15/2001,471.040000
06/18/2001,471.980000
06/19/2001,472.440000
06/20/2001,472.720000
06/21/2001,473.620000
06/22/2001,474.380000
06/25/2001,474.660000
06/26/2001,474.490000
06/27/2001,474.950000
06/28/2001,475.500000
06/29/2001,476.290000
07/02/2001,476.530000
07/03/2001,476.640000
07/05/2001,477.250000
07/06/2001,475.980000
07/09/2001,477.020000
07/10/2001,475.930000
07/11/2001,476.080000
07/12/2001,478.350000
07/13/2001,478.760000
07/16/2001,478.720000
07/17/2001,479.020000
07/18/2001,479.190000
07/19/2001,479.130000
07/20/2001,479.340000
07/23/2001,479.400000
07/24/2001,477.170000
07/25/2001,479.710000
07/26/2001,480.940000
07/27/2001,482.190000
07/30/2001,482.730000
07/31/2001,483.650000
08/01/2001,484.050000
08/02/2001,484.260000
08/03/2001,485.190000
08/06/2001,484.960000
08/07/2001,485.500000
08/08/2001,484.410000
08/09/2001,484.980000
08/10/2001,486.060000
08/13/2001,486.870000
08/14/2001,487.070000
08/15/2001,487.130000
08/16/2001,487.550000
08/17/2001,486.820000
08/20/2001,488.040000
08/21/2001,488.460000
08/22/2001,489.130000
08/23/2001,489.590000
08/24/2001,489.950000
08/27/2001,490.710000
08/28/2001,490.940000
08/29/2001,490.550000
08/30/2001,488.600000
08/31/2001,489.510000
09/04/2001,489.970000
09/05/2001,490.260000
09/06/2001,487.110000
09/07/2001,482.730000
09/10/2001,484.830000
09/17/2001,469.360000
09/18/2001,465.880000
09/19/2001,457.840000
09/20/2001,447.400000
09/21/2001,447.670000
09/24/2001,448.440000
09/25/2001,448.800000
09/26/2001,449.320000
09/27/2001,449.210000
09/28/2001,448.390000
10/01/2001,449.010000
10/02/2001,448.310000
10/03/2001,445.930000
10/04/2001,446.280000
10/05/2001,446.190000
10/08/2001,447.560000
10/09/2001,448.610000
10/10/2001,446.380000
10/11/2001,443.550000
10/12/2001,444.820000
10/15/2001,445.830000
10/16/2001,444.910000
10/17/2001,449.250000
10/18/2001,451.470000
10/19/2001,452.680000
10/22/2001,452.830000
10/23/2001,453.730000
10/24/2001,454.340000
10/25/2001,453.700000
10/26/2001,453.760000
10/29/2001,455.910000
10/30/2001,456.360000
10/31/2001,456.560000
11/01/2001,456.090000
11/02/2001,456.810000
11/05/2001,456.170000
11/06/2001,454.600000
11/07/2001,455.650000
11/08/2001,455.730000
11/09/2001,456.380000
11/12/2001,457.040000
11/13/2001,453.620000
11/14/2001,453.190000
11/15/2001,454.200000
11/16/2001,452.840000
11/19/2001,453.460000
11/20/2001,453.710000
11/21/2001,454.110000
11/23/2001,454.270000
11/26/2001,454.470000
11/27/2001,454.810000
11/28/2001,454.770000
11/29/2001,455.330000
11/30/2001,456.070000
12/03/2001,456.190000
12/04/2001,456.930000
12/05/2001,455.580000
12/06/2001,456.060000
12/07/2001,457.010000
12/10/2001,457.490000
12/11/2001,457.780000
12/12/2001,458.120000
12/13/2001,457.730000
12/14/2001,458.330000
12/17/2001,458.840000
12/18/2001,459.190000
12/19/2001,459.260000
12/20/2001,459.250000
12/21/2001,459.400000
12/24/2001,460.080000
12/26/2001,460.400000
12/27/2001,460.630000
12/28/2001,460.930000
12/31/2001,461.310000
01/02/2002,461.650000
01/03/2002,461.980000
01/04/2002,462.030000
01/07/2002,462.740000
01/08/2002,463.260000
01/09/2002,463.530000
01/10/2002,463.740000
01/11/2002,463.940000
01/14/2002,464.310000
01/15/2002,464.670000
01/16/2002,464.710000
01/17/2002,464.800000
01/18/2002,464.800000
01/22/2002,465.530000
01/23/2002,466.420000
01/24/2002,466.720000
01/25/2002,467.100000
01/28/2002,467.870000
01/29/2002,465.590000
01/30/2002,467.400000
01/31/2002,468.540000
02/01/2002,468.980000
02/04/2002,466.420000
02/05/2002,466.110000
02/06/2002,465.520000
02/07/2002,465.490000
02/08/2002,468.760000
02/11/2002,470.680000
02/12/2002,470.760000
02/13/2002,471.070000
02/14/2002,471.290000
02/15/2002,471.240000
02/19/2002,470.150000
02/20/2002,471.930000
02/21/2002,470.370000
02/22/2002,471.850000
02/25/2002,473.680000
02/26/2002,474.090000
02/27/2002,474.630000
02/28/2002,474.620000
03/01/2002,474.480000
03/04/2002,471.400000
03/05/2002,473.200000
03/06/2002,470.320000
03/07/2002,472.180000
03/08/2002,471.050000
03/11/2002,470.590000
03/12/2002,472.350000
03/13/2002,475.820000
03/14/2002,477.220000
03/15/2002,477.980000
03/18/2002,478.190000
03/19/2002,478.330000
03/20/2002,479.500000
03/21/2002,480.120000
03/22/2002,480.840000
03/25/2002,479.830000
03/26/2002,481.260000
03/27/2002,482.010000
03/28/2002,482.330000
04/01/2002,482.520000
04/02/2002,482.200000
04/03/2002,480.880000
04/04/2002,481.570000
04/05/2002,481.950000
04/08/2002,482.590000
04/09/2002,481.910000
04/10/2002,484.040000
04/11/2002,479.650000
04/12/2002,481.980000
04/15/2002,481.200000
04/16/2002,485.330000
04/17/2002,485.420000
04/18/2002,485.830000
04/19/2002,486.030000
04/22/2002,485.130000
04/23/2002,484.630000
04/24/2002,483.940000
04/25/2002,483.990000
04/26/2002,480.540000
04/29/2002,477.910000
04/30/2002,481.550000
05/01/2002,484.320000
05/02/2002,484.300000
05/03/2002,481.910000
05/06/2002,475.340000
05/07/2002,473.920000
05/08/2002,486.770000
05/09/2002,483.150000
05/10/2002,477.590000
05/13/2002,485.970000
05/14/2002,490.400000
05/15/2002,490.450000
05/16/2002,491.430000
05/17/2002,491.920000
05/20/2002,491.630000
05/21/2002,491.050000
05/22/2002,492.080000
05/23/2002,493.340000
05/24/2002,492.700000
05/28/2002,492.180000
05/29/2002,491.690000
05/30/2002,491.420000
05/31/2002,492.300000
06/03/2002,484.900000
06/04/2002,485.300000
06/05/2002,488.400000
06/06/2002,482.010000
06/07/2002,481.930000
06/10/2002,482.900000
06/11/2002,476.230000
06/12/2002,479.040000
06/13/2002,473.370000
06/14/2002,472.840000
06/17/2002,487.470000
06/18/2002,488.500000
06/19/2002,478.970000
06/20/2002,470.230000
06/21/2002,460.830000
06/24/2002,461.200000
06/25/2002,460.910000
06/26/2002,461.120000
06/27/2002,462.570000
06/28/2002,462.920000
07/01/2002,461.910000
07/02/2002,459.210000
07/03/2002,460.570000
07/05/2002,464.440000
07/08/2002,464.210000
07/09/2002,461.600000
07/10/2002,454.280000
07/11/2002,456.770000
07/12/2002,455.650000
07/15/2002,454.400000
07/16/2002,448.760000
07/17/2002,451.550000
07/18/2002,437.770000
07/19/2002,428.220000
07/22/2002,425.600000
07/23/2002,422.810000
07/24/2002,428.390000
07/25/2002,428.860000
07/26/2002,430.860000
07/29/2002,430.640000
07/30/2002,430.370000
07/31/2002,429.370000
08/01/2002,430.910000
08/02/2002,430.910000
08/05/2002,430.330000
08/06/2002,432.540000
08/07/2002,433.320000
08/08/2002,431.900000
08/09/2002,432.240000
08/12/2002,433.340000
08/13/2002,435.850000
08/14/2002,433.660000
08/15/2002,433.270000
08/16/2002,436.900000
08/19/2002,436.370000
08/20/2002,436.870000
08/21/2002,437.120000
08/22/2002,436.150000
08/23/2002,437.580000
08/26/2002,437.700000
08/27/2002,438.570000
08/28/2002,437.960000
08/29/2002,438.060000
08/30/2002,438.770000
09/03/2002,435.440000
09/04/2002,437.540000
09/05/2002,436.580000
09/06/2002,438.430000
09/09/2002,439.640000
09/10/2002,440.700000
09/11/2002,440.900000
09/12/2002,439.330000
09/13/2002,440.680000
09/16/2002,441.550000
09/17/2002,440.400000
09/18/2002,441.190000
09/19/2002,436.160000
09/20/2002,437.590000
09/23/2002,438.060000
09/24/2002,437.800000
09/25/2002,439.160000
09/26/2002,440.020000
09/27/2002,439.590000
09/30/2002,438.830000
10/01/2002,441.120000
10/02/2002,440.280000
10/03/2002,439.950000
10/04/2002,438.870000
10/07/2002,437.450000
10/08/2002,439.750000
10/09/2002,437.290000
10/10/2002,441.230000
10/11/2002,443.360000
10/14/2002,443.890000
10/15/2002,443.520000
10/16/2002,444.160000
10/17/2002,444.290000
10/18/2002,444.720000
10/21/2002,444.090000
10/22/2002,444.770000
10/23/2002,445.010000
10/24/2002,446.120000
10/25/2002,446.860000
10/28/2002,447.700000
10/29/2002,447.770000
10/30/2002,448.250000
10/31/2002,448.860000
11/01/2002,448.790000
11/04/2002,448.940000
11/05/2002,448.320000
11/06/2002,447.920000
11/07/2002,450.000000
11/08/2002,450.920000
11/11/2002,451.220000
11/12/2002,451.500000
11/13/2002,451.610000
11/14/2002,451.690000
11/15/2002,451.750000
11/18/2002,452.590000
11/19/2002,452.780000
11/20/2002,453.230000
11/21/2002,452.150000
11/22/2002,453.090000
11/25/2002,452.750000
11/26/2002,454.220000
11/27/2002,451.100000
11/29/2002,451.850000
12/02/2002,453.080000
12/03/2002,454.540000
12/04/2002,454.500000
12/05/2002,455.060000
12/06/2002,455.770000
12/09/2002,456.280000
12/10/2002,457.430000
12/11/2002,457.990000
12/12/2002,458.350000
12/13/2002,458.240000
12/16/2002,458.710000
12/17/2002,458.890000
12/18/2002,458.830000
12/19/2002,458.690000
12/20/2002,459.570000
12/23/2002,460.520000
12/24/2002,460.700000
12/26/2002,461.010000
12/27/2002,460.240000
12/30/2002,461.120000
12/31/2002,461.830000
01/02/2003,463.150000
01/03/2003,463.690000
01/06/2003,462.000000
01/07/2003,463.110000
01/08/2003,464.390000
01/09/2003,463.360000
01/10/2003,463.810000
01/13/2003,464.380000
01/14/2003,464.480000
01/15/2003,465.340000
01/16/2003,465.560000
01/17/2003,465.510000
01/21/2003,465.260000
01/22/2003,464.540000
01/23/2003,465.880000
01/24/2003,462.190000
01/27/2003,459.540000
01/28/2003,462.040000
01/29/2003,463.580000
01/30/2003,460.530000
01/31/2003,462.810000
02/03/2003,464.120000
02/04/2003,461.690000
02/05/2003,460.820000
02/06/2003,459.760000
02/07/2003,457.440000
02/10/2003,460.150000
02/11/2003,458.370000
02/12/2003,455.180000
02/13/2003,454.270000
02/14/2003,462.130000
02/18/2003,469.030000
02/19/2003,468.480000
02/20/2003,466.370000
02/21/2003,468.850000
02/24/2003,469.100000
02/25/2003,469.670000
02/26/2003,469.640000
02/27/2003,470.800000
02/28/2003,471.370000
03/03/2003,472.020000
03/04/2003,471.400000
03/05/2003,472.340000
03/06/2003,472.460000
03/07/2003,473.020000
03/10/2003,471.890000
03/11/2003,471.610000
03/12/2003,472.530000
03/13/2003,475.000000
03/14/2003,475.600000
03/17/2003,474.480000
03/18/2003,475.190000
03/19/2003,474.920000
03/20/2003,476.270000
03/21/2003,476.040000
03/24/2003,477.310000
03/25/2003,478.900000
03/26/2003,479.250000
03/27/2003,479.850000
03/28/2003,480.030000
03/31/2003,479.200000
04/01/2003,481.170000
04/02/2003,481.860000
04/03/2003,482.340000
04/04/2003,481.960000
04/07/2003,483.670000
04/08/2003,484.680000
04/09/2003,484.690000
04/10/2003,485.720000
04/11/2003,486.010000
04/14/2003,486.280000
04/15/2003,486.450000
04/16/2003,486.610000
04/17/2003,486.590000
04/21/2003,487.450000
04/22/2003,485.330000
04/23/2003,484.280000
04/24/2003,486.510000
04/25/2003,488.980000
04/28/2003,486.470000
04/29/2003,486.180000
04/30/2003,487.000000
05/01/2003,486.970000
05/02/2003,483.640000
05/05/2003,485.290000
05/06/2003,482.330000
05/07/2003,484.820000
05/08/2003,488.930000
05/09/2003,484.850000
05/12/2003,479.120000
05/13/2003,480.810000
05/14/2003,482.970000
05/15/2003,478.150000
05/16/2003,481.370000
05/19/2003,479.950000
05/20/2003,479.350000
05/21/2003,480.320000
05/22/2003,482.080000
05/23/2003,482.890000
05/27/2003,482.660000
05/28/2003,482.850000
05/29/2003,483.190000
05/30/2003,482.330000
06/02/2003,481.630000
06/03/2003,480.870000
06/04/2003,477.160000
06/05/2003,476.240000
06/06/2003,477.450000
06/09/2003,481.640000
06/10/2003,480.070000
06/11/2003,475.120000
06/12/2003,474.280000
06/13/2003,479.420000
06/16/2003,468.470000
06/17/2003,468.100000
06/18/2003,468.680000
06/19/2003,480.430000
06/20/2003,475.630000
06/23/2003,474.670000
06/24/2003,475.070000
06/25/2003,474.550000
06/26/2003,476.510000
06/27/2003,476.590000
06/30/2003,476.190000
07/01/2003,477.840000
07/02/2003,479.030000
07/03/2003,478.640000
07/07/2003,479.350000
07/08/2003,480.010000
07/09/2003,481.060000
07/10/2003,481.390000
07/11/2003,482.150000
07/14/2003,482.010000
07/15/2003,482.240000
07/16/2003,482.540000
07/17/2003,482.500000
07/18/2003,482.830000
07/21/2003,483.830000
07/22/2003,484.230000
07/23/2003,484.960000
07/24/2003,485.330000
07/25/2003,485.000000
07/28/2003,485.720000
07/29/2003,486.460000
07/30/2003,486.720000
07/31/2003,486.620000
08/01/2003,486.400000
08/04/2003,487.570000
08/05/2003,486.330000
08/06/2003,487.650000
08/07/2003,488.880000
08/08/2003,489.740000
08/11/2003,489.960000
08/12/2003,490.160000
08/13/2003,490.290000
08/14/2003,490.410000
08/15/2003,490.550000
08/18/2003,490.970000
08/19/2003,491.130000
08/20/2003,491.660000
08/21/2003,491.410000
08/22/2003,492.130000
08/25/2003,492.620000
08/26/2003,492.620000
08/27/2003,493.220000
08/28/2003,493.290000
08/29/2003,492.670000
09/02/2003,490.520000
09/03/2003,489.080000
09/04/2003,489.300000
09/05/2003,492.760000
09/08/2003,489.720000
09/09/2003,492.700000
09/10/2003,495.450000
09/11/2003,495.520000
09/12/2003,495.780000
09/15/2003,496.990000
09/16/2003,494.260000
09/17/2003,496.400000
09/18/2003,490.680000
09/19/2003,491.130000
09/22/2003,490.210000
09/23/2003,490.940000
09/24/2003,488.110000
09/25/2003,487.070000
09/26/2003,486.170000
09/29/2003,488.940000
09/30/2003,486.670000
10/01/2003,491.430000
10/02/2003,492.750000
10/03/2003,494.300000
10/06/2003,495.420000
10/07/2003,495.930000
10/08/2003,496.000000
10/09/2003,496.950000
10/10/2003,497.310000
10/13/2003,497.760000
10/14/2003,498.000000
10/15/2003,498.240000
10/16/2003,498.360000
10/17/2003,498.270000
10/20/2003,499.410000
10/21/2003,499.830000
10/22/2003,498.770000
10/23/2003,499.440000
10/24/2003,499.440000
10/27/2003,500.120000
10/28/2003,501.240000
10/29/2003,501.750000
10/30/2003,501.750000
10/31/2003,502.250000
11/03/2003,501.830000
11/04/2003,502.510000
11/05/2003,502.780000
11/06/2003,502.630000
11/07/2003,503.050000
11/10/2003,503.380000
11/11/2003,503.570000
11/12/2003,503.980000
11/13/2003,504.350000
11/14/2003,504.260000
11/17/2003,504.240000
11/18/2003,504.270000
11/19/2003,504.640000
11/20/2003,504.620000
11/21/2003,505.020000
11/24/2003,505.490000
11/25/2003,505.650000
11/26/2003,505.630000
11/28/2003,505.530000
12/01/2003,503.560000
12/02/2003,504.730000
12/03/2003,505.000000
12/04/2003,504.190000
12/05/2003,506.020000
12/08/2003,505.420000
12/09/2003,507.300000
12/10/2003,508.090000
12/11/2003,505.590000
12/12/2003,505.330000
12/15/2003,507.340000
12/16/2003,505.730000
12/17/2003,506.010000
12/18/2003,498.940000
12/19/2003,497.180000
12/22/2003,497.290000
12/23/2003,497.480000
12/24/2003,497.850000
12/26/2003,497.770000
12/29/2003,496.670000
12/30/2003,496.450000
12/31/2003,496.280000
01/02/2004,496.990000
01/05/2004,494.570000
01/06/2004,495.060000
01/07/2004,494.990000
01/08/2004,493.360000
01/09/2004,496.340000
01/12/2004,495.120000
01/13/2004,498.560000
01/14/2004,494.530000
01/15/2004,494.090000
01/16/2004,490.420000
01/20/2004,490.880000
01/21/2004,490.960000
01/22/2004,491.140000
01/23/2004,491.630000
01/26/2004,490.920000
01/27/2004,492.010000
01/28/2004,492.070000
01/29/2004,491.970000
01/30/2004,492.710000
02/02/2004,493.180000
02/03/2004,493.210000
02/04/2004,493.150000
02/05/2004,493.630000
02/06/2004,494.650000
02/09/2004,495.120000
02/10/2004,495.410000
02/11/2004,494.210000
02/12/2004,495.690000
02/13/2004,495.930000
02/17/2004,495.850000
02/18/2004,496.520000
02/19/2004,496.540000
02/20/2004,496.770000
02/23/2004,497.380000
02/24/2004,497.950000
02/25/2004,499.010000
02/26/2004,499.290000
02/27/2004,499.950000
03/01/2004,499.270000
03/02/2004,500.180000
03/03/2004,500.170000
03/04/2004,500.020000
03/05/2004,499.950000
03/08/2004,501.400000
03/09/2004,501.420000
03/10/2004,499.690000
03/11/2004,496.090000
03/12/2004,501.040000
03/15/2004,497.940000
03/16/2004,500.770000
03/17/2004,502.970000
03/18/2004,503.150000
03/19/2004,502.820000
03/22/2004,501.200000
03/23/2004,501.980000
03/24/2004,502.280000
03/25/2004,505.140000
03/26/2004,505.850000
03/29/2004,506.740000
03/30/2004,507.000000
03/31/2004,506.810000
04/01/2004,506.780000
04/02/2004,506.730000
04/05/2004,506.290000
04/06/2004,506.980000
04/07/2004,508.050000
04/08/2004,508.470000
04/12/2004,508.720000
04/13/2004,509.320000
04/14/2004,509.600000
04/15/2004,509.680000
04/16/2004,509.770000
04/19/2004,510.370000
04/20/2004,509.520000
04/21/2004,510.560000
04/22/2004,511.320000
04/23/2004,512.000000
04/26/2004,512.140000
04/27/2004,512.170000
04/28/2004,511.260000
04/29/2004,510.760000
04/30/2004,510.090000
05/03/2004,512.160000
05/04/2004,511.900000
05/05/2004,513.350000
05/06/2004,512.090000
05/07/2004,509.450000
05/10/2004,506.790000
05/11/2004,509.970000
05/12/2004,511.150000
05/13/2004,510.860000
05/14/2004,511.630000
05/17/2004,508.520000
05/18/2004,512.290000
05/19/2004,512.650000
05/20/2004,514.450000
05/21/2004,516.220000
05/24/2004,517.930000
05/25/2004,518.040000
05/26/2004,517.650000
05/27/2004,517.280000
05/28/2004,517.820000
06/01/2004,517.870000
06/02/2004,517.620000
06/03/2004,519.530000
06/04/2004,519.300000
06/07/2004,514.360000
06/08/2004,514.480000
06/09/2004,519.290000
06/10/2004,518.430000
06/14/2004,522.290000
06/15/2004,521.280000
06/16/2004,522.140000
06/17/2004,523.700000
06/18/2004,524.330000
06/21/2004,525.010000
06/22/2004,525.780000
06/23/2004,526.170000
06/24/2004,526.050000
06/25/2004,526.150000
06/28/2004,525.960000
06/29/2004,526.740000
06/30/2004,527.820000
07/01/2004,527.370000
07/02/2004,527.320000
07/06/2004,526.740000
07/07/2004,527.770000
07/08/2004,526.480000
07/09/2004,528.020000
07/12/2004,529.060000
07/13/2004,529.890000
07/14/2004,529.860000
07/15/2004,530.140000
07/16/2004,531.140000
07/19/2004,531.830000
07/20/2004,532.280000
07/21/2004,531.690000
07/22/2004,532.510000
07/23/2004,531.580000
07/26/2004,531.720000
07/27/2004,533.690000
07/28/2004,533.740000
07/29/2004,534.630000
07/30/2004,534.720000
08/02/2004,535.410000
08/03/2004,535.350000
08/04/2004,535.370000
08/05/2004,533.460000
08/06/2004,530.640000
08/09/2004,532.350000
08/10/2004,535.300000
08/11/2004,535.090000
08/12/2004,532.890000
08/13/2004,534.710000
08/16/2004,537.210000
08/17/2004,537.200000
08/18/2004,537.360000
08/19/2004,537.700000
08/20/2004,538.400000
08/23/2004,539.120000
08/24/2004,539.760000
08/25/2004,540.030000
08/26/2004,539.880000
08/27/2004,540.090000
08/30/2004,540.930000
08/31/2004,540.950000
09/01/2004,541.280000
09/02/2004,540.080000
09/03/2004,541.650000
09/07/2004,540.720000
09/08/2004,542.220000
09/09/2004,542.660000
09/10/2004,542.000000
09/13/2004,542.330000
09/14/2004,542.040000
09/15/2004,543.730000
09/16/2004,544.300000
09/17/2004,544.540000
09/20/2004,544.830000
09/21/2004,546.060000
09/22/2004,544.480000
09/23/2004,544.000000
09/24/2004,545.130000
09/27/2004,543.800000
09/28/2004,546.320000
09/29/2004,547.280000
09/30/2004,547.500000
10/01/2004,549.630000
10/04/2004,549.500000
10/05/2004,549.850000
10/06/2004,550.070000
10/07/2004,550.020000
10/08/2004,550.650000
10/11/2004,551.240000
10/12/2004,551.490000
10/13/2004,550.990000
10/14/2004,551.360000
10/15/2004,552.790000
10/18/2004,553.850000
10/19/2004,553.520000
10/20/2004,553.970000
10/21/2004,554.650000
10/22/2004,553.520000
10/25/2004,552.940000
10/26/2004,554.440000
10/27/2004,554.160000
10/28/2004,554.350000
10/29/2004,553.710000
11/01/2004,554.130000
11/02/2004,554.380000
11/03/2004,554.050000
11/04/2004,548.240000
11/05/2004,547.020000
11/08/2004,547.110000
11/09/2004,547.690000
11/10/2004,548.310000
11/11/2004,543.130000
11/12/2004,539.110000
11/15/2004,537.810000
11/16/2004,541.560000
11/17/2004,538.260000
11/18/2004,535.720000
11/19/2004,534.830000
11/22/2004,536.410000
11/23/2004,537.120000
11/24/2004,537.640000
11/26/2004,538.240000
11/29/2004,538.600000
11/30/2004,539.220000
12/01/2004,537.570000
12/02/2004,538.140000
12/03/2004,539.010000
12/06/2004,539.400000
12/07/2004,541.050000
12/08/2004,541.520000
12/09/2004,541.490000
12/10/2004,542.440000
12/13/2004,541.120000
12/14/2004,540.440000
12/15/2004,541.210000
12/16/2004,543.220000
12/17/2004,543.680000
12/20/2004,545.200000
12/21/2004,545.640000
12/22/2004,545.320000
12/23/2004,545.950000
12/27/2004,546.810000
12/28/2004,545.930000
12/29/2004,546.020000
12/30/2004,545.960000
12/31/2004,546.380000
01/03/2005,547.870000
01/04/2005,547.460000
01/05/2005,548.180000
01/06/2005,548.480000
01/07/2005,549.510000
01/10/2005,550.590000
01/11/2005,549.900000
01/12/2005,551.200000
01/13/2005,550.320000
01/14/2005,551.670000
01/18/2005,552.590000
01/19/2005,552.560000
01/20/2005,552.420000
01/21/2005,551.550000
01/24/2005,551.890000
01/25/2005,553.500000
01/26/2005,554.810000
01/27/2005,555.860000
01/28/2005,555.730000
01/31/2005,556.820000
02/01/2005,557.160000
02/02/2005,556.880000
02/03/2005,557.570000
02/04/2005,555.290000
02/07/2005,556.040000
02/08/2005,556.350000
02/09/2005,559.030000
02/10/2005,558.730000
02/11/2005,556.700000
02/14/2005,557.680000
02/15/2005,556.720000
02/16/2005,557.920000
02/17/2005,560.270000
02/18/2005,561.420000
02/22/2005,559.200000
02/23/2005,561.410000
02/24/2005,563.150000
02/25/2005,561.800000
02/28/2005,562.860000
03/01/2005,562.300000
03/02/2005,562.140000
03/03/2005,562.650000
03/04/2005,560.830000
03/07/2005,560.660000
03/08/2005,563.690000
03/09/2005,566.030000
03/10/2005,566.820000
03/11/2005,567.520000
03/14/2005,568.110000
03/15/2005,568.210000
03/16/2005,568.210000
03/17/2005,568.720000
03/18/2005,569.400000
03/21/2005,569.960000
03/22/2005,568.370000
03/23/2005,568.460000
03/24/2005,569.720000
03/28/2005,571.220000
03/29/2005,567.890000
03/30/2005,572.980000
03/31/2005,572.740000
04/01/2005,571.790000
04/04/2005,573.530000
04/05/2005,574.990000
04/06/2005,575.680000
04/07/2005,576.610000
04/08/2005,576.440000
04/11/2005,577.120000
04/12/2005,577.640000
04/13/2005,577.420000
04/14/2005,576.400000
04/15/2005,573.890000
04/18/2005,575.590000
04/19/2005,578.090000
04/20/2005,575.190000
04/21/2005,579.420000
04/22/2005,578.450000
04/25/2005,580.350000
04/26/2005,579.920000
04/27/2005,580.840000
04/28/2005,578.020000
04/29/2005,580.420000
05/02/2005,581.990000
05/03/2005,582.540000
05/04/2005,582.830000
05/05/2005,583.130000
05/06/2005,583.810000
05/09/2005,584.340000
05/10/2005,584.370000
05/11/2005,585.030000
05/12/2005,584.200000
05/13/2005,584.470000
05/16/2005,585.630000
05/17/2005,585.870000
05/18/2005,585.810000
05/19/2005,585.930000
05/20/2005,586.200000
05/23/2005,587.580000
05/24/2005,588.050000
05/25/2005,588.730000
05/26/2005,588.300000
05/27/2005,588.670000
05/31/2005,589.480000
06/01/2005,589.350000
06/02/2005,589.050000
06/03/2005,590.740000
06/06/2005,591.290000
06/07/2005,591.010000
06/08/2005,591.500000
06/09/2005,591.660000
06/10/2005,592.270000
06/13/2005,592.480000
06/14/2005,592.570000
06/15/2005,593.250000
06/16/2005,592.880000
06/17/2005,591.060000
06/20/2005,592.190000
06/21/2005,592.870000
06/22/2005,593.420000
06/23/2005,590.800000
06/24/2005,587.450000
06/27/2005,587.820000
06/28/2005,593.220000
06/29/2005,593.000000
06/30/2005,589.220000
07/01/2005,592.790000
07/05/2005,596.300000
07/06/2005,593.180000
07/07/2005,594.530000
07/08/2005,598.700000
07/11/2005,599.500000
07/12/2005,599.850000
07/13/2005,600.190000
07/14/2005,600.340000
07/15/2005,601.400000
07/18/2005,601.330000
07/19/2005,602.760000
07/20/2005,602.510000
07/21/2005,602.200000
07/22/2005,603.000000
07/25/2005,603.450000
07/26/2005,604.240000
07/27/2005,604.540000
07/28/2005,603.290000
07/29/2005,604.120000
08/01/2005,604.430000
08/02/2005,603.990000
08/03/2005,604.040000
08/04/2005,605.850000
08/05/2005,606.240000
08/08/2005,606.410000
08/09/2005,607.480000
08/10/2005,607.810000
08/11/2005,608.050000
08/12/2005,608.460000
08/15/2005,608.970000
08/16/2005,608.750000
08/17/2005,608.930000
08/18/2005,609.180000
08/19/2005,608.400000
08/22/2005,609.940000
08/23/2005,610.470000
08/24/2005,608.680000
08/25/2005,609.630000
08/26/2005,609.170000
08/29/2005,611.650000
08/30/2005,611.000000
08/31/2005,613.090000
09/01/2005,613.380000
09/02/2005,613.060000
09/06/2005,614.610000
09/07/2005,615.330000
09/08/2005,615.850000
09/09/2005,616.000000
09/12/2005,616.500000
09/13/2005,616.980000
09/14/2005,617.040000
09/15/2005,617.210000
09/16/2005,617.590000
09/19/2005,617.960000
09/20/2005,617.390000
09/21/2005,614.290000
09/22/2005,616.220000
09/23/2005,616.800000
09/26/2005,617.500000
09/27/2005,618.000000
09/28/2005,618.450000
09/29/2005,620.710000
09/30/2005,621.260000
10/03/2005,621.760000
10/04/2005,619.240000
10/05/2005,612.400000
10/06/2005,609.830000
10/07/2005,612.880000
10/10/2005,609.110000
10/11/2005,607.600000
10/12/2005,603.030000
10/13/2005,602.330000
10/14/2005,610.760000
10/17/2005,614.170000
10/18/2005,604.450000
10/19/2005,619.880000
10/20/2005,602.140000
10/21/2005,609.470000
10/24/2005,609.930000
10/25/2005,610.750000
10/26/2005,611.630000
10/27/2005,610.980000
10/28/2005,611.660000
10/31/2005,610.330000
11/01/2005,612.100000
11/02/2005,609.670000
11/03/2005,608.400000
11/04/2005,608.720000
11/07/2005,608.270000
11/08/2005,610.390000
11/09/2005,610.260000
11/10/2005,605.430000
11/11/2005,604.000000
11/14/2005,604.260000
11/15/2005,607.500000
11/16/2005,606.870000
11/17/2005,597.250000
11/18/2005,594.840000
11/21/2005,595.310000
11/22/2005,594.350000
11/23/2005,592.850000
11/25/2005,592.370000
11/28/2005,595.660000
11/29/2005,595.940000
11/30/2005,597.840000
12/01/2005,595.620000
12/02/2005,595.950000
12/05/2005,597.590000
12/06/2005,597.800000
12/07/2005,599.520000
12/08/2005,600.300000
12/09/2005,600.970000
12/12/2005,601.310000
12/13/2005,600.470000
12/14/2005,598.460000
12/15/2005,601.500000
12/16/2005,602.550000
12/19/2005,601.800000
12/20/2005,602.600000
12/21/2005,603.660000
12/22/2005,605.160000
12/23/2005,605.800000
12/27/2005,603.560000
12/28/2005,604.200000
12/29/2005,603.550000
12/30/2005,601.110000
01/03/2006,608.270000
01/04/2006,608.210000
01/05/2006,608.910000
01/06/2006,609.310000
01/09/2006,609.240000
01/10/2006,610.760000
01/11/2006,610.060000
01/12/2006,611.770000
01/13/2006,612.010000
01/17/2006,612.210000
01/18/2006,612.480000
01/19/2006,612.600000
01/20/2006,610.450000
01/23/2006,612.580000
01/24/2006,614.230000
01/25/2006,614.420000
01/26/2006,616.290000
01/27/2006,616.260000
01/30/2006,616.580000
01/31/2006,616.870000
02/01/2006,617.650000
02/02/2006,617.340000
02/03/2006,617.470000
02/06/2006,619.070000
02/07/2006,616.650000
02/08/2006,620.660000
02/09/2006,620.540000
02/10/2006,621.630000
02/13/2006,621.890000
02/14/2006,622.770000
02/15/2006,623.140000
02/16/2006,623.240000
02/17/2006,623.490000
02/21/2006,624.420000
02/22/2006,625.030000
02/23/2006,625.510000
02/24/2006,626.760000
02/27/2006,627.130000
02/28/2006,626.400000
03/01/2006,628.280000
03/02/2006,628.240000
03/03/2006,628.510000
03/06/2006,627.730000
03/07/2006,627.660000
03/08/2006,629.170000
03/09/2006,627.780000
03/10/2006,630.730000
03/13/2006,631.610000
03/14/2006,632.290000
03/15/2006,631.990000
03/16/2006,632.640000
03/17/2006,633.100000
03/20/2006,633.620000
03/21/2006,633.840000
03/22/2006,635.200000
03/23/2006,634.930000
03/24/2006,635.760000
03/27/2006,636.110000
03/28/2006,635.230000
03/29/2006,637.370000
03/30/2006,636.960000
03/31/2006,636.250000
04/03/2006,637.440000
04/04/2006,638.860000
04/05/2006,639.340000
04/06/2006,639.540000
04/07/2006,637.690000
04/10/2006,639.180000
04/11/2006,637.040000
04/12/2006,638.630000
04/13/2006,639.730000
04/17/2006,640.070000
04/18/2006,642.680000
04/19/2006,643.020000
04/20/2006,643.120000
04/21/2006,643.480000
04/24/2006,644.140000
04/25/2006,643.670000
04/26/2006,644.530000
04/27/2006,645.750000
04/28/2006,646.120000
05/01/2006,645.480000
05/02/2006,647.290000
05/03/2006,647.370000
05/04/2006,647.940000
05/05/2006,648.570000
05/08/2006,649.300000
05/09/2006,649.640000
05/10/2006,650.430000
05/11/2006,649.830000
05/12/2006,645.190000
05/15/2006,648.490000
05/16/2006,648.900000
05/17/2006,632.640000
05/18/2006,622.760000
05/19/2006,627.410000
05/22/2006,627.750000
05/23/2006,627.970000
05/24/2006,628.610000
05/25/2006,630.060000
05/26/2006,630.690000
05/30/2006,629.150000
05/31/2006,631.150000
06/01/2006,632.010000
06/02/2006,631.970000
06/05/2006,632.030000
06/06/2006,632.390000
06/07/2006,632.630000
06/08/2006,633.250000
06/09/2006,633.210000
06/12/2006,631.530000
06/13/2006,629.040000
06/14/2006,634.190000
06/15/2006,635.710000
06/16/2006,636.120000
06/19/2006,636.360000
06/20/2006,636.960000
06/21/2006,638.240000
06/22/2006,637.950000
06/23/2006,638.320000
06/26/2006,639.420000
06/27/2006,638.720000
06/28/2006,639.170000
06/29/2006,640.060000
06/30/2006,640.560000
07/03/2006,640.530000
07/05/2006,641.350000
07/06/2006,641.590000
07/07/2006,642.500000
07/10/2006,642.950000
07/11/2006,643.270000
07/12/2006,643.330000
07/13/2006,642.310000
07/14/2006,642.470000
07/17/2006,642.930000
07/18/2006,643.280000
07/19/2006,644.540000
07/20/2006,644.790000
07/21/2006,644.040000
07/24/2006,646.210000
07/25/2006,645.490000
07/26/2006,646.030000
07/27/2006,646.310000
07/28/2006,644.920000
07/31/2006,645.960000
08/01/2006,647.550000
08/02/2006,646.740000
08/03/2006,646.350000
08/04/2006,647.520000
08/07/2006,648.410000
08/08/2006,650.320000
08/09/2006,652.340000
08/10/2006,652.100000
08/11/2006,653.340000
08/14/2006,653.880000
08/15/2006,651.330000
08/16/2006,648.370000
08/17/2006,647.370000
08/18/2006,647.050000
08/21/2006,647.320000
08/22/2006,648.090000
08/23/2006,648.000000
08/24/2006,648.630000
08/25/2006,649.220000
08/28/2006,650.470000
08/29/2006,650.860000
08/30/2006,651.330000
08/31/2006,651.630000
09/01/2006,651.840000
09/05/2006,652.520000
09/06/2006,652.940000
09/07/2006,653.120000
09/08/2006,654.310000
09/11/2006,654.960000
09/12/2006,655.080000
09/13/2006,655.320000
09/14/2006,655.620000
09/15/2006,655.800000
09/18/2006,656.360000
09/19/2006,654.690000
09/20/2006,657.350000
09/21/2006,656.180000
09/22/2006,655.910000
09/25/2006,658.330000
09/26/2006,658.670000
09/27/2006,658.270000
09/28/2006,658.310000
09/29/2006,658.950000
10/02/2006,660.250000
10/03/2006,660.920000
10/04/2006,658.810000
10/05/2006,657.960000
10/06/2006,660.130000
10/09/2006,660.640000
10/10/2006,660.700000
10/11/2006,662.030000
10/12/2006,658.090000
10/13/2006,657.950000
10/16/2006,656.570000
10/17/2006,659.790000
10/18/2006,660.560000
10/19/2006,661.390000
10/20/2006,660.250000
10/23/2006,659.050000
10/24/2006,659.710000
10/25/2006,659.390000
10/26/2006,657.950000
10/27/2006,661.240000
10/30/2006,661.910000
10/31/2006,663.110000
11/01/2006,663.700000
11/02/2006,664.790000
11/03/2006,665.650000
11/06/2006,665.880000
11/07/2006,665.370000
11/08/2006,666.230000
11/09/2006,668.150000
11/10/2006,668.910000
11/13/2006,669.080000
11/14/2006,667.430000
11/15/2006,666.250000
11/16/2006,667.480000
11/17/2006,671.860000
11/20/2006,673.350000
11/21/2006,674.270000
11/22/2006,674.260000
11/24/2006,674.410000
11/27/2006,671.250000
11/28/2006,673.910000
11/29/2006,676.880000
11/30/2006,677.580000
12/01/2006,676.880000
12/04/2006,678.220000
12/05/2006,678.050000
12/06/2006,678.860000
12/07/2006,679.410000
12/08/2006,680.370000
12/11/2006,681.300000
12/12/2006,681.770000
12/13/2006,682.090000
12/14/2006,682.000000
12/15/2006,681.500000
12/18/2006,681.910000
12/19/2006,682.810000
12/20/2006,683.150000
12/21/2006,682.180000
12/22/2006,679.880000
12/26/2006,683.340000
12/27/2006,686.160000
12/28/2006,685.210000
12/29/2006,683.340000
01/03/2007,684.280000
01/04/2007,685.970000
01/05/2007,682.640000
01/08/2007,685.410000
01/09/2007,685.440000
01/10/2007,687.250000
01/11/2007,690.190000
01/12/2007,691.570000
01/16/2007,692.410000
01/17/2007,692.560000
01/18/2007,693.080000
01/19/2007,693.200000
01/22/2007,693.200000
01/23/2007,694.950000
01/24/2007,695.610000
01/25/2007,693.700000
01/26/2007,694.620000
01/29/2007,694.650000
01/30/2007,696.590000
01/31/2007,697.960000
02/01/2007,697.480000
02/02/2007,698.370000
02/05/2007,699.470000
02/06/2007,699.920000
02/07/2007,700.580000
02/08/2007,701.280000
02/09/2007,701.860000
02/12/2007,702.200000
02/13/2007,703.180000
02/14/2007,702.610000
02/15/2007,703.400000
02/16/2007,704.300000
02/20/2007,705.800000
02/21/2007,706.030000
02/22/2007,706.230000
02/23/2007,706.170000
02/26/2007,706.370000
02/27/2007,678.640000
02/28/2007,686.680000
03/01/2007,685.160000
03/02/2007,675.700000
03/05/2007,666.480000
03/06/2007,678.790000
03/07/2007,674.130000
03/08/2007,682.650000
03/09/2007,682.300000
03/12/2007,686.550000
03/13/2007,658.210000
03/14/2007,663.000000
03/15/2007,666.830000
03/16/2007,671.050000
03/19/2007,672.490000
03/20/2007,673.340000
03/21/2007,669.500000
03/22/2007,668.640000
03/23/2007,668.590000
03/26/2007,669.450000
03/27/2007,671.620000
03/28/2007,672.890000
03/29/2007,672.490000
03/30/2007,673.780000
04/02/2007,674.100000
04/03/2007,671.990000
04/04/2007,672.620000
04/05/2007,671.200000
04/09/2007,671.500000
04/10/2007,671.240000
04/11/2007,674.840000
04/12/2007,672.300000
04/13/2007,670.380000
04/16/2007,663.310000
04/17/2007,661.780000
04/18/2007,661.170000
04/19/2007,661.680000
04/20/2007,658.500000
04/23/2007,658.720000
04/24/2007,659.110000
04/25/2007,658.460000
04/26/2007,659.290000
04/27/2007,660.070000
04/30/2007,660.090000
05/01/2007,661.200000
05/02/2007,661.580000
05/03/2007,660.930000
05/04/2007,660.700000
05/07/2007,660.870000
05/08/2007,661.560000
05/09/2007,661.430000
05/10/2007,664.890000
05/11/2007,664.790000
05/14/2007,665.680000
05/15/2007,666.880000
05/16/2007,665.760000
05/17/2007,667.410000
05/18/2007,668.750000
05/21/2007,669.010000
05/22/2007,669.750000
05/23/2007,669.650000
05/24/2007,669.330000
05/25/2007,670.980000
05/29/2007,672.280000
05/30/2007,672.640000
05/31/2007,672.790000
06/01/2007,672.980000
06/04/2007,673.280000
06/05/2007,674.490000
06/06/2007,674.550000
06/07/2007,669.910000
06/08/2007,675.000000
06/11/2007,676.190000
06/12/2007,674.290000
06/13/2007,677.290000
06/14/2007,677.840000
06/15/2007,676.860000
06/18/2007,678.320000
06/19/2007,679.210000
06/20/2007,675.970000
06/21/2007,677.940000
06/22/2007,674.190000
06/25/2007,673.320000
06/26/2007,672.290000
06/27/2007,676.570000
06/28/2007,676.670000
06/29/2007,675.660000
07/02/2007,680.750000
07/03/2007,682.280000
07/05/2007,682.840000
07/06/2007,684.280000
07/09/2007,684.810000
07/10/2007,680.660000
07/11/2007,683.110000
07/12/2007,686.520000
07/13/2007,686.760000
07/16/2007,687.580000
07/17/2007,687.920000
07/18/2007,688.240000
07/19/2007,688.360000
07/20/2007,687.640000
07/23/2007,689.610000
07/24/2007,686.500000
07/25/2007,687.950000
07/26/2007,681.320000
07/27/2007,672.910000
07/30/2007,679.620000
07/31/2007,672.720000
08/01/2007,677.810000
08/02/2007,680.660000
08/03/2007,664.700000
08/06/2007,679.720000
08/07/2007,683.060000
08/08/2007,688.940000
08/09/2007,673.410000
08/10/2007,672.900000
08/13/2007,674.090000
08/14/2007,656.020000
08/15/2007,644.730000
08/16/2007,646.510000
08/17/2007,672.620000
08/20/2007,675.240000
08/21/2007,675.940000
08/22/2007,676.670000
08/23/2007,677.330000
08/24/2007,677.370000
08/27/2007,677.970000
08/28/2007,678.020000
08/29/2007,678.500000
08/30/2007,678.050000
08/31/2007,678.230000
09/04/2007,678.220000
09/05/2007,679.520000
09/06/2007,679.720000
09/07/2007,680.690000
09/10/2007,681.280000
09/11/2007,681.480000
09/12/2007,681.590000
09/13/2007,681.180000
09/14/2007,681.590000
09/17/2007,682.270000
09/18/2007,680.180000
09/19/2007,679.490000
09/20/2007,682.270000
09/21/2007,679.980000
09/24/2007,681.210000
09/25/2007,681.740000
09/26/2007,683.080000
09/27/2007,683.700000
09/28/2007,683.230000
10/01/2007,683.570000
10/02/2007,683.660000
10/03/2007,684.750000
10/04/2007,684.970000
10/05/2007,684.310000
10/08/2007,686.070000
10/09/2007,685.050000
10/10/2007,685.970000
10/11/2007,686.190000
10/12/2007,687.090000
10/15/2007,689.070000
10/16/2007,689.420000
10/17/2007,689.910000
10/18/2007,689.770000
10/19/2007,688.020000
10/22/2007,690.150000
10/23/2007,692.320000
10/24/2007,692.440000
10/25/2007,691.360000
10/26/2007,692.360000
10/29/2007,693.110000
10/30/2007,693.230000
10/31/2007,694.340000
11/01/2007,693.270000
11/02/2007,695.400000
11/05/2007,694.950000
11/06/2007,698.320000
11/07/2007,691.440000
11/08/2007,692.800000
11/09/2007,688.930000
11/12/2007,686.470000
11/13/2007,698.620000
11/14/2007,698.130000
11/15/2007,697.540000
11/16/2007,702.880000
11/19/2007,703.630000
11/20/2007,703.960000
11/21/2007,703.000000
11/23/2007,704.610000
11/26/2007,702.170000
11/27/2007,705.530000
11/28/2007,706.480000
11/29/2007,707.530000
11/30/2007,707.610000
12/03/2007,709.250000
12/04/2007,710.030000
12/05/2007,709.540000
12/06/2007,707.510000
12/07/2007,708.490000
12/10/2007,707.560000
12/11/2007,711.990000
12/12/2007,712.010000
12/13/2007,712.430000
12/14/2007,713.540000
12/17/2007,713.950000
12/18/2007,714.130000
12/19/2007,714.350000
12/20/2007,714.620000
12/21/2007,714.920000
12/24/2007,715.130000
12/26/2007,715.840000
12/27/2007,717.000000
12/28/2007,717.020000
12/31/2007,716.760000
01/02/2008,714.980000
01/03/2008,716.490000
01/04/2008,706.840000
01/07/2008,710.740000
01/08/2008,699.760000
01/09/2008,709.720000
01/10/2008,714.690000
01/11/2008,708.020000
01/14/2008,716.360000
01/15/2008,695.060000
01/16/2008,687.900000
01/17/2008,660.560000
01/18/2008,656.060000
01/22/2008,655.170000
01/23/2008,657.050000
01/24/2008,657.550000
01/25/2008,657.950000
01/28/2008,659.360000
01/29/2008,659.180000
01/30/2008,660.780000
01/31/2008,664.180000
02/01/2008,658.340000
02/04/2008,662.030000
02/05/2008,664.680000
02/06/2008,665.150000
02/07/2008,666.780000
02/08/2008,667.090000
02/11/2008,668.630000
02/12/2008,668.940000
02/13/2008,669.210000
02/14/2008,669.070000
02/15/2008,669.060000
02/19/2008,670.340000
02/20/2008,671.500000
02/21/2008,672.170000
02/22/2008,673.430000
02/25/2008,673.750000
02/26/2008,673.550000
02/27/2008,673.790000
02/28/2008,675.200000
02/29/2008,674.890000
03/03/2008,676.240000
03/04/2008,676.980000
03/05/2008,678.340000
03/06/2008,674.810000
03/07/2008,674.600000
03/10/2008,671.940000
03/11/2008,679.980000
03/12/2008,679.490000
03/13/2008,680.280000
03/14/2008,675.300000
03/17/2008,674.980000
03/18/2008,682.480000
03/19/2008,682.460000
03/20/2008,682.520000
03/24/2008,682.060000
03/25/2008,682.210000
03/26/2008,684.020000
03/27/2008,685.610000
03/28/2008,686.910000
03/31/2008,688.070000
04/01/2008,683.520000
04/02/2008,684.430000
04/03/2008,684.510000
04/04/2008,685.310000
04/07/2008,686.150000
04/08/2008,688.130000
04/09/2008,690.710000
04/10/2008,690.980000
04/11/2008,693.590000
04/14/2008,694.020000
04/15/2008,694.240000
04/16/2008,693.290000
04/17/2008,693.910000
04/18/2008,690.380000
04/21/2008,691.670000
04/22/2008,691.060000
04/23/2008,692.480000
04/24/2008,693.180000
04/25/2008,693.390000
04/28/2008,694.700000
04/29/2008,695.130000
04/30/2008,695.860000
05/01/2008,695.880000
05/02/2008,696.850000
05/05/2008,698.320000
05/06/2008,697.270000
05/07/2008,699.720000
05/08/2008,700.400000
05/09/2008,700.720000
05/12/2008,701.410000
05/13/2008,701.540000
05/14/2008,701.680000
05/15/2008,701.530000
05/16/2008,702.950000
05/19/2008,703.320000
05/20/2008,703.510000
05/21/2008,701.780000
05/22/2008,703.320000
05/23/2008,700.260000
05/27/2008,702.710000
05/28/2008,704.220000
05/29/2008,706.040000
05/30/2008,706.670000
06/02/2008,704.790000
06/03/2008,703.760000
06/04/2008,703.630000
06/05/2008,708.680000
06/06/2008,699.770000
06/09/2008,701.280000
06/10/2008,701.090000
06/11/2008,693.960000
06/12/2008,697.010000
06/13/2008,705.240000
06/16/2008,706.830000
06/17/2008,705.610000
06/18/2008,701.340000
06/19/2008,706.040000
06/20/2008,704.720000
06/23/2008,706.310000
06/24/2008,706.860000
06/25/2008,708.380000
06/26/2008,703.910000
06/27/2008,704.050000
06/30/2008,705.120000
07/01/2008,706.900000
07/02/2008,700.920000
07/03/2008,702.930000
07/07/2008,700.310000
07/08/2008,708.550000
07/09/2008,699.150000
07/10/2008,702.660000
07/11/2008,697.450000
07/14/2008,693.130000
07/15/2008,685.740000
07/16/2008,704.360000
07/17/2008,712.990000
07/18/2008,716.820000
07/21/2008,718.730000
07/22/2008,720.060000
07/23/2008,719.400000
07/24/2008,719.710000
07/25/2008,721.080000
07/28/2008,719.560000
07/29/2008,722.970000
07/30/2008,722.080000
07/31/2008,723.350000
08/01/2008,724.150000
08/04/2008,724.370000
08/05/2008,724.950000
08/06/2008,725.350000
08/07/2008,726.850000
08/08/2008,725.280000
08/11/2008,724.680000
08/12/2008,727.000000
08/13/2008,727.460000
08/14/2008,727.940000
08/15/2008,728.420000
08/18/2008,728.220000
08/19/2008,727.250000
08/20/2008,729.190000
08/21/2008,730.600000
08/22/2008,732.610000
08/25/2008,729.940000
08/26/2008,731.440000
08/27/2008,733.480000
08/28/2008,734.790000
08/29/2008,733.860000
09/02/2008,733.590000
09/03/2008,734.550000
09/04/2008,725.030000
09/05/2008,727.960000
09/08/2008,734.540000
09/09/2008,722.720000
09/10/2008,726.350000
09/11/2008,732.200000
09/12/2008,732.250000
09/15/2008,712.140000
09/16/2008,720.760000
09/17/2008,688.900000
09/18/2008,715.060000
09/19/2008,740.940000
09/22/2008,740.410000
09/23/2008,738.550000
09/24/2008,737.660000
09/25/2008,742.200000
09/26/2008,740.850000
09/29/2008,726.880000
09/30/2008,736.760000
10/01/2008,735.530000
10/02/2008,725.340000
10/03/2008,722.860000
10/06/2008,713.070000
10/07/2008,694.780000
10/08/2008,692.160000
10/09/2008,681.480000
10/10/2008,681.020000
10/13/2008,691.940000
10/14/2008,688.240000
10/15/2008,677.770000
10/16/2008,677.860000
10/17/2008,677.930000
10/20/2008,682.260000
10/21/2008,683.510000
10/22/2008,678.950000
10/23/2008,679.850000
10/24/2008,676.900000
10/27/2008,675.780000
10/28/2008,682.190000
10/29/2008,680.620000
10/30/2008,683.070000
10/31/2008,684.550000
11/03/2008,686.770000
11/04/2008,687.200000
11/05/2008,686.990000
11/06/2008,684.460000
11/07/2008,687.040000
11/10/2008,687.000000
11/11/2008,686.420000
11/12/2008,683.350000
11/13/2008,688.080000
11/14/2008,685.880000
11/17/2008,684.970000
11/18/2008,687.470000
11/19/2008,682.970000
11/20/2008,670.670000
11/21/2008,673.310000
11/24/2008,670.050000
11/25/2008,670.160000
11/26/2008,666.380000
11/28/2008,664.540000
12/01/2008,675.630000
12/02/2008,672.640000
12/03/2008,670.100000
12/04/2008,674.460000
12/05/2008,670.510000
12/08/2008,663.770000
12/09/2008,669.320000
12/10/2008,668.210000
12/11/2008,675.850000
12/12/2008,675.690000
12/15/2008,678.950000
12/16/2008,666.620000
12/17/2008,671.380000
12/18/2008,679.430000
12/19/2008,680.020000
12/22/2008,681.470000
12/23/2008,680.830000
12/24/2008,681.980000
12/26/2008,683.580000
12/29/2008,685.000000
12/30/2008,686.910000
12/31/2008,688.170000
01/02/2009,687.760000
01/05/2009,688.290000
01/06/2009,688.170000
01/07/2009,689.520000
01/08/2009,690.710000
01/09/2009,691.070000
01/12/2009,690.710000
01/13/2009,691.690000
01/14/2009,690.270000
01/15/2009,692.200000
01/16/2009,692.770000
01/20/2009,689.960000
01/21/2009,694.370000
01/22/2009,694.910000
01/23/2009,695.010000
01/26/2009,696.460000
01/27/2009,697.740000
01/28/2009,697.610000
01/29/2009,697.900000
01/30/2009,697.110000
02/02/2009,698.010000
02/03/2009,699.330000
02/04/2009,699.200000
02/05/2009,699.900000
02/06/2009,699.550000
02/09/2009,700.200000
02/10/2009,699.960000
02/11/2009,701.010000
02/12/2009,701.610000
02/13/2009,701.520000
02/17/2009,699.800000
02/18/2009,701.340000
02/19/2009,702.310000
02/20/2009,702.880000
02/23/2009,702.110000
02/24/2009,705.840000
02/25/2009,706.470000
02/26/2009,706.680000
02/27/2009,705.700000
03/02/2009,700.010000
03/03/2009,700.570000
03/04/2009,704.850000
03/05/2009,697.620000
03/06/2009,698.460000
03/09/2009,697.010000
03/10/2009,708.820000
03/11/2009,710.010000
03/12/2009,713.220000
03/13/2009,713.560000
03/16/2009,713.840000
03/17/2009,714.240000
03/18/2009,714.070000
03/19/2009,714.640000
03/20/2009,714.010000
03/23/2009,712.440000
03/24/2009,714.710000
03/25/2009,715.110000
03/26/2009,713.240000
03/27/2009,716.090000
03/30/2009,717.840000
03/31/2009,718.750000
04/01/2009,718.460000
04/02/2009,715.010000
04/03/2009,714.330000
04/06/2009,718.140000
04/07/2009,722.230000
04/08/2009,721.740000
04/09/2009,714.660000
04/13/2009,714.960000
04/14/2009,721.020000
04/15/2009,720.430000
04/16/2009,717.540000
04/17/2009,714.890000
04/20/2009,712.590000
04/21/2009,715.360000
04/22/2009,715.370000
04/23/2009,716.650000
04/24/2009,717.230000
04/27/2009,717.680000
04/28/2009,718.490000
04/29/2009,719.710000
04/30/2009,720.480000
05/01/2009,721.360000
05/04/2009,717.130000
05/05/2009,719.370000
05/06/2009,715.510000
05/07/2009,719.330000
05/08/2009,713.390000
05/11/2009,721.340000
05/12/2009,723.870000
05/13/2009,726.110000
05/14/2009,726.580000
05/15/2009,725.920000
05/18/2009,727.810000
05/19/2009,729.290000
05/20/2009,729.620000
05/21/2009,729.230000
05/22/2009,729.540000
05/26/2009,730.560000
05/27/2009,731.180000
05/28/2009,731.010000
05/29/2009,731.630000
06/01/2009,726.220000
06/02/2009,726.960000
06/03/2009,730.060000
06/04/2009,728.340000
06/05/2009,729.410000
06/08/2009,731.490000
06/09/2009,731.960000
06/10/2009,733.380000
06/11/2009,732.280000
06/12/2009,732.570000
06/15/2009,737.150000
06/16/2009,737.910000
06/17/2009,738.530000
06/18/2009,738.800000
06/19/2009,739.180000
06/22/2009,735.760000
06/23/2009,736.950000
06/24/2009,738.780000
06/25/2009,741.900000
06/26/2009,742.610000
06/29/2009,744.110000
06/30/2009,744.310000
07/01/2009,744.470000
07/02/2009,742.070000
07/06/2009,743.120000
07/07/2009,739.570000
07/08/2009,739.840000
07/09/2009,741.960000
07/10/2009,742.510000
07/13/2009,746.810000
07/14/2009,747.670000
07/15/2009,748.110000
07/16/2009,748.200000
07/17/2009,748.780000
07/20/2009,749.340000
07/21/2009,749.570000
07/22/2009,750.400000
07/23/2009,746.940000
07/24/2009,746.830000
07/27/2009,746.280000
07/28/2009,746.960000
07/29/2009,747.920000
07/30/2009,745.800000
07/31/2009,745.800000
08/03/2009,741.660000
08/04/2009,740.660000
08/05/2009,742.000000
08/06/2009,743.770000
08/07/2009,739.370000
08/10/2009,740.610000
08/11/2009,746.420000
08/12/2009,741.690000
08/13/2009,737.810000
08/14/2009,743.010000
08/17/2009,753.760000
08/18/2009,752.650000
08/19/2009,749.910000
08/20/2009,744.100000
08/21/2009,731.560000
08/24/2009,732.630000
08/25/2009,732.820000
08/26/2009,733.670000
08/27/2009,733.730000
08/28/2009,734.700000
08/31/2009,735.630000
09/01/2009,732.650000
09/02/2009,733.480000
09/03/2009,735.760000
09/04/2009,738.010000
09/08/2009,739.190000
09/09/2009,739.360000
09/10/2009,739.070000
09/11/2009,739.420000
09/14/2009,739.430000
09/15/2009,739.760000
09/16/2009,736.230000
09/17/2009,738.920000
09/18/2009,740.350000
09/21/2009,741.810000
09/22/2009,742.520000
09/23/2009,742.630000
09/24/2009,741.700000
09/25/2009,741.500000
09/28/2009,743.930000
09/29/2009,744.590000
09/30/2009,744.180000
10/01/2009,739.450000
10/02/2009,738.860000
10/05/2009,744.490000
10/06/2009,746.830000
10/07/2009,747.930000
10/08/2009,748.680000
10/09/2009,749.410000
10/12/2009,749.480000
10/13/2009,749.500000
10/14/2009,749.280000
10/15/2009,749.970000
10/16/2009,751.290000
10/19/2009,751.310000
10/20/2009,752.410000
10/21/2009,752.600000
10/22/2009,753.200000
10/23/2009,753.010000
10/26/2009,752.500000
10/27/2009,752.930000
10/28/2009,749.360000
10/29/2009,754.110000
10/30/2009,748.200000
11/02/2009,750.910000
11/03/2009,751.900000
11/04/2009,752.220000
11/05/2009,756.410000
11/06/2009,757.420000
11/09/2009,758.330000
11/10/2009,759.070000
11/11/2009,759.180000
11/12/2009,759.630000
11/13/2009,760.010000
11/16/2009,759.910000
11/17/2009,760.290000
11/18/2009,760.610000
11/19/2009,760.880000
11/20/2009,761.720000
11/23/2009,762.290000
11/24/2009,763.330000
11/25/2009,762.700000
11/27/2009,761.880000
11/30/2009,763.610000
12/01/2009,763.860000
12/02/2009,765.130000
12/03/2009,765.740000
12/04/2009,766.400000
12/07/2009,767.420000
12/08/2009,767.760000
12/09/2009,768.550000
12/10/2009,768.990000
12/11/2009,769.030000
12/14/2009,769.350000
12/15/2009,769.960000
12/16/2009,770.350000
12/17/2009,770.490000
12/18/2009,771.300000
12/21/2009,771.960000
12/22/2009,772.450000
12/23/2009,772.160000
12/24/2009,771.200000
12/28/2009,771.670000
12/29/2009,772.550000
12/30/2009,772.970000
12/31/2009,774.790000
01/04/2010,772.450000
01/05/2010,772.410000
01/06/2010,772.560000
01/07/2010,770.550000
01/08/2010,770.690000
01/11/2010,770.420000
01/12/2010,775.880000
01/13/2010,772.430000
01/14/2010,771.160000
01/15/2010,774.160000
01/19/2010,774.860000
01/20/2010,775.370000
01/21/2010,772.900000
01/22/2010,767.510000
01/25/2010,770.000000
01/26/2010,768.850000
01/27/2010,770.730000
01/28/2010,767.930000
01/29/2010,764.040000
02/01/2010,770.280000
02/02/2010,774.950000
02/03/2010,773.960000
02/04/2010,760.640000
02/05/2010,763.280000
02/08/2010,758.900000
02/09/2010,766.210000
02/10/2010,765.900000
02/11/2010,771.950000
02/12/2010,772.610000
02/16/2010,779.670000
02/17/2010,781.360000
02/18/2010,782.230000
02/19/2010,781.450000
02/22/2010,782.620000
02/23/2010,781.240000
02/24/2010,782.640000
02/25/2010,783.500000
02/26/2010,784.360000
03/01/2010,785.240000
03/02/2010,785.460000
03/03/2010,785.710000
03/04/2010,785.990000
03/05/2010,783.450000
03/08/2010,784.240000
03/09/2010,784.090000
03/10/2010,782.440000
03/11/2010,781.210000
03/12/2010,781.500000
03/15/2010,781.720000
03/16/2010,777.090000
03/17/2010,772.000000
03/18/2010,772.500000
03/19/2010,766.730000
03/22/2010,768.120000
03/23/2010,767.380000
03/24/2010,767.940000
03/25/2010,767.580000
03/26/2010,768.940000
03/29/2010,769.420000
03/30/2010,770.230000
03/31/2010,770.950000
04/01/2010,770.180000
04/05/2010,769.130000
04/06/2010,769.000000
04/07/2010,771.770000
04/08/2010,771.420000
04/09/2010,768.060000
04/12/2010,768.070000
04/13/2010,768.550000
04/14/2010,758.920000
04/15/2010,758.120000
04/16/2010,762.930000
04/19/2010,764.540000
04/20/2010,764.990000
04/21/2010,765.250000
04/22/2010,764.700000
04/23/2010,763.530000
04/26/2010,764.220000
04/27/2010,762.580000
04/28/2010,764.700000
04/29/2010,765.190000
04/30/2010,763.980000
05/03/2010,765.760000
05/04/2010,763.200000
05/05/2010,762.240000
05/06/2010,752.220000
05/07/2010,746.340000
05/10/2010,761.500000
05/11/2010,761.850000
05/12/2010,765.960000
05/13/2010,764.250000
05/14/2010,758.690000
05/17/2010,761.830000
05/18/2010,754.460000
05/19/2010,751.990000
05/20/2010,718.060000
05/21/2010,699.140000
05/24/2010,700.930000
05/25/2010,702.420000
05/26/2010,702.500000
05/27/2010,703.420000
05/28/2010,703.300000
06/01/2010,703.270000
06/02/2010,704.600000
06/03/2010,704.730000
06/04/2010,704.320000
06/07/2010,704.600000
06/08/2010,705.790000
06/09/2010,705.910000
06/10/2010,706.450000
06/11/2010,706.760000
06/14/2010,706.930000
06/15/2010,706.880000
06/16/2010,707.010000
06/17/2010,707.100000
06/18/2010,707.730000
06/21/2010,707.510000
06/22/2010,706.080000
06/23/2010,706.210000
06/24/2010,702.860000
06/25/2010,705.200000
06/28/2010,705.290000
06/29/2010,695.910000
06/30/2010,692.200000
07/01/2010,690.830000
07/02/2010,689.020000
07/06/2010,691.980000
07/07/2010,705.920000
07/08/2010,709.610000
07/09/2010,712.510000
07/12/2010,713.080000
07/13/2010,715.020000
07/14/2010,715.530000
07/15/2010,715.720000
07/16/2010,715.980000
07/19/2010,717.570000
07/20/2010,718.760000
07/21/2010,718.320000
07/22/2010,717.930000
07/23/2010,717.830000
07/26/2010,717.330000
07/27/2010,717.510000
07/28/2010,718.750000
07/29/2010,720.090000
07/30/2010,720.800000
08/02/2010,717.720000
08/03/2010,719.110000
08/04/2010,717.330000
08/05/2010,718.280000
08/06/2010,720.260000
08/09/2010,719.410000
08/10/2010,721.460000
08/11/2010,724.430000
08/12/2010,725.040000
08/13/2010,725.230000
08/16/2010,725.700000
08/17/2010,725.820000
08/18/2010,725.850000
08/19/2010,725.990000
08/20/2010,726.870000
08/23/2010,728.590000
08/24/2010,727.470000
08/25/2010,728.290000
08/26/2010,727.870000
08/27/2010,730.710000
08/30/2010,729.760000
08/31/2010,730.320000
09/01/2010,732.100000
09/02/2010,731.880000
09/03/2010,731.040000
09/07/2010,733.320000
09/08/2010,733.020000
09/09/2010,732.800000
09/10/2010,732.660000
09/13/2010,729.270000
09/14/2010,730.340000
09/15/2010,729.180000
09/16/2010,730.550000
09/17/2010,727.540000
09/20/2010,727.070000
09/21/2010,727.120000
09/22/2010,727.850000
09/23/2010,728.070000
09/24/2010,727.640000
09/27/2010,729.080000
09/28/2010,729.000000
09/29/2010,729.450000
09/30/2010,730.730000
10/01/2010,731.120000
10/04/2010,732.840000
10/05/2010,729.880000
10/06/2010,730.660000
10/07/2010,730.730000
10/08/2010,729.970000
10/11/2010,731.210000
10/12/2010,730.070000
10/13/2010,727.040000
10/14/2010,731.110000
10/15/2010,725.400000
10/18/2010,726.380000
10/19/2010,726.400000
10/20/2010,726.750000
10/21/2010,727.120000
10/22/2010,727.600000
10/25/2010,727.480000
10/26/2010,727.540000
10/27/2010,727.870000
10/28/2010,728.060000
10/29/2010,727.950000
11/01/2010,728.350000
11/02/2010,728.040000
11/03/2010,729.580000
11/04/2010,725.050000
11/05/2010,724.780000
11/08/2010,726.370000
11/09/2010,728.660000
11/10/2010,728.540000
11/11/2010,730.150000
11/12/2010,731.640000
11/15/2010,732.620000
11/16/2010,733.070000
11/17/2010,733.360000
11/18/2010,733.530000
11/19/2010,734.280000
11/22/2010,735.070000
11/23/2010,733.630000
11/24/2010,734.720000
11/26/2010,733.090000
11/29/2010,734.950000
11/30/2010,733.360000
12/01/2010,735.370000
12/02/2010,734.350000
12/03/2010,735.140000
12/06/2010,736.570000
12/07/2010,736.720000
12/08/2010,735.980000
12/09/2010,734.960000
12/10/2010,732.450000
12/13/2010,732.980000
12/14/2010,733.110000
12/15/2010,737.200000
12/16/2010,734.040000
12/17/2010,736.090000
12/20/2010,736.320000
12/21/2010,736.380000
12/22/2010,736.490000
12/23/2010,736.260000
12/27/2010,736.490000
12/28/2010,736.760000
12/29/2010,737.240000
12/30/2010,737.550000
12/31/2010,737.180000
01/03/2011,736.290000
01/04/2011,736.810000
01/05/2011,735.450000
01/06/2011,736.010000
01/07/2011,737.680000
01/10/2011,738.950000
01/11/2011,738.560000
01/12/2011,734.750000
01/13/2011,735.750000
01/14/2011,731.630000
01/18/2011,730.790000
01/19/2011,739.250000
01/20/2011,741.580000
01/21/2011,736.630000
01/24/2011,737.240000
01/25/2011,738.480000
01/26/2011,738.720000
01/27/2011,738.930000
01/28/2011,737.190000
01/31/2011,739.030000
02/01/2011,737.870000
02/02/2011,739.320000
02/03/2011,739.720000
02/04/2011,740.440000
02/07/2011,737.980000
02/08/2011,737.060000
02/09/2011,738.740000
02/10/2011,739.040000
02/11/2011,735.780000
02/14/2011,735.330000
02/15/2011,737.890000
02/16/2011,733.490000
02/17/2011,731.290000
02/18/2011,729.570000
02/22/2011,725.810000
02/23/2011,724.710000
02/24/2011,724.910000
02/25/2011,728.680000
02/28/2011,730.550000
03/01/2011,726.130000
03/02/2011,727.090000
03/03/2011,731.940000
03/04/2011,730.880000
03/07/2011,729.170000
03/08/2011,732.320000
03/09/2011,731.950000
03/10/2011,725.940000
03/11/2011,730.440000
03/14/2011,729.850000
03/15/2011,724.190000
03/16/2011,710.400000
03/17/2011,722.820000
03/18/2011,734.340000
03/21/2011,736.540000
03/22/2011,737.180000
03/23/2011,738.040000
03/24/2011,737.460000
03/25/2011,737.510000
03/28/2011,737.790000
03/29/2011,737.110000
03/30/2011,735.790000
03/31/2011,736.680000
04/01/2011,736.240000
04/04/2011,736.120000
04/05/2011,737.020000
04/06/2011,736.340000
04/07/2011,737.460000
04/08/2011,738.750000
04/11/2011,740.420000
04/12/2011,742.260000
04/13/2011,742.700000
04/14/2011,742.860000
04/15/2011,743.030000
04/18/2011,743.230000
04/19/2011,744.640000
04/20/2011,744.080000
04/21/2011,743.790000
04/25/2011,744.110000
04/26/2011,741.860000
04/27/2011,740.180000
04/28/2011,739.780000
04/29/2011,738.920000
05/02/2011,739.610000
05/03/2011,740.890000
05/04/2011,743.110000
05/05/2011,744.180000
05/06/2011,743.940000
05/09/2011,744.550000
05/10/2011,742.280000
05/11/2011,746.270000
05/12/2011,745.600000
05/13/2011,748.020000
05/16/2011,749.400000
05/17/2011,750.150000
05/18/2011,750.190000
05/19/2011,750.610000
05/20/2011,750.950000
05/23/2011,750.430000
05/24/2011,750.910000
05/25/2011,752.050000
05/26/2011,753.440000
05/27/2011,753.780000
05/31/2011,754.160000
06/01/2011,753.030000
06/02/2011,752.820000
06/03/2011,751.890000
06/06/2011,749.490000
06/07/2011,750.060000
06/08/2011,748.860000
06/09/2011,752.860000
06/10/2011,746.820000
06/13/2011,749.350000
06/14/2011,755.630000
06/15/2011,747.660000
06/16/2011,751.690000
06/17/2011,758.100000
06/20/2011,760.410000
06/21/2011,759.240000
06/22/2011,761.450000
06/23/2011,761.200000
06/24/2011,760.570000
06/27/2011,761.930000
06/28/2011,761.700000
06/29/2011,761.140000
06/30/2011,758.110000
07/01/2011,752.750000
07/05/2011,753.080000
07/06/2011,752.490000
07/07/2011,748.050000
07/08/2011,751.220000
07/11/2011,760.530000
07/12/2011,763.090000
07/13/2011,763.220000
07/14/2011,767.450000
07/15/2011,769.470000
07/18/2011,769.580000
07/19/2011,769.700000
07/20/2011,769.650000
07/21/2011,768.160000
07/22/2011,768.500000
07/25/2011,769.070000
07/26/2011,769.440000
07/27/2011,769.940000
07/28/2011,769.800000
07/29/2011,768.410000
08/01/2011,770.480000
08/02/2011,766.110000
08/03/2011,768.670000
08/04/2011,751.400000
08/05/2011,751.760000
08/08/2011,726.930000
08/09/2011,742.510000
08/10/2011,724.140000
08/11/2011,741.470000
08/12/2011,743.350000
08/15/2011,756.230000
08/16/2011,749.930000
08/17/2011,750.710000
08/18/2011,718.910000
08/19/2011,707.230000
08/22/2011,707.830000
08/23/2011,709.890000
08/24/2011,709.590000
08/25/2011,708.300000
08/26/2011,709.620000
08/29/2011,708.000000
08/30/2011,707.170000
08/31/2011,707.560000
09/01/2011,709.620000
09/02/2011,713.230000
09/06/2011,713.900000
09/07/2011,712.620000
09/08/2011,713.700000
09/09/2011,714.890000
09/12/2011,715.980000
09/13/2011,716.280000
09/14/2011,716.210000
09/15/2011,716.110000
09/16/2011,716.770000
09/19/2011,717.170000
09/20/2011,717.370000
09/21/2011,716.730000
09/22/2011,711.970000
09/23/2011,712.760000
09/26/2011,716.550000
09/27/2011,717.650000
09/28/2011,715.540000
09/29/2011,717.130000
09/30/2011,712.920000
10/03/2011,708.220000
10/04/2011,714.240000
10/05/2011,717.690000
10/06/2011,720.940000
10/07/2011,720.770000
10/10/2011,724.730000
10/11/2011,725.050000
10/12/2011,725.790000
10/13/2011,726.080000
10/14/2011,726.230000
10/17/2011,726.140000
10/18/2011,726.490000
10/19/2011,726.550000
10/20/2011,726.700000
10/21/2011,727.260000
10/24/2011,728.110000
10/25/2011,728.010000
10/26/2011,729.070000
10/27/2011,726.430000
10/28/2011,727.530000
10/31/2011,729.850000
11/01/2011,728.840000
11/02/2011,730.220000
11/03/2011,730.230000
11/04/2011,731.650000
11/07/2011,732.440000
11/08/2011,732.020000
11/09/2011,732.270000
11/10/2011,734.120000
11/11/2011,734.350000
11/14/2011,735.400000
11/15/2011,735.720000
11/16/2011,735.920000
11/17/2011,736.130000
11/18/2011,735.970000
11/21/2011,736.640000
11/22/2011,737.470000
11/23/2011,734.580000
11/25/2011,734.160000
11/28/2011,739.920000
11/29/2011,741.290000
11/30/2011,741.580000
12/01/2011,741.710000
12/02/2011,742.040000
12/05/2011,741.240000
12/06/2011,741.700000
12/07/2011,741.080000
12/08/2011,743.610000
12/09/2011,744.230000
12/12/2011,745.940000
12/13/2011,746.080000
12/14/2011,746.110000
12/15/2011,746.310000
12/16/2011,746.540000
12/19/2011,747.390000
12/20/2011,748.500000
12/21/2011,749.530000
12/22/2011,748.470000
12/23/2011,748.230000
12/27/2011,748.690000
12/28/2011,750.160000
12/29/2011,749.520000
12/30/2011,750.000000
01/03/2012,748.380000
01/04/2012,749.170000
01/05/2012,749.080000
01/06/2012,750.940000
01/09/2012,751.300000
01/10/2012,747.730000
01/11/2012,748.620000
01/12/2012,747.950000
01/13/2012,750.840000
01/17/2012,750.480000
01/18/2012,743.840000
01/19/2012,739.800000
01/20/2012,741.440000
01/23/2012,742.010000
01/24/2012,741.940000
01/25/2012,741.620000
01/26/2012,742.390000
01/27/2012,742.650000
01/30/2012,743.460000
01/31/2012,744.380000
02/01/2012,744.010000
02/02/2012,744.620000
02/03/2012,741.690000
02/06/2012,742.770000
02/07/2012,742.160000
02/08/2012,741.850000
02/09/2012,741.590000
02/10/2012,743.760000
02/13/2012,743.640000
02/14/2012,745.100000
02/15/2012,746.870000
02/16/2012,743.780000
02/17/2012,741.810000
02/21/2012,742.820000
02/22/2012,743.510000
02/23/2012,744.560000
02/24/2012,744.740000
02/27/2012,744.460000
02/28/2012,744.520000
02/29/2012,745.170000
03/01/2012,745.710000
03/02/2012,746.530000
03/05/2012,747.460000
03/06/2012,746.100000
03/07/2012,747.310000
03/08/2012,747.480000
03/09/2012,748.150000
03/12/2012,748.650000
03/13/2012,744.920000
03/14/2012,746.800000
03/15/2012,745.360000
03/16/2012,745.690000
03/19/2012,745.830000
03/20/2012,746.090000
03/21/2012,746.850000
03/22/2012,746.390000
03/23/2012,747.500000
03/26/2012,747.470000
03/27/2012,747.050000
03/28/2012,748.660000
03/29/2012,749.160000
03/30/2012,748.920000
04/02/2012,749.200000
04/03/2012,750.040000
04/04/2012,750.440000
04/05/2012,750.700000
04/09/2012,749.990000
04/10/2012,745.390000
04/11/2012,748.620000
04/12/2012,751.940000
04/13/2012,749.970000
04/16/2012,751.090000
04/17/2012,753.050000
04/18/2012,753.310000
04/19/2012,753.570000
04/20/2012,753.830000
04/23/2012,752.570000
04/24/2012,753.990000
04/25/2012,755.760000
04/26/2012,755.830000
04/27/2012,755.290000
04/30/2012,756.980000
05/01/2012,756.260000
05/02/2012,756.760000
05/03/2012,758.330000
05/04/2012,757.790000
05/07/2012,759.050000
05/08/2012,759.970000
05/09/2012,757.230000
05/10/2012,759.010000
05/11/2012,758.650000
05/14/2012,757.100000
05/15/2012,755.960000
05/16/2012,756.210000
05/17/2012,745.010000
05/18/2012,748.900000
05/21/2012,751.650000
05/22/2012,751.660000
05/23/2012,752.100000
05/24/2012,752.930000
05/25/2012,753.670000
05/29/2012,753.820000
05/30/2012,754.490000
05/31/2012,755.510000
06/01/2012,752.730000
06/04/2012,754.690000
06/05/2012,756.350000
06/06/2012,758.440000
06/07/2012,758.800000
06/08/2012,758.820000
06/11/2012,759.160000
06/12/2012,759.430000
06/13/2012,759.520000
06/14/2012,759.580000
06/15/2012,761.090000
06/18/2012,763.100000
06/19/2012,762.620000
06/20/2012,763.580000
06/21/2012,763.100000
06/22/2012,765.330000
06/25/2012,764.070000
06/26/2012,764.990000
06/27/2012,765.500000
06/28/2012,765.570000
06/29/2012,765.620000
07/02/2012,766.100000
07/03/2012,764.980000
07/05/2012,766.120000
07/06/2012,768.050000
07/09/2012,768.040000
07/10/2012,768.330000
07/11/2012,768.670000
07/12/2012,768.600000
07/13/2012,768.910000
07/16/2012,768.950000
07/17/2012,769.010000
07/18/2012,769.030000
07/19/2012,769.160000
07/20/2012,770.120000
07/23/2012,768.640000
07/24/2012,766.650000
07/25/2012,767.480000
07/26/2012,771.160000
07/27/2012,768.990000
07/30/2012,768.920000
07/31/2012,769.530000
08/01/2012,770.780000
08/02/2012,773.600000
08/03/2012,772.730000
08/06/2012,772.240000
08/07/2012,770.640000
08/08/2012,771.250000
08/09/2012,771.740000
08/10/2012,771.760000
08/13/2012,773.230000
08/14/2012,774.060000
08/15/2012,774.570000
08/16/2012,768.660000
08/17/2012,766.490000
08/20/2012,767.340000
08/21/2012,767.420000
08/22/2012,767.030000
08/23/2012,766.600000
08/24/2012,767.930000
08/27/2012,768.470000
08/28/2012,768.570000
08/29/2012,768.350000
08/30/2012,768.040000
08/31/2012,769.060000
09/04/2012,769.140000
09/05/2012,769.820000
09/06/2012,769.780000
09/07/2012,770.500000
09/10/2012,771.330000
09/11/2012,770.850000
09/12/2012,770.730000
09/13/2012,763.560000
09/14/2012,760.870000
09/17/2012,764.630000
09/18/2012,767.590000
09/19/2012,767.500000
09/20/2012,769.070000
09/21/2012,764.130000
09/24/2012,764.720000
09/25/2012,762.000000
09/26/2012,760.280000
09/27/2012,764.450000
09/28/2012,762.800000
10/01/2012,763.600000
10/02/2012,765.300000
10/03/2012,766.330000
10/04/2012,767.330000
10/05/2012,768.600000
10/08/2012,768.800000
10/09/2012,766.850000
10/10/2012,765.390000
10/11/2012,767.210000
10/12/2012,766.370000
10/15/2012,769.740000
10/16/2012,770.820000
10/17/2012,771.180000
10/18/2012,771.310000
10/19/2012,770.800000
10/22/2012,771.030000
10/23/2012,766.740000
10/24/2012,766.130000
10/25/2012,767.120000
10/26/2012,767.510000
10/31/2012,768.480000
11/01/2012,773.330000
11/02/2012,770.530000
11/05/2012,771.370000
11/06/2012,773.820000
11/07/2012,766.390000
11/08/2012,759.530000
11/09/2012,761.000000
11/12/2012,762.940000
11/13/2012,760.160000
11/14/2012,744.330000
11/15/2012,742.060000
11/16/2012,743.000000
11/19/2012,740.640000
11/20/2012,740.930000
11/21/2012,739.870000
11/23/2012,735.110000
11/26/2012,736.320000
11/27/2012,738.430000
11/28/2012,735.330000
11/29/2012,733.380000
11/30/2012,732.890000
12/03/2012,735.720000
12/04/2012,736.320000
12/05/2012,736.610000
12/06/2012,734.580000
12/07/2012,733.450000
12/10/2012,733.770000
12/11/2012,728.360000
12/12/2012,728.030000
12/13/2012,733.310000
12/14/2012,737.020000
12/17/2012,726.470000
12/18/2012,716.900000
12/19/2012,722.580000
12/20/2012,716.280000
12/21/2012,725.250000
12/24/2012,725.610000
12/26/2012,725.630000
12/27/2012,725.550000
12/28/2012,723.040000
12/31/2012,727.150000
01/02/2013,727.000000
01/03/2013,728.130000
01/04/2013,727.260000
01/07/2013,729.390000
01/08/2013,730.350000
01/09/2013,729.980000
01/10/2013,727.780000
01/11/2013,728.200000
01/14/2013,729.410000
01/15/2013,729.600000
01/16/2013,730.350000
01/17/2013,727.540000
01/18/2013,728.130000
01/22/2013,728.750000
01/23/2013,728.380000
01/24/2013,728.230000
01/25/2013,726.420000
01/28/2013,727.330000
01/29/2013,725.120000
01/30/2013,726.720000
01/31/2013,727.870000
02/01/2013,725.200000
02/04/2013,729.840000
02/05/2013,726.500000
02/06/2013,726.770000
02/07/2013,728.190000
02/08/2013,725.320000
02/11/2013,726.460000
02/12/2013,725.280000
02/13/2013,724.990000
02/14/2013,724.840000
02/15/2013,723.440000
02/19/2013,723.720000
02/20/2013,722.310000
02/21/2013,721.210000
02/22/2013,723.520000
02/25/2013,716.540000
02/26/2013,721.060000
02/27/2013,724.880000
02/28/2013,724.920000
03/01/2013,725.910000
03/04/2013,727.720000
03/05/2013,725.530000
03/06/2013,725.600000
03/07/2013,725.230000
03/08/2013,724.190000
03/11/2013,722.020000
03/12/2013,724.310000
03/13/2013,724.260000
03/14/2013,718.120000
03/15/2013,724.510000
03/18/2013,723.030000
03/19/2013,722.440000
03/20/2013,724.450000
03/21/2013,722.870000
03/22/2013,723.610000
03/25/2013,724.300000
03/26/2013,725.950000
03/27/2013,725.900000
03/28/2013,724.810000
04/01/2013,727.330000
04/02/2013,727.760000
04/03/2013,726.990000
04/04/2013,727.450000
04/05/2013,727.970000
04/08/2013,729.490000
04/09/2013,729.810000
04/10/2013,726.450000
04/11/2013,725.240000
04/12/2013,727.820000
04/15/2013,729.290000
04/16/2013,731.720000
04/17/2013,731.610000
04/18/2013,731.930000
04/19/2013,732.710000
04/22/2013,732.850000
04/23/2013,730.760000
04/24/2013,730.720000
04/25/2013,729.160000
04/26/2013,730.390000
04/29/2013,728.000000
04/30/2013,727.260000
05/01/2013,730.770000
05/02/2013,727.370000
05/03/2013,722.460000
05/06/2013,721.490000
05/07/2013,719.150000
05/08/2013,717.080000
05/09/2013,718.140000
05/10/2013,716.150000
05/13/2013,716.130000
05/14/2013,714.340000
05/15/2013,713.830000
05/16/2013,714.110000
05/17/2013,713.350000
05/20/2013,713.430000
05/21/2013,712.830000
05/22/2013,713.190000
05/23/2013,713.510000
05/24/2013,713.690000
05/28/2013,714.620000
05/29/2013,714.760000
05/30/2013,715.540000
05/31/2013,713.310000
06/03/2013,715.140000
06/04/2013,714.060000
06/05/2013,709.360000
06/06/2013,713.240000
06/07/2013,718.690000
06/10/2013,718.870000
06/11/2013,716.010000
06/12/2013,712.690000
06/13/2013,719.020000
06/14/2013,718.150000
06/17/2013,720.440000
06/18/2013,721.440000
06/19/2013,721.180000
06/20/2013,711.210000
06/21/2013,723.050000
06/24/2013,723.350000
06/25/2013,724.730000
06/26/2013,725.370000
06/27/2013,725.100000
06/28/2013,726.360000
07/01/2013,726.730000
07/02/2013,727.130000
07/03/2013,727.100000
07/05/2013,725.980000
07/08/2013,724.310000
07/09/2013,721.360000
07/10/2013,721.480000
07/11/2013,714.480000
07/12/2013,712.970000
07/15/2013,711.240000
07/16/2013,712.840000
07/17/2013,710.340000
07/18/2013,706.920000
07/19/2013,705.630000
07/22/2013,707.060000
07/23/2013,707.340000
07/24/2013,707.680000
07/25/2013,708.680000
07/26/2013,709.010000
07/29/2013,709.820000
07/30/2013,709.890000
07/31/2013,709.730000
08/01/2013,708.770000
08/02/2013,710.320000
08/05/2013,711.610000
08/06/2013,712.900000
08/07/2013,713.060000
08/08/2013,713.400000
08/09/2013,713.730000
08/12/2013,713.950000
08/13/2013,714.450000
08/14/2013,714.540000
08/15/2013,714.690000
08/16/2013,714.680000
08/19/2013,714.510000
08/20/2013,715.290000
08/21/2013,714.640000
08/22/2013,716.400000
08/23/2013,717.350000
08/26/2013,717.390000
08/27/2013,714.440000
08/28/2013,715.680000
08/29/2013,716.000000
08/30/2013,715.240000
09/03/2013,717.510000
09/04/2013,719.610000
09/05/2013,720.180000
09/06/2013,720.320000
09/09/2013,721.290000
09/10/2013,721.420000
09/11/2013,721.480000
09/12/2013,722.130000
09/13/2013,722.190000
09/16/2013,721.010000
09/17/2013,719.260000
09/18/2013,710.750000
09/19/2013,715.030000
09/20/2013,712.770000
09/23/2013,712.190000
09/24/2013,712.370000
09/25/2013,712.210000
09/26/2013,713.680000
09/27/2013,711.580000
09/30/2013,709.570000
10/01/2013,713.270000
10/02/2013,713.250000
10/03/2013,709.930000
10/04/2013,713.250000
10/07/2013,709.170000
10/08/2013,703.590000
10/09/2013,703.680000
10/10/2013,716.320000
10/11/2013,718.940000
10/14/2013,719.950000
10/15/2013,717.590000
10/16/2013,716.460000
10/17/2013,722.010000
10/18/2013,721.870000
10/21/2013,722.900000
10/22/2013,721.300000
10/23/2013,720.140000
10/24/2013,722.490000
10/25/2013,721.710000
10/28/2013,721.850000
10/29/2013,719.040000
10/30/2013,721.710000
10/31/2013,724.090000
11/01/2013,724.200000
11/04/2013,723.680000
11/05/2013,725.620000
11/06/2013,723.170000
11/07/2013,728.040000
11/08/2013,724.410000
11/11/2013,725.440000
11/12/2013,727.330000
11/13/2013,722.130000
11/14/2013,716.920000
11/15/2013,716.270000
11/18/2013,716.820000
11/19/2013,716.690000
11/20/2013,717.260000
11/21/2013,717.610000
11/22/2013,718.030000
11/25/2013,718.300000
11/26/2013,718.510000
11/27/2013,718.300000
11/29/2013,718.360000
12/02/2013,719.240000
12/03/2013,720.020000
12/04/2013,719.950000
12/05/2013,719.720000
12/06/2013,720.620000
12/09/2013,721.100000
12/10/2013,721.440000
12/11/2013,721.100000
12/12/2013,720.910000
12/13/2013,721.310000
12/16/2013,722.650000
12/17/2013,723.010000
12/18/2013,723.280000
12/19/2013,723.950000
12/20/2013,723.680000
12/23/2013,724.450000
12/24/2013,724.250000
12/26/2013,723.190000
12/27/2013,723.650000
12/30/2013,723.670000
12/31/2013,721.770000
01/02/2014,725.170000
01/03/2014,726.660000
01/06/2014,728.260000
01/07/2014,727.520000
01/08/2014,727.780000
01/09/2014,727.980000
01/10/2014,728.220000
01/13/2014,730.250000
01/14/2014,730.120000
01/15/2014,729.390000
01/16/2014,730.670000
01/17/2014,731.170000
01/21/2014,731.880000
01/22/2014,732.030000
01/23/2014,731.730000
01/24/2014,725.400000
01/27/2014,723.760000
01/28/2014,726.440000
01/29/2014,721.690000
01/30/2014,727.030000
01/31/2014,723.870000
02/03/2014,712.040000
02/04/2014,716.520000
02/05/2014,715.280000
02/06/2014,723.200000
02/07/2014,731.240000
02/10/2014,732.790000
02/11/2014,736.110000
02/12/2014,736.410000
02/13/2014,737.510000
02/14/2014,738.060000
02/18/2014,738.330000
02/19/2014,738.400000
02/20/2014,738.500000
02/21/2014,738.770000
02/24/2014,739.230000
02/25/2014,739.520000
02/26/2014,739.380000
02/27/2014,739.650000
02/28/2014,738.870000
03/03/2014,738.930000
03/04/2014,737.300000
03/05/2014,737.980000
03/06/2014,737.330000
03/07/2014,737.180000
03/10/2014,738.470000
03/11/2014,740.930000
03/12/2014,741.660000
03/13/2014,742.760000
03/14/2014,742.000000
03/17/2014,744.390000
03/18/2014,743.710000
03/19/2014,745.300000
03/20/2014,745.490000
03/21/2014,739.610000
03/24/2014,739.580000
03/25/2014,740.850000
03/26/2014,738.900000
03/27/2014,739.070000
03/28/2014,740.500000
03/31/2014,743.050000
04/01/2014,744.000000
04/02/2014,743.990000
04/03/2014,744.170000
04/04/2014,743.680000
04/07/2014,741.550000
04/08/2014,743.740000
04/09/2014,746.180000
04/10/2014,740.650000
04/11/2014,736.200000
04/14/2014,743.200000
04/15/2014,745.990000
04/16/2014,747.330000
04/17/2014,747.970000
04/21/2014,748.600000
04/22/2014,746.160000
04/23/2014,748.720000
04/24/2014,749.210000
04/25/2014,749.690000
04/28/2014,750.870000
04/29/2014,750.490000
04/30/2014,750.700000
05/01/2014,751.330000
05/02/2014,753.040000
05/05/2014,753.060000
05/06/2014,754.070000
05/07/2014,754.070000
05/08/2014,754.930000
05/09/2014,755.790000
05/12/2014,753.750000
05/13/2014,754.490000
05/14/2014,755.980000
05/15/2014,756.400000
05/16/2014,756.860000
05/19/2014,757.020000
05/20/2014,758.080000
05/21/2014,757.440000
05/22/2014,755.570000
05/23/2014,756.290000
05/27/2014,755.000000
05/28/2014,755.460000
05/29/2014,753.250000
05/30/2014,752.580000
06/02/2014,752.400000
06/03/2014,752.780000
06/04/2014,751.610000
06/05/2014,748.210000
06/06/2014,745.110000
06/09/2014,743.910000
06/10/2014,744.330000
06/11/2014,746.480000
06/12/2014,751.410000
06/13/2014,748.880000
06/16/2014,748.550000
06/17/2014,745.600000
06/18/2014,738.880000
06/19/2014,737.270000
06/20/2014,736.230000
06/23/2014,736.830000
06/24/2014,735.390000
06/25/2014,736.630000
06/26/2014,736.920000
06/27/2014,738.070000
06/30/2014,738.840000
07/01/2014,737.970000
07/02/2014,738.440000
07/03/2014,736.790000
07/07/2014,739.110000
07/08/2014,739.750000
07/09/2014,740.280000
07/10/2014,740.900000
07/11/2014,741.690000
07/14/2014,741.830000
07/15/2014,742.370000
07/16/2014,742.540000
07/17/2014,743.030000
07/18/2014,743.600000
07/21/2014,743.680000
07/22/2014,743.600000
07/23/2014,743.530000
07/24/2014,743.810000
07/25/2014,744.780000
07/28/2014,745.610000
07/29/2014,745.440000
07/30/2014,745.890000
07/31/2014,740.500000
08/01/2014,740.300000
08/04/2014,744.530000
08/05/2014,740.100000
08/06/2014,741.090000
08/07/2014,740.000000
08/08/2014,745.090000
08/11/2014,747.910000
08/12/2014,748.270000
08/13/2014,749.700000
08/14/2014,749.840000
08/15/2014,750.080000
08/18/2014,750.240000
08/19/2014,748.790000
08/20/2014,748.520000
08/21/2014,747.970000
08/22/2014,748.770000
08/25/2014,747.500000
08/26/2014,747.280000
08/27/2014,747.670000
08/28/2014,748.080000
08/29/2014,746.810000
09/02/2014,747.980000
09/03/2014,747.880000
09/04/2014,748.770000
09/05/2014,746.830000
09/08/2014,748.630000
09/09/2014,751.520000
09/10/2014,750.190000
09/11/2014,750.270000
09/12/2014,753.510000
09/15/2014,754.280000
09/16/2014,750.420000
09/17/2014,751.240000
09/18/2014,745.710000
09/19/2014,740.590000
09/22/2014,739.080000
09/23/2014,737.390000
09/24/2014,740.260000
09/25/2014,733.830000
09/26/2014,737.850000
09/29/2014,736.980000
09/30/2014,735.790000
10/01/2014,728.480000
10/02/2014,729.190000
10/03/2014,736.170000
10/06/2014,736.200000
10/07/2014,725.560000
10/08/2014,738.350000
10/09/2014,723.540000
10/10/2014,713.820000
10/13/2014,695.000000
10/14/2014,694.580000
10/15/2014,686.860000
10/16/2014,681.650000
10/17/2014,691.180000
10/20/2014,692.230000
10/21/2014,690.190000
10/22/2014,690.480000
10/23/2014,689.140000
10/24/2014,687.360000
10/27/2014,688.170000
10/28/2014,687.650000
10/29/2014,685.800000
10/30/2014,684.260000
10/31/2014,681.690000
11/03/2014,681.630000
11/04/2014,682.120000
11/05/2014,680.400000
11/06/2014,679.480000
11/07/2014,678.680000
11/10/2014,677.720000
11/11/2014,676.760000
11/12/2014,677.430000
11/13/2014,677.060000
11/14/2014,676.990000
11/17/2014,676.530000
11/18/2014,676.110000
11/19/2014,676.250000
11/20/2014,676.210000
11/21/2014,676.700000
11/24/2014,677.180000
11/25/2014,677.940000
11/26/2014,677.880000
11/28/2014,677.190000
12/01/2014,676.800000
12/02/2014,678.140000
12/03/2014,678.200000
12/04/2014,679.140000
12/05/2014,680.150000
12/08/2014,679.510000
12/09/2014,679.330000
12/10/2014,675.030000
12/11/2014,676.680000
12/12/2014,674.200000
12/15/2014,670.720000
12/16/2014,664.070000
12/17/2014,678.810000
12/18/2014,682.000000
12/19/2014,682.420000
12/22/2014,682.520000
12/23/2014,683.000000
12/24/2014,683.480000
12/26/2014,683.620000
12/29/2014,684.110000
12/30/2014,685.330000
12/31/2014,683.990000
01/02/2015,685.360000
01/05/2015,682.370000
01/06/2015,679.960000
01/07/2015,684.510000
01/08/2015,687.660000
01/09/2015,687.580000
01/12/2015,686.940000
01/13/2015,686.860000
01/14/2015,686.300000
01/15/2015,685.350000
01/16/2015,689.190000
01/20/2015,690.060000
01/21/2015,690.380000
01/22/2015,689.210000
01/23/2015,690.660000
01/26/2015,691.410000
01/27/2015,692.680000
01/28/2015,692.690000
01/29/2015,693.470000
01/30/2015,692.410000
02/02/2015,694.210000
02/03/2015,693.610000
02/04/2015,694.260000
02/05/2015,692.370000
02/06/2015,693.340000
02/09/2015,694.870000
02/10/2015,692.950000
02/11/2015,693.350000
02/12/2015,690.650000
02/13/2015,688.840000
02/17/2015,688.530000
02/18/2015,689.170000
02/19/2015,690.050000
02/20/2015,691.430000
02/23/2015,692.570000
02/24/2015,692.920000
02/25/2015,693.360000
02/26/2015,693.670000
02/27/2015,694.700000
03/02/2015,694.920000
03/03/2015,695.250000
03/04/2015,695.700000
03/05/2015,696.010000
03/06/2015,694.590000
03/09/2015,696.280000
03/10/2015,693.140000
03/11/2015,692.640000
03/12/2015,696.320000
03/13/2015,696.030000
03/16/2015,697.580000
03/17/2015,697.620000
03/18/2015,698.160000
03/19/2015,698.330000
03/20/2015,698.270000
03/23/2015,699.440000
03/24/2015,699.340000
03/25/2015,694.930000
03/26/2015,694.240000
03/27/2015,695.410000
03/30/2015,700.040000
03/31/2015,697.630000
04/01/2015,696.620000
04/02/2015,698.810000
04/06/2015,702.010000
04/07/2015,702.240000
04/08/2015,703.690000
04/09/2015,705.440000
04/10/2015,706.370000
04/13/2015,706.300000
04/14/2015,706.480000
04/15/2015,706.750000
04/16/2015,706.770000
04/17/2015,707.340000
04/20/2015,707.610000
04/21/2015,708.070000
04/22/2015,707.750000
04/23/2015,706.790000
04/24/2015,706.700000
04/27/2015,708.170000
04/28/2015,708.260000
04/29/2015,709.760000
04/30/2015,710.780000
05/01/2015,711.140000
05/04/2015,710.930000
05/05/2015,713.040000
05/06/2015,713.220000
05/07/2015,713.670000
05/08/2015,713.380000
05/11/2015,715.120000
05/12/2015,715.510000
05/13/2015,715.750000
05/14/2015,715.430000
05/15/2015,716.450000
05/18/2015,716.730000
05/19/2015,717.050000
05/20/2015,717.200000
05/21/2015,717.780000
05/22/2015,718.440000
05/26/2015,717.900000
05/27/2015,718.940000
05/28/2015,719.150000
05/29/2015,718.980000
06/01/2015,719.740000
06/02/2015,719.640000
06/03/2015,720.540000
06/04/2015,719.110000
06/05/2015,720.010000
06/08/2015,718.550000
06/09/2015,719.790000
06/10/2015,722.380000
06/11/2015,723.120000
06/12/2015,722.140000
06/15/2015,721.990000
06/16/2015,723.230000
06/17/2015,723.760000
06/18/2015,723.890000
06/19/2015,723.240000
06/22/2015,725.270000
06/23/2015,726.250000
06/24/2015,725.770000
06/25/2015,724.720000
06/26/2015,724.850000
06/29/2015,716.920000
06/30/2015,718.580000
07/01/2015,722.170000
07/02/2015,721.460000
07/06/2015,721.640000
07/07/2015,725.150000
07/08/2015,716.020000
07/09/2015,717.730000
07/10/2015,725.890000
07/13/2015,731.090000
07/14/2015,731.590000
07/15/2015,731.540000
07/16/2015,731.980000
07/17/2015,732.030000
07/20/2015,732.450000
07/21/2015,732.940000
07/22/2015,734.020000
07/23/2015,732.930000
07/24/2015,730.290000
07/27/2015,727.810000
07/28/2015,733.390000
07/29/2015,735.270000
07/30/2015,735.910000
07/31/2015,735.860000
08/03/2015,735.750000
08/04/2015,735.630000
08/05/2015,736.460000
08/06/2015,734.230000
08/07/2015,733.830000
08/10/2015,738.050000
08/11/2015,735.730000
08/12/2015,736.180000
08/13/2015,736.870000
08/14/2015,738.210000
08/17/2015,739.350000
08/18/2015,739.370000
08/19/2015,739.310000
08/20/2015,733.340000
08/21/2015,720.320000
08/24/2015,712.880000
08/25/2015,700.210000
08/26/2015,700.210000
08/27/2015,721.980000
08/28/2015,722.720000
08/31/2015,723.960000
09/01/2015,716.370000
09/02/2015,724.040000
09/03/2015,723.620000
09/04/2015,720.200000
09/08/2015,726.880000
09/09/2015,724.360000
09/10/2015,726.130000
09/11/2015,727.970000
09/14/2015,728.220000
09/15/2015,729.730000
09/16/2015,730.130000
09/17/2015,730.450000
09/18/2015,730.080000
09/21/2015,732.790000
09/22/2015,731.460000
09/23/2015,731.550000
09/24/2015,731.100000
09/25/2015,731.460000
09/28/2015,725.030000
09/29/2015,725.520000
09/30/2015,731.260000
10/01/2015,732.760000
10/02/2015,735.480000
10/05/2015,737.260000
10/06/2015,738.020000
10/07/2015,737.890000
10/08/2015,736.910000
10/09/2015,737.700000
10/12/2015,738.430000
10/13/2015,739.180000
10/14/2015,739.350000
10/15/2015,739.310000
10/16/2015,740.500000
10/19/2015,741.480000
10/20/2015,741.170000
10/21/2015,740.390000
10/22/2015,739.760000
10/23/2015,736.890000
10/26/2015,737.440000
10/27/2015,738.230000
10/28/2015,735.160000
10/29/2015,735.210000
10/30/2015,736.530000
11/02/2015,733.650000
11/03/2015,732.300000
11/04/2015,733.220000
11/05/2015,734.010000
11/06/2015,734.960000
11/09/2015,739.060000
11/10/2015,739.550000
11/11/2015,741.380000
11/12/2015,745.790000
11/13/2015,746.880000
11/16/2015,747.270000
11/17/2015,747.730000
11/18/2015,743.770000
11/19/2015,745.200000
11/20/2015,741.880000
11/23/2015,743.490000
11/24/2015,743.490000
11/25/2015,744.450000
11/27/2015,744.180000
11/30/2015,744.100000
12/01/2015,745.250000
12/02/2015,744.670000
12/03/2015,741.460000
12/04/2015,746.890000
12/07/2015,746.400000
12/08/2015,745.220000
12/09/2015,742.370000
12/10/2015,744.440000
12/11/2015,735.050000
12/14/2015,740.410000
12/15/2015,745.100000
12/16/2015,749.200000
12/17/2015,749.740000
12/18/2015,751.020000
12/21/2015,751.640000
12/22/2015,752.840000
12/23/2015,751.170000
12/24/2015,752.350000
12/28/2015,753.590000
12/29/2015,750.600000
12/30/2015,753.630000
12/31/2015,755.120000
01/04/2016,755.710000
01/05/2016,757.170000
01/06/2016,756.160000
01/07/2016,748.930000
01/08/2016,744.960000
01/11/2016,748.690000
01/12/2016,754.350000
01/13/2016,738.420000
01/14/2016,754.530000
01/15/2016,727.990000
01/19/2016,729.690000
01/20/2016,728.650000
01/21/2016,729.190000
01/22/2016,730.570000
01/25/2016,731.270000
01/26/2016,731.650000
01/27/2016,732.140000
01/28/2016,732.740000
01/29/2016,730.660000
02/01/2016,731.590000
02/02/2016,733.740000
02/03/2016,733.540000
02/04/2016,733.650000
02/05/2016,734.740000
02/08/2016,734.380000
02/09/2016,734.310000
02/10/2016,735.040000
02/11/2016,734.310000
02/12/2016,736.410000
02/16/2016,736.700000
02/17/2016,736.730000
02/18/2016,736.830000
02/19/2016,737.650000
02/22/2016,737.880000
02/23/2016,738.300000
02/24/2016,738.010000
02/25/2016,737.730000
02/26/2016,738.350000
02/29/2016,739.840000
03/01/2016,736.400000
03/02/2016,735.940000
03/03/2016,734.730000
03/04/2016,733.710000
03/07/2016,733.730000
03/08/2016,737.780000
03/09/2016,736.350000
03/10/2016,736.430000
03/11/2016,729.330000
03/14/2016,729.900000
03/15/2016,730.920000
03/16/2016,726.730000
03/17/2016,721.090000
03/18/2016,720.330000
03/21/2016,721.640000
03/22/2016,721.800000
03/23/2016,721.580000
03/24/2016,722.130000
03/28/2016,723.420000
03/29/2016,725.120000
03/30/2016,724.980000
03/31/2016,725.270000
04/01/2016,724.710000
04/04/2016,726.190000
04/05/2016,726.870000
04/06/2016,726.840000
04/07/2016,727.010000
04/08/2016,728.330000
04/11/2016,728.490000
04/12/2016,728.950000
04/13/2016,728.160000
04/14/2016,728.930000
04/15/2016,729.390000
04/18/2016,729.810000
04/19/2016,729.070000
04/20/2016,729.130000
04/21/2016,730.080000
04/22/2016,731.070000
04/25/2016,731.440000
04/26/2016,731.350000
04/27/2016,731.490000
04/28/2016,731.470000
04/29/2016,731.650000
05/02/2016,733.800000
05/03/2016,732.860000
05/04/2016,732.130000
05/05/2016,732.540000
05/06/2016,734.440000
05/09/2016,735.390000
05/10/2016,736.620000
05/11/2016,736.380000
05/12/2016,736.750000
05/13/2016,736.160000
05/16/2016,737.470000
05/17/2016,737.110000
05/18/2016,737.590000
05/19/2016,737.840000
05/20/2016,738.750000
05/23/2016,739.810000
05/24/2016,739.650000
05/25/2016,738.180000
05/26/2016,738.850000
05/27/2016,737.980000
05/31/2016,738.420000
06/01/2016,738.170000
06/02/2016,737.520000
06/03/2016,739.830000
06/06/2016,737.460000
06/07/2016,736.980000
06/08/2016,735.440000
06/09/2016,736.730000
06/10/2016,741.980000
06/13/2016,744.790000
06/14/2016,746.220000
06/15/2016,746.890000
06/16/2016,746.960000
06/17/2016,747.150000
06/20/2016,748.150000
06/21/2016,747.500000
06/22/2016,745.780000
06/23/2016,746.330000
06/24/2016,746.560000
06/27/2016,744.360000
06/28/2016,750.630000
06/29/2016,752.800000
06/30/2016,751.980000
07/01/2016,752.690000
07/05/2016,754.320000
07/06/2016,754.150000
07/07/2016,754.480000
07/08/2016,750.760000
07/11/2016,749.560000
07/12/2016,744.520000
07/13/2016,744.960000
07/14/2016,739.800000
07/15/2016,735.660000
07/18/2016,736.360000
07/19/2016,737.110000
07/20/2016,737.100000
07/21/2016,736.830000
07/22/2016,737.780000
07/25/2016,737.910000
07/26/2016,738.080000
07/27/2016,738.740000
07/28/2016,738.670000
07/29/2016,739.650000
08/01/2016,740.320000
08/02/2016,739.800000
08/03/2016,740.980000
08/04/2016,741.290000
08/05/2016,741.760000
08/08/2016,742.280000
08/09/2016,742.320000
08/10/2016,742.450000
08/11/2016,742.780000
08/12/2016,743.050000
08/15/2016,743.040000
08/16/2016,743.180000
08/17/2016,743.300000
08/18/2016,743.380000
08/19/2016,743.970000
08/22/2016,744.380000
08/23/2016,743.990000
08/24/2016,743.490000
08/25/2016,743.700000
08/26/2016,744.160000
08/29/2016,746.020000
08/30/2016,746.680000
08/31/2016,746.220000
09/01/2016,746.580000
09/02/2016,748.790000
09/06/2016,749.410000
09/07/2016,749.690000
09/08/2016,749.800000
09/09/2016,740.950000
09/12/2016,749.410000
09/13/2016,743.480000
09/14/2016,745.620000
09/15/2016,750.640000
09/16/2016,751.650000
09/19/2016,752.140000
09/20/2016,751.790000
09/21/2016,752.430000
09/22/2016,752.270000
09/23/2016,754.210000
09/26/2016,754.290000
09/27/2016,754.870000
09/28/2016,754.300000
09/29/2016,754.830000
09/30/2016,754.570000
10/03/2016,756.050000
10/04/2016,757.070000
10/05/2016,757.110000
10/06/2016,757.660000
10/07/2016,758.590000
10/10/2016,758.650000
10/11/2016,758.960000
10/12/2016,759.240000
10/13/2016,759.310000
10/14/2016,759.620000
10/17/2016,759.690000
10/18/2016,759.770000
10/19/2016,759.800000
10/20/2016,759.860000
10/21/2016,759.880000
10/24/2016,760.130000
10/25/2016,760.120000
10/26/2016,759.700000
10/27/2016,759.300000
10/28/2016,758.700000
10/31/2016,758.190000
11/01/2016,746.900000
11/02/2016,745.800000
11/03/2016,743.740000
11/04/2016,742.930000
11/07/2016,749.060000
11/08/2016,749.700000
11/09/2016,753.130000
11/10/2016,753.550000
11/11/2016,755.520000
11/14/2016,757.510000
11/15/2016,754.420000
11/16/2016,757.430000
11/17/2016,753.870000
11/18/2016,756.100000
11/21/2016,756.830000
11/22/2016,756.540000
11/23/2016,756.440000
11/25/2016,755.640000
11/28/2016,757.410000
11/29/2016,757.210000
11/30/2016,757.760000
12/01/2016,758.350000
12/02/2016,759.050000
12/05/2016,761.090000
12/06/2016,760.820000
12/07/2016,752.290000
12/08/2016,750.160000
12/09/2016,745.310000
12/12/2016,746.120000
12/13/2016,740.170000
12/14/2016,747.560000
12/15/2016,742.390000
12/16/2016,737.980000
12/19/2016,739.340000
12/20/2016,739.310000
12/21/2016,739.720000
12/22/2016,739.900000
12/23/2016,740.430000
12/27/2016,740.930000
12/28/2016,740.410000
12/29/2016,740.390000
12/30/2016,739.750000
01/03/2017,742.370000
01/04/2017,743.450000
01/05/2017,743.780000
01/06/2017,743.700000
01/09/2017,744.540000
01/10/2017,744.820000
01/11/2017,744.930000
01/12/2017,744.920000
01/13/2017,745.080000
01/17/2017,745.140000
01/18/2017,745.180000
01/19/2017,745.390000
01/20/2017,746.370000
01/23/2017,746.590000
01/24/2017,746.890000
01/25/2017,745.210000
01/26/2017,745.470000
01/27/2017,746.590000
01/30/2017,747.520000
01/31/2017,748.230000
02/01/2017,748.760000
02/02/2017,748.830000
02/03/2017,748.900000
02/06/2017,749.960000
02/07/2017,750.410000
02/08/2017,750.470000
02/09/2017,748.680000
02/10/2017,747.010000
02/13/2017,742.680000
02/14/2017,737.930000
02/15/2017,732.140000
02/16/2017,731.900000
02/17/2017,735.910000
02/21/2017,734.740000
02/22/2017,735.140000
02/23/2017,735.190000
02/24/2017,735.250000
02/27/2017,734.760000
02/28/2017,735.170000
03/01/2017,729.790000
03/02/2017,733.830000
03/03/2017,735.280000
03/06/2017,737.690000
03/07/2017,739.080000
03/08/2017,739.850000
03/09/2017,739.420000
03/10/2017,739.450000
03/13/2017,740.040000
03/14/2017,741.570000
03/15/2017,739.130000
03/16/2017,742.200000
03/17/2017,742.640000
03/20/2017,743.220000
03/21/2017,741.070000
03/22/2017,741.130000
03/23/2017,740.510000
03/24/2017,741.280000
03/27/2017,742.030000
03/28/2017,744.620000
03/29/2017,745.150000
03/30/2017,745.960000
03/31/2017,745.730000
04/03/2017,745.930000
04/04/2017,746.500000
04/05/2017,745.430000
04/06/2017,746.450000
04/07/2017,746.520000
04/10/2017,747.290000
04/11/2017,747.220000
04/12/2017,746.750000
04/13/2017,745.260000
04/17/2017,748.470000
04/18/2017,748.560000
04/19/2017,748.650000
04/20/2017,749.230000
04/21/2017,749.360000
04/24/2017,751.710000
04/25/2017,750.050000
04/26/2017,750.290000
04/27/2017,750.470000
04/28/2017,751.190000
05/01/2017,751.330000
05/02/2017,750.800000
05/03/2017,751.620000
05/04/2017,751.470000
05/05/2017,750.010000
05/08/2017,751.720000
05/09/2017,752.140000
05/10/2017,751.920000
05/11/2017,752.980000
05/12/2017,764.670000
05/15/2017,762.940000
05/16/2017,763.970000
05/17/2017,765.950000
05/18/2017,766.590000
05/19/2017,766.320000
05/22/2017,767.250000
05/23/2017,767.030000
05/24/2017,767.410000
05/25/2017,765.410000
05/26/2017,765.770000
05/30/2017,766.940000
05/31/2017,767.100000
06/01/2017,762.680000
06/02/2017,761.200000
06/05/2017,761.910000
06/06/2017,764.000000
06/07/2017,762.990000
06/08/2017,763.210000
06/09/2017,764.110000
06/12/2017,765.000000
06/13/2017,761.130000
06/14/2017,762.480000
06/15/2017,765.820000
06/16/2017,765.510000
06/19/2017,764.080000
06/20/2017,765.070000
06/21/2017,765.340000
06/22/2017,766.100000
06/23/2017,766.840000
06/26/2017,767.340000
06/27/2017,767.140000
06/28/2017,767.580000
06/29/2017,767.370000
06/30/2017,768.170000
07/03/2017,768.410000
07/05/2017,769.010000
07/06/2017,768.260000
07/07/2017,769.910000
07/10/2017,770.430000
07/11/2017,770.780000
07/12/2017,770.740000
07/13/2017,770.590000
07/14/2017,769.800000
07/17/2017,770.330000
07/18/2017,770.630000
07/19/2017,768.320000
07/20/2017,768.580000
07/21/2017,772.200000
07/24/2017,773.040000
07/25/2017,772.730000
07/26/2017,773.120000
07/27/2017,773.230000
07/28/2017,773.690000
07/31/2017,774.430000
08/01/2017,774.910000
08/02/2017,775.210000
08/03/2017,775.420000
08/04/2017,775.870000
08/07/2017,776.350000
08/08/2017,775.970000
08/09/2017,776.310000
08/10/2017,772.310000
08/11/2017,773.950000
08/14/2017,777.520000
08/15/2017,778.030000
08/16/2017,778.300000
08/17/2017,777.980000
08/18/2017,778.980000
08/21/2017,780.290000
08/22/2017,780.220000
08/23/2017,780.970000
08/24/2017,781.320000
08/25/2017,782.110000
08/28/2017,782.880000
08/29/2017,782.800000
08/30/2017,782.140000
08/31/2017,780.590000
09/01/2017,780.280000
09/05/2017,782.610000
09/06/2017,782.610000
09/07/2017,783.290000
09/08/2017,783.470000
09/11/2017,778.860000
09/12/2017,775.790000
09/13/2017,775.290000
09/14/2017,774.880000
09/15/2017,775.270000
09/18/2017,775.450000
09/19/2017,775.220000
09/20/2017,775.530000
09/21/2017,776.390000
09/22/2017,776.850000
09/25/2017,777.260000
09/26/2017,777.400000
09/27/2017,777.160000
09/28/2017,777.610000
09/29/2017,777.060000
10/02/2017,775.830000
10/03/2017,774.520000
10/04/2017,773.760000
10/05/2017,769.890000
10/06/2017,770.710000
10/09/2017,771.810000
10/10/2017,770.110000
10/11/2017,768.720000
10/12/2017,770.960000
10/13/2017,770.050000
10/16/2017,768.650000
10/17/2017,767.900000
10/18/2017,767.040000
10/19/2017,766.770000
10/20/2017,761.000000
10/23/2017,760.650000
10/24/2017,760.470000
10/25/2017,760.230000
10/26/2017,760.560000
10/27/2017,761.250000
10/30/2017,762.050000
10/31/2017,762.360000
11/01/2017,762.330000
11/02/2017,762.800000
11/03/2017,762.920000
11/06/2017,763.140000
11/07/2017,763.050000
11/08/2017,763.210000
11/09/2017,764.040000
11/10/2017,764.620000
11/13/2017,765.490000
11/14/2017,766.220000
11/15/2017,766.380000
11/16/2017,766.590000
11/17/2017,767.380000
11/20/2017,768.340000
11/21/2017,768.130000
11/22/2017,768.610000
11/24/2017,768.170000
11/27/2017,768.580000
11/28/2017,763.380000
11/29/2017,763.070000
11/30/2017,757.510000
12/01/2017,757.930000
12/04/2017,759.180000
12/05/2017,762.550000
12/06/2017,763.150000
12/07/2017,761.740000
12/08/2017,756.590000
12/11/2017,753.520000
12/12/2017,751.740000
12/13/2017,751.110000
12/14/2017,755.500000
12/15/2017,747.920000
12/18/2017,746.290000
12/19/2017,746.860000
12/20/2017,747.980000
12/21/2017,747.600000
12/22/2017,747.750000
12/26/2017,748.420000
12/27/2017,748.950000
12/28/2017,749.610000
12/29/2017,750.570000
01/02/2018,750.240000
01/03/2018,747.540000
01/04/2018,744.620000
01/05/2018,739.260000
01/08/2018,738.320000
01/09/2018,736.480000
01/10/2018,737.830000
01/11/2018,732.300000
01/12/2018,730.020000
01/16/2018,731.230000
01/17/2018,728.740000
01/18/2018,728.650000
01/19/2018,728.660000
01/22/2018,726.920000
01/23/2018,726.470000
01/24/2018,726.120000
01/25/2018,726.260000
01/26/2018,722.020000
01/29/2018,723.390000
01/30/2018,726.220000
01/31/2018,727.400000
02/01/2018,728.530000
02/02/2018,726.580000
02/05/2018,708.690000
02/06/2018,713.370000
02/07/2018,713.580000
02/08/2018,688.000000
02/09/2018,693.460000
02/12/2018,702.290000
02/13/2018,705.030000
02/14/2018,721.050000
02/15/2018,733.650000
02/16/2018,735.710000
02/20/2018,735.890000
02/21/2018,735.820000
02/22/2018,736.600000
02/23/2018,738.740000
02/26/2018,737.770000
02/27/2018,738.120000
02/28/2018,738.320000
03/01/2018,736.120000
03/02/2018,737.930000
03/05/2018,740.200000
03/06/2018,740.970000
03/07/2018,741.380000
03/08/2018,741.760000
03/09/2018,741.050000
03/12/2018,741.650000
03/13/2018,742.620000
03/14/2018,742.720000
03/15/2018,743.000000
03/16/2018,743.170000
03/19/2018,741.490000
03/20/2018,741.980000
03/21/2018,742.040000
03/22/2018,734.670000
03/23/2018,725.650000
03/26/2018,736.590000
03/27/2018,729.370000
03/28/2018,728.180000
03/29/2018,733.900000
04/02/2018,722.180000
04/03/2018,729.700000
04/04/2018,735.470000
04/05/2018,739.080000
04/06/2018,729.080000
04/09/2018,730.640000
04/10/2018,739.730000
04/11/2018,738.450000
04/12/2018,743.230000
04/13/2018,743.560000
04/16/2018,748.060000
04/17/2018,749.780000
04/18/2018,750.190000
04/19/2018,750.440000
04/20/2018,750.380000
04/23/2018,751.400000
04/24/2018,749.430000
04/25/2018,749.660000
04/26/2018,752.050000
04/27/2018,753.580000
04/30/2018,753.570000
05/01/2018,754.490000
05/02/2018,753.560000
05/03/2018,753.310000
05/04/2018,756.310000
05/07/2018,756.990000
05/08/2018,757.590000
05/09/2018,758.090000
05/10/2018,757.050000
05/11/2018,757.220000
05/14/2018,757.810000
05/15/2018,758.860000
05/16/2018,759.070000
05/17/2018,759.380000
05/18/2018,759.990000
05/21/2018,759.910000
05/22/2018,760.740000
05/23/2018,761.360000
05/24/2018,762.510000
05/25/2018,762.800000
05/29/2018,761.040000
05/30/2018,763.120000
05/31/2018,763.560000
06/01/2018,763.880000
06/04/2018,763.540000
06/05/2018,763.710000
06/06/2018,760.020000
06/07/2018,760.600000
06/08/2018,758.980000
06/11/2018,758.420000
06/12/2018,757.980000
06/13/2018,762.020000
06/14/2018,761.280000
06/15/2018,764.800000
06/18/2018,765.620000
06/19/2018,765.400000
06/20/2018,765.990000
06/21/2018,765.040000
06/22/2018,766.350000
06/25/2018,762.560000
06/26/2018,763.460000
06/27/2018,761.090000
06/28/2018,762.950000
06/29/2018,764.820000
07/02/2018,765.720000
07/03/2018,764.480000
07/05/2018,767.530000
07/06/2018,769.810000
07/09/2018,770.680000
07/10/2018,770.670000
07/11/2018,771.110000
07/12/2018,771.140000
07/13/2018,771.440000
07/16/2018,772.050000
07/17/2018,771.810000
07/18/2018,772.120000
07/19/2018,772.580000
07/20/2018,772.990000
07/23/2018,773.680000
07/24/2018,773.010000
07/25/2018,770.630000
07/26/2018,771.700000
07/27/2018,774.530000
07/30/2018,774.190000
07/31/2018,775.090000
08/01/2018,775.540000
08/02/2018,775.600000
08/03/2018,775.180000
08/06/2018,774.260000
08/07/2018,773.030000
08/08/2018,773.910000
08/09/2018,774.690000
08/10/2018,777.270000
08/13/2018,778.500000
08/14/2018,778.410000
08/15/2018,779.560000
08/16/2018,779.580000
08/17/2018,779.760000
08/20/2018,779.990000
08/21/2018,779.630000
08/22/2018,780.220000
08/23/2018,780.770000
08/24/2018,779.630000
08/27/2018,777.250000
08/28/2018,776.900000
08/29/2018,774.390000
08/30/2018,775.890000
08/31/2018,776.620000
09/04/2018,777.890000
09/05/2018,779.340000
09/06/2018,780.510000
09/07/2018,781.890000
09/10/2018,782.770000
09/11/2018,782.260000
09/12/2018,782.820000
09/13/2018,780.730000
09/14/2018,780.510000
09/17/2018,783.560000
09/18/2018,781.370000
09/19/2018,781.310000
09/20/2018,773.440000
09/21/2018,770.140000
09/24/2018,770.360000
09/25/2018,770.340000
09/26/2018,770.200000
09/27/2018,771.270000
09/28/2018,771.780000
10/01/2018,772.800000
10/02/2018,772.950000
10/03/2018,773.290000
10/04/2018,770.690000
10/05/2018,768.890000
10/08/2018,769.480000
10/09/2018,769.480000
10/10/2018,746.060000
10/11/2018,728.550000
10/12/2018,736.690000
10/15/2018,729.050000
10/16/2018,752.360000
10/17/2018,752.630000
10/18/2018,733.490000
10/19/2018,735.550000
10/22/2018,736.180000
10/23/2018,734.930000
10/24/2018,725.580000
10/25/2018,731.600000
10/26/2018,726.130000
10/29/2018,724.520000
10/30/2018,730.310000
10/31/2018,734.470000
11/01/2018,738.130000
11/02/2018,737.020000
11/05/2018,739.180000
11/06/2018,740.610000
11/07/2018,742.730000
11/08/2018,743.520000
11/09/2018,743.910000
11/12/2018,742.170000
11/13/2018,743.020000
11/14/2018,742.660000
11/15/2018,744.890000
11/16/2018,745.910000
11/19/2018,745.290000
11/20/2018,742.090000
11/21/2018,744.180000
11/23/2018,742.840000
11/26/2018,747.980000
11/27/2018,748.150000
11/28/2018,748.930000
11/29/2018,748.820000
11/30/2018,748.450000
12/04/2018,749.350000
12/06/2018,750.210000
12/07/2018,745.530000
12/10/2018,748.350000
12/11/2018,749.250000
12/12/2018,751.180000
12/13/2018,752.570000
12/14/2018,747.260000
12/17/2018,737.330000
12/18/2018,736.660000
12/19/2018,726.160000
12/20/2018,711.600000
12/21/2018,706.350000
12/24/2018,700.700000
12/26/2018,707.380000
12/27/2018,706.640000
12/28/2018,708.680000
12/31/2018,710.940000
01/02/2019,714.170000
01/03/2019,713.440000
01/04/2019,714.590000
01/07/2019,714.280000
01/08/2019,713.150000
01/09/2019,712.750000
01/10/2019,712.040000
01/11/2019,713.570000
01/14/2019,715.980000
01/15/2019,713.360000
01/16/2019,713.370000
01/17/2019,708.820000
01/18/2019,701.560000
01/22/2019,700.840000
01/23/2019,701.400000
01/24/2019,702.990000
01/25/2019,703.540000
01/28/2019,703.720000
01/29/2019,703.710000
01/30/2019,704.600000
01/31/2019,703.700000
02/01/2019,705.160000
02/04/2019,704.770000
02/05/2019,703.400000
02/06/2019,704.770000
02/07/2019,707.830000
02/08/2019,708.410000
02/11/2019,708.850000
02/12/2019,705.210000
02/13/2019,703.770000
02/14/2019,707.210000
02/15/2019,699.950000
02/19/2019,700.870000
02/20/2019,701.720000
02/21/2019,702.150000
02/22/2019,702.200000
02/25/2019,701.850000
02/26/2019,702.550000
02/27/2019,703.510000
02/28/2019,704.370000
03/01/2019,704.290000
03/04/2019,705.770000
03/05/2019,706.240000
03/06/2019,706.640000
03/07/2019,706.340000
03/08/2019,707.230000
03/11/2019,708.260000
03/12/2019,708.480000
03/13/2019,708.170000
03/14/2019,708.750000
03/15/2019,708.470000
03/18/2019,707.820000
03/19/2019,707.400000
03/20/2019,707.820000
03/21/2019,705.200000
03/22/2019,705.480000
03/25/2019,706.950000
03/26/2019,708.800000
03/27/2019,709.150000
03/28/2019,710.470000
03/29/2019,711.350000
04/01/2019,708.240000
04/02/2019,709.460000
04/03/2019,708.600000
04/04/2019,708.190000
04/05/2019,706.740000
04/08/2019,706.630000
04/09/2019,709.690000
04/10/2019,708.660000
04/11/2019,709.450000
04/12/2019,704.080000
04/15/2019,705.260000
04/16/2019,704.910000
04/17/2019,708.250000
04/18/2019,706.510000
04/22/2019,707.390000
04/23/2019,705.520000
04/24/2019,705.710000
04/25/2019,706.360000
04/26/2019,705.570000
04/29/2019,705.700000
04/30/2019,705.890000
05/01/2019,707.290000
05/02/2019,708.530000
05/03/2019,707.080000
05/06/2019,707.440000
05/07/2019,705.800000
05/08/2019,706.380000
05/09/2019,706.580000
05/10/2019,712.020000
05/13/2019,703.840000
05/14/2019,711.350000
05/15/2019,713.670000
05/16/2019,714.610000
05/17/2019,714.190000
05/20/2019,714.020000
05/21/2019,716.070000
05/22/2019,716.580000
05/23/2019,714.140000
05/24/2019,715.200000
05/28/2019,713.000000
05/29/2019,710.950000
05/30/2019,712.980000
05/31/2019,708.030000
06/03/2019,707.350000
06/04/2019,716.270000
06/05/2019,719.220000
06/06/2019,720.990000
06/07/2019,720.920000
06/10/2019,721.730000
06/11/2019,722.170000
06/12/2019,722.860000
06/13/2019,723.130000
06/14/2019,723.810000
06/17/2019,724.080000
06/18/2019,723.230000
06/19/2019,723.940000
06/20/2019,723.250000
06/21/2019,723.750000
06/24/2019,724.810000
06/25/2019,724.100000
06/26/2019,724.570000
06/27/2019,725.660000
06/28/2019,726.010000
07/01/2019,729.700000
07/02/2019,730.850000
07/03/2019,729.620000
07/08/2019,732.140000
07/09/2019,732.240000
07/10/2019,732.100000
07/11/2019,732.180000
07/12/2019,731.280000
07/15/2019,732.280000
07/16/2019,733.570000
07/17/2019,733.950000
07/18/2019,734.070000
07/19/2019,733.950000
07/22/2019,735.480000
07/23/2019,735.850000
07/24/2019,735.540000
07/25/2019,736.200000
07/26/2019,735.670000
07/29/2019,736.690000
07/30/2019,736.340000
07/31/2019,736.510000
08/01/2019,734.160000
08/02/2019,732.150000
08/05/2019,717.420000
08/06/2019,725.580000
08/07/2019,726.680000
08/08/2019,736.900000
08/09/2019,735.590000
08/12/2019,728.870000
08/13/2019,738.760000
08/14/2019,717.010000
08/15/2019,719.980000
08/16/2019,730.340000
08/19/2019,731.540000
08/20/2019,732.810000
08/21/2019,732.800000
08/22/2019,731.880000
08/23/2019,731.270000
08/26/2019,733.100000
08/27/2019,733.020000
08/28/2019,734.290000
08/29/2019,733.970000
08/30/2019,733.820000
09/03/2019,736.300000
09/04/2019,735.950000
09/05/2019,733.250000
09/06/2019,733.930000
09/09/2019,734.700000
09/10/2019,735.400000
09/11/2019,731.430000
09/12/2019,730.050000
09/13/2019,731.180000
09/16/2019,733.660000
09/17/2019,732.840000
09/18/2019,733.110000
09/19/2019,735.070000
09/20/2019,730.620000
09/23/2019,732.430000
09/24/2019,731.630000
09/25/2019,733.170000
09/26/2019,733.060000
09/27/2019,731.460000
09/30/2019,734.100000
10/01/2019,730.110000
10/02/2019,721.360000
10/03/2019,726.480000
10/04/2019,732.710000
10/07/2019,734.210000
10/08/2019,723.760000
10/09/2019,730.010000
10/10/2019,733.660000
10/11/2019,738.600000
10/14/2019,740.720000
10/15/2019,741.940000
10/16/2019,742.270000
10/17/2019,742.420000
10/18/2019,742.700000
10/21/2019,743.480000
10/22/2019,743.870000
10/23/2019,744.530000
10/24/2019,745.220000
10/25/2019,745.630000
10/28/2019,744.140000
10/29/2019,744.290000
10/30/2019,744.410000
10/31/2019,745.520000
11/01/2019,741.780000
11/04/2019,739.730000
11/05/2019,740.460000
11/06/2019,741.160000
11/07/2019,738.900000
11/08/2019,736.570000
11/11/2019,739.190000
11/12/2019,737.480000
11/13/2019,736.840000
11/14/2019,735.040000
11/15/2019,729.500000
11/18/2019,729.670000
11/19/2019,730.010000
11/20/2019,730.510000
11/21/2019,730.150000
11/22/2019,731.200000
11/25/2019,731.900000
11/26/2019,731.750000
11/27/2019,730.830000
11/29/2019,731.380000
12/02/2019,731.800000
12/03/2019,731.430000
12/04/2019,732.330000
12/05/2019,733.060000
12/06/2019,732.790000
12/09/2019,733.510000
12/10/2019,734.000000
12/11/2019,734.500000
12/12/2019,732.440000
12/13/2019,734.390000
12/16/2019,731.370000
12/17/2019,732.080000
12/18/2019,733.050000
12/19/2019,729.390000
12/20/2019,718.810000
12/23/2019,719.200000
12/24/2019,719.470000
12/26/2019,719.300000
12/27/2019,718.410000
12/30/2019,719.010000
12/31/2019,720.170000
01/02/2020,719.920000
01/03/2020,720.670000
01/06/2020,721.790000
01/07/2020,722.980000
01/08/2020,721.770000
01/09/2020,720.260000
01/10/2020,722.340000
01/13/2020,719.840000
01/14/2020,721.310000
01/15/2020,720.900000
01/16/2020,714.540000
01/17/2020,708.940000
01/21/2020,708.860000
01/22/2020,709.170000
01/23/2020,709.230000
01/24/2020,708.150000
01/27/2020,703.820000
01/28/2020,707.050000
01/29/2020,707.350000
01/30/2020,708.630000
01/31/2020,702.180000
02/03/2020,706.220000
02/04/2020,711.220000
02/05/2020,712.310000
02/06/2020,712.860000
02/07/2020,713.230000
02/10/2020,713.700000
02/11/2020,713.720000
02/12/2020,712.760000
02/13/2020,713.220000
02/14/2020,713.770000
02/18/2020,716.110000
02/19/2020,715.430000
02/20/2020,717.150000
02/21/2020,717.690000
02/24/2020,710.770000
02/25/2020,700.520000
02/26/2020,698.660000
02/27/2020,683.750000
02/28/2020,683.020000
03/02/2020,698.780000
03/03/2020,686.950000
03/04/2020,703.070000
03/05/2020,689.910000
03/06/2020,681.130000
03/09/2020,659.260000
03/10/2020,667.220000
03/11/2020,657.370000
03/12/2020,652.690000
03/13/2020,654.270000
03/16/2020,653.870000
03/17/2020,653.430000
03/18/2020,653.430000
03/19/2020,653.500000
03/20/2020,650.990000
03/23/2020,649.490000
03/24/2020,652.280000
03/25/2020,649.940000
03/26/2020,649.200000
03/27/2020,649.770000
03/30/2020,650.770000
03/31/2020,655.850000
04/01/2020,658.500000
04/02/2020,660.190000
04/03/2020,662.210000
04/06/2020,658.590000
04/07/2020,656.590000
04/08/2020,649.890000
04/09/2020,646.180000
04/13/2020,651.590000
04/14/2020,640.720000
04/15/2020,650.540000
04/16/2020,649.220000
04/17/2020,638.740000
04/20/2020,638.430000
04/21/2020,637.590000
04/22/2020,640.100000
04/23/2020,641.020000
04/24/2020,643.390000
04/27/2020,644.570000
04/28/2020,644.600000
04/29/2020,643.710000
04/30/2020,644.450000
05/01/2020,645.060000
05/04/2020,646.500000
05/05/2020,647.010000
05/06/2020,647.280000
05/07/2020,647.680000
05/08/2020,647.780000
05/11/2020,648.120000
05/12/2020,648.250000
05/13/2020,648.340000
05/14/2020,648.390000
05/15/2020,648.970000
05/18/2020,646.870000
05/19/2020,647.840000
05/20/2020,646.390000
05/21/2020,647.570000
05/22/2020,647.880000
05/26/2020,646.530000
05/27/2020,643.460000
05/28/2020,643.340000
05/29/2020,643.630000
06/01/2020,642.630000
06/02/2020,640.980000
06/03/2020,638.580000
06/04/2020,639.180000
06/05/2020,635.050000
06/08/2020,633.950000
06/09/2020,634.360000
06/10/2020,635.200000
06/11/2020,646.190000
06/12/2020,644.890000
06/15/2020,643.360000
06/16/2020,638.250000
06/17/2020,638.030000
06/18/2020,636.250000
06/19/2020,631.060000
06/22/2020,632.400000
06/23/2020,632.730000
06/24/2020,631.300000
06/25/2020,633.200000
06/26/2020,631.020000
06/29/2020,633.880000
06/30/2020,635.670000
07/01/2020,636.530000
07/02/2020,637.140000
07/06/2020,637.390000
07/07/2020,637.810000
07/08/2020,638.470000
07/09/2020,638.700000
07/10/2020,638.940000
07/13/2020,639.040000
07/14/2020,639.190000
07/15/2020,639.270000
07/16/2020,639.540000
07/17/2020,640.040000
07/20/2020,640.780000
07/21/2020,640.510000
07/22/2020,640.670000
07/23/2020,641.310000
07/24/2020,642.010000
07/27/2020,642.990000
07/28/2020,643.170000
07/29/2020,643.450000
07/30/2020,643.320000
07/31/2020,643.700000
08/03/2020,643.340000
08/04/2020,643.290000
08/05/2020,642.710000
08/06/2020,641.630000
08/07/2020,641.770000
08/10/2020,641.860000
08/11/2020,643.270000
08/12/2020,640.610000
08/13/2020,641.880000
08/14/2020,642.650000
08/17/2020,642.770000
08/18/2020,642.280000
08/19/2020,644.580000
08/20/2020,644.230000
08/21/2020,644.730000
08/24/2020,644.400000
08/25/2020,644.250000
08/26/2020,641.650000
08/27/2020,641.150000
08/28/2020,641.050000
08/31/2020,644.110000
09/01/2020,638.960000
09/02/2020,635.710000
09/03/2020,640.850000
09/04/2020,643.110000
09/08/2020,645.000000
09/09/2020,646.510000
09/10/2020,646.900000
09/11/2020,648.700000
09/14/2020,650.290000
09/15/2020,650.520000
09/16/2020,650.720000
09/17/2020,650.800000
09/18/2020,650.990000
09/21/2020,651.360000
09/22/2020,652.250000
09/23/2020,650.080000
09/24/2020,650.780000
09/25/2020,653.410000
09/28/2020,653.810000
09/29/2020,653.880000
09/30/2020,654.100000
10/01/2020,653.720000
10/02/2020,655.130000
10/05/2020,655.020000
10/06/2020,656.550000
10/07/2020,655.830000
10/08/2020,655.350000
10/09/2020,653.450000
10/12/2020,646.460000
10/13/2020,650.500000
10/14/2020,654.600000
10/15/2020,657.130000
10/19/2020,655.780000
10/20/2020,655.900000
10/21/2020,657.400000
10/22/2020,657.380000
10/23/2020,658.030000
10/26/2020,655.250000
10/27/2020,655.410000
10/28/2020,649.840000
10/29/2020,653.320000
10/30/2020,652.810000
11/02/2020,652.560000
11/03/2020,656.590000
11/04/2020,660.400000
11/05/2020,661.660000
11/06/2020,663.250000
11/09/2020,669.070000
11/10/2020,663.840000
11/11/2020,664.240000
11/12/2020,664.660000
11/13/2020,664.570000
11/16/2020,664.410000
11/17/2020,665.240000
11/18/2020,665.580000
11/19/2020,665.660000
11/20/2020,665.360000
11/23/2020,666.660000
11/24/2020,665.520000
11/25/2020,666.390000
11/27/2020,666.400000
11/30/2020,667.900000
12/01/2020,665.960000
12/02/2020,665.890000
12/03/2020,666.370000
12/04/2020,664.550000
12/07/2020,666.550000
12/08/2020,666.480000
12/09/2020,669.010000
12/10/2020,669.870000
12/11/2020,670.780000
12/14/2020,671.940000
12/15/2020,669.770000
12/16/2020,670.500000
12/17/2020,669.350000
12/18/2020,676.160000
12/21/2020,670.740000
12/22/2020,669.550000
12/23/2020,670.450000
12/24/2020,671.530000
12/28/2020,671.830000
12/29/2020,671.720000
12/30/2020,672.120000
12/31/2020,676.180000
01/04/2021,672.620000
01/05/2021,673.220000
01/06/2021,673.010000
01/07/2021,672.340000
01/08/2021,671.250000
01/11/2021,673.540000
01/12/2021,674.770000
01/13/2021,675.260000
01/14/2021,676.070000
01/15/2021,676.430000
01/19/2021,676.980000
01/20/2021,676.260000
01/21/2021,676.310000
01/22/2021,677.250000
01/25/2021,676.680000
01/26/2021,676.860000
01/27/2021,675.720000
01/28/2021,676.800000
01/29/2021,683.080000
02/01/2021,678.790000
02/02/2021,683.480000
02/03/2021,680.350000
02/04/2021,679.670000
02/05/2021,679.600000
02/08/2021,678.050000
02/09/2021,678.480000
02/10/2021,678.390000
02/11/2021,678.830000
02/12/2021,677.800000
02/16/2021,680.140000
02/17/2021,679.890000
02/18/2021,682.620000
02/19/2021,682.460000
02/22/2021,682.190000
02/23/2021,682.660000
02/24/2021,683.760000
02/25/2021,679.700000
02/26/2021,681.430000
03/01/2021,684.320000
03/02/2021,683.780000
03/03/2021,681.740000
03/04/2021,679.220000
03/05/2021,683.610000
03/08/2021,682.990000
03/09/2021,686.010000
03/10/2021,687.240000
03/11/2021,687.870000
03/12/2021,688.590000
03/15/2021,688.840000
03/16/2021,688.960000
03/17/2021,689.190000
03/18/2021,689.320000
03/19/2021,689.620000
03/22/2021,690.930000
03/23/2021,690.890000
03/24/2021,690.760000
03/25/2021,691.830000
03/26/2021,690.900000
03/29/2021,690.680000
03/30/2021,692.200000
03/31/2021,692.300000
04/01/2021,690.750000
04/05/2021,685.220000
04/06/2021,685.780000
04/07/2021,685.380000
04/08/2021,682.840000
04/09/2021,678.930000
04/12/2021,678.890000
04/13/2021,676.340000
04/14/2021,677.840000
04/15/2021,672.260000
04/16/2021,671.060000
04/19/2021,670.730000
04/20/2021,670.010000
04/21/2021,671.190000
04/22/2021,670.220000
04/23/2021,671.810000
04/26/2021,672.100000
04/27/2021,672.370000
04/28/2021,673.000000
04/29/2021,672.610000
04/30/2021,672.000000
05/03/2021,673.790000
05/04/2021,674.130000
05/05/2021,674.080000
05/06/2021,674.810000
05/07/2021,674.940000
05/10/2021,675.820000
05/11/2021,674.810000
05/12/2021,670.690000
05/13/2021,674.400000
05/14/2021,676.730000
05/17/2021,677.230000
05/18/2021,677.080000
05/19/2021,677.350000
05/20/2021,677.650000
05/21/2021,677.800000
05/24/2021,679.080000
05/25/2021,679.290000
05/26/2021,680.190000
05/27/2021,680.760000
05/28/2021,681.050000
06/01/2021,681.130000
06/02/2021,681.720000
06/03/2021,681.990000
06/04/2021,682.180000
06/07/2021,682.830000
06/08/2021,682.690000
06/09/2021,682.650000
06/10/2021,683.160000
06/11/2021,683.380000
06/14/2021,683.290000
06/15/2021,683.640000
06/16/2021,683.810000
06/17/2021,684.070000
06/18/2021,683.730000
06/21/2021,684.800000
06/22/2021,684.730000
06/23/2021,685.280000
06/24/2021,684.550000
06/25/2021,683.970000
06/28/2021,683.570000
06/29/2021,683.460000
06/30/2021,683.340000
07/01/2021,681.250000
07/02/2021,678.610000
07/06/2021,679.180000
07/07/2021,677.740000
07/08/2021,680.420000
07/09/2021,677.030000
07/12/2021,675.480000
07/13/2021,676.480000
07/14/2021,675.450000
07/15/2021,677.140000
07/16/2021,673.670000
07/19/2021,671.970000
07/20/2021,673.690000
07/21/2021,674.770000
07/22/2021,674.830000
07/23/2021,674.080000
07/26/2021,674.090000
07/27/2021,674.490000
07/28/2021,675.130000
07/29/2021,675.120000
07/30/2021,675.910000
08/02/2021,676.390000
08/03/2021,676.380000
08/04/2021,677.320000
08/05/2021,676.680000
08/06/2021,677.290000
08/09/2021,677.920000
08/10/2021,677.940000
08/11/2021,678.020000
08/12/2021,677.510000
08/13/2021,677.610000
08/16/2021,676.560000
08/17/2021,678.970000
08/18/2021,679.970000
08/19/2021,680.230000
08/20/2021,680.770000
08/23/2021,681.090000
08/24/2021,681.150000
08/25/2021,681.120000
08/26/2021,681.430000
08/27/2021,681.260000
08/30/2021,680.730000
08/31/2021,680.930000
09/01/2021,681.250000
09/02/2021,680.440000
09/03/2021,681.040000
09/07/2021,682.420000
09/08/2021,683.300000
09/09/2021,684.130000
09/10/2021,684.660000
09/13/2021,685.350000
09/14/2021,685.700000
09/15/2021,685.800000
09/16/2021,685.860000
09/17/2021,685.930000
09/20/2021,683.740000
09/21/2021,683.960000
09/22/2021,686.510000
09/23/2021,687.890000
09/24/2021,688.530000
09/27/2021,689.000000
09/28/2021,686.000000
09/29/2021,686.480000
09/30/2021,684.120000
10/01/2021,687.760000
10/04/2021,685.990000
10/05/2021,688.620000
10/06/2021,689.720000
10/07/2021,690.860000
10/08/2021,691.410000
10/11/2021,691.370000
10/12/2021,691.700000
10/13/2021,692.080000
10/14/2021,692.140000
10/15/2021,691.720000
10/18/2021,691.910000
10/19/2021,691.230000
10/20/2021,690.550000
10/21/2021,690.330000
10/22/2021,690.420000
10/25/2021,689.660000
10/26/2021,688.820000
10/27/2021,689.580000
10/28/2021,687.320000
10/29/2021,686.620000
11/01/2021,686.530000
11/02/2021,685.320000
11/03/2021,683.430000
11/04/2021,681.820000
11/05/2021,680.680000
11/08/2021,680.060000
11/09/2021,681.370000
11/10/2021,684.670000
11/11/2021,684.770000
11/12/2021,680.780000
11/15/2021,680.420000
11/16/2021,678.520000
11/17/2021,678.900000
11/18/2021,676.300000
11/19/2021,675.550000
11/22/2021,675.600000
11/23/2021,675.860000
11/24/2021,676.290000
11/26/2021,672.750000
11/29/2021,675.450000
11/30/2021,672.170000
12/01/2021,668.550000
12/02/2021,673.340000
12/03/2021,671.100000
12/06/2021,675.270000
12/07/2021,678.860000
12/08/2021,679.890000
12/09/2021,679.520000
12/10/2021,680.670000
12/13/2021,680.890000
12/14/2021,680.710000
12/15/2021,681.180000
12/16/2021,681.260000
12/17/2021,681.290000
12/20/2021,680.750000
12/21/2021,682.260000
12/22/2021,683.170000
12/23/2021,683.130000
12/27/2021,681.120000
12/28/2021,681.540000
12/29/2021,681.890000
12/30/2021,682.710000
12/31/2021,683.650000
01/03/2022,683.090000
01/04/2022,683.430000
01/05/2022,685.960000
01/06/2022,686.490000
01/07/2022,687.290000
01/10/2022,687.530000
01/11/2022,687.350000
01/12/2022,687.570000
01/13/2022,687.820000
01/14/2022,688.230000
01/18/2022,688.140000
01/19/2022,688.230000
01/20/2022,688.150000
01/21/2022,687.260000
01/24/2022,689.530000
01/25/2022,687.380000
01/26/2022,686.750000
01/27/2022,686.690000
01/28/2022,689.930000
01/31/2022,691.430000
02/01/2022,692.530000
02/02/2022,691.950000
02/03/2022,692.620000
02/04/2022,693.870000
02/07/2022,694.880000
02/08/2022,695.110000
02/09/2022,694.150000
02/10/2022,695.120000
02/11/2022,694.910000
02/14/2022,695.740000
02/15/2022,696.330000
02/16/2022,696.500000
02/17/2022,696.530000
02/18/2022,696.790000
02/22/2022,697.410000
02/23/2022,695.990000
02/24/2022,698.250000
02/25/2022,699.060000
02/28/2022,699.050000
03/01/2022,697.660000
03/02/2022,699.820000
03/03/2022,700.160000
03/04/2022,700.520000
03/07/2022,697.910000
03/08/2022,697.330000
03/09/2022,702.190000
03/10/2022,702.630000
03/11/2022,702.180000
03/14/2022,701.790000
03/15/2022,704.610000
03/16/2022,705.310000
03/17/2022,704.640000
03/18/2022,704.940000
03/21/2022,706.030000
03/22/2022,704.950000
03/23/2022,707.150000
03/24/2022,705.830000
03/25/2022,705.520000
03/28/2022,704.840000
03/29/2022,700.650000
03/30/2022,704.290000
03/31/2022,707.860000
04/01/2022,709.280000
04/04/2022,707.840000
04/05/2022,710.960000
04/06/2022,713.030000
04/07/2022,712.850000
04/08/2022,713.810000
04/11/2022,714.170000
04/12/2022,714.250000
04/13/2022,714.320000
04/14/2022,713.950000
04/18/2022,714.920000
04/19/2022,715.140000
04/20/2022,715.570000
04/21/2022,715.390000
04/22/2022,711.070000
04/25/2022,712.800000
04/26/2022,706.190000
04/27/2022,707.560000
04/28/2022,713.310000
04/29/2022,704.330000
05/02/2022,706.530000
05/03/2022,708.090000
05/04/2022,716.340000
05/05/2022,706.610000
05/06/2022,704.820000
05/09/2022,691.170000
05/10/2022,692.020000
05/11/2022,683.370000
05/12/2022,682.430000
05/13/2022,695.910000
05/16/2022,693.720000
05/17/2022,707.480000
05/18/2022,679.370000
05/19/2022,673.840000
05/20/2022,680.260000
05/23/2022,679.700000
05/24/2022,680.600000
05/25/2022,680.290000
05/26/2022,678.000000
05/27/2022,672.530000
05/31/2022,674.630000
06/01/2022,677.520000
06/02/2022,671.770000
06/03/2022,677.780000
06/06/2022,677.580000
06/07/2022,674.580000
06/08/2022,679.430000
06/09/2022,686.200000
06/10/2022,690.050000
06/13/2022,686.870000
06/14/2022,688.180000
06/15/2022,690.790000
06/16/2022,689.940000
06/17/2022,691.840000
06/21/2022,691.120000
06/22/2022,692.040000
06/23/2022,691.270000
06/24/2022,685.160000
06/27/2022,687.030000
06/28/2022,691.870000
06/29/2022,692.520000
06/30/2022,695.310000
07/01/2022,693.660000
07/05/2022,693.970000
07/06/2022,693.890000
07/07/2022,690.550000
07/08/2022,691.920000
07/11/2022,696.490000
07/12/2022,698.520000
07/13/2022,700.580000
07/14/2022,700.930000
07/15/2022,701.190000
07/18/2022,701.670000
07/19/2022,699.860000
07/20/2022,699.580000
07/21/2022,698.660000
07/22/2022,701.320000
07/25/2022,702.070000
07/26/2022,703.460000
07/27/2022,699.290000
07/28/2022,696.190000
07/29/2022,691.230000
08/01/2022,692.570000
08/02/2022,694.320000
08/03/2022,689.230000
08/04/2022,689.880000
08/05/2022,690.480000
08/08/2022,691.430000
08/09/2022,693.600000
08/10/2022,683.090000
08/11/2022,683.130000
08/12/2022,676.300000
08/15/2022,674.650000
08/16/2022,673.780000
08/17/2022,674.720000
08/18/2022,673.290000
08/19/2022,673.780000
08/22/2022,671.810000
08/23/2022,671.870000
08/24/2022,673.250000
08/25/2022,675.430000
08/26/2022,668.430000
08/29/2022,667.030000
08/30/2022,663.270000
08/31/2022,660.260000
09/01/2022,662.420000
09/02/2022,657.140000
09/06/2022,655.240000
09/07/2022,665.540000
09/08/2022,669.630000
09/09/2022,676.640000
09/12/2022,679.310000
09/13/2022,660.390000
09/14/2022,663.590000
09/15/2022,654.250000
09/16/2022,648.020000
09/19/2022,648.430000
09/20/2022,648.570000
09/21/2022,648.280000
09/22/2022,648.640000
09/23/2022,646.370000
09/26/2022,644.510000
09/27/2022,644.350000
09/28/2022,648.310000
09/29/2022,645.130000
09/30/2022,642.330000
10/03/2022,648.990000
10/04/2022,653.030000
10/05/2022,653.550000
10/06/2022,652.470000
10/07/2022,648.440000
10/10/2022,647.230000
10/11/2022,645.640000
10/12/2022,644.690000
10/13/2022,652.520000
10/14/2022,648.960000
10/17/2022,656.090000
10/18/2022,657.800000
10/19/2022,658.160000
10/20/2022,658.610000
10/21/2022,657.450000
10/24/2022,656.700000
10/25/2022,654.810000
10/26/2022,657.010000
10/27/2022,658.720000
10/28/2022,654.000000
10/31/2022,657.120000
11/01/2022,658.620000
11/02/2022,664.430000
11/03/2022,666.480000
11/04/2022,665.730000
11/07/2022,665.420000
11/08/2022,664.370000
11/09/2022,668.150000
11/10/2022,655.730000
11/11/2022,651.950000
11/14/2022,658.340000
11/15/2022,653.760000
11/16/2022,660.640000
11/17/2022,664.620000
11/18/2022,658.140000
11/21/2022,660.070000
11/22/2022,660.480000
11/23/2022,660.870000
11/25/2022,661.730000
11/28/2022,663.180000
11/29/2022,663.550000
11/30/2022,659.700000
12/01/2022,660.850000
12/02/2022,662.170000
12/05/2022,665.770000
12/06/2022,665.830000
12/07/2022,666.170000
12/08/2022,666.880000
12/09/2022,667.390000
12/12/2022,666.430000
12/13/2022,668.220000
12/14/2022,669.900000
12/15/2022,670.120000
12/16/2022,670.580000
12/19/2022,671.490000
12/20/2022,672.380000
12/21/2022,673.180000
12/22/2022,672.670000
12/23/2022,673.740000
12/27/2022,674.520000
12/28/2022,673.860000
12/29/2022,675.730000
12/30/2022,676.270000
01/03/2023,677.080000
01/04/2023,678.200000
01/05/2023,677.860000
01/06/2023,679.170000
01/09/2023,679.560000
01/10/2023,679.590000
01/11/2023,677.470000
01/12/2023,679.960000
01/13/2023,680.540000
01/17/2023,681.780000
01/18/2023,682.490000
01/19/2023,682.620000
01/20/2023,680.650000
01/23/2023,679.510000
01/24/2023,680.300000
01/25/2023,680.820000
01/26/2023,678.210000
01/27/2023,678.070000
01/30/2023,681.710000
01/31/2023,677.780000
02/01/2023,674.750000
02/02/2023,669.280000
02/03/2023,674.220000
02/06/2023,677.310000
02/07/2023,671.590000
02/08/2023,677.050000
02/09/2023,680.890000
02/10/2023,680.540000
02/13/2023,675.490000
02/14/2023,676.920000
02/15/2023,674.560000
02/16/2023,690.080000
02/17/2023,695.950000
02/21/2023,695.780000
02/22/2023,696.670000
02/23/2023,698.170000
02/24/2023,697.070000
02/27/2023,699.090000
02/28/2023,698.910000
03/01/2023,698.690000
03/02/2023,700.930000
03/03/2023,703.330000
03/06/2023,704.090000
03/07/2023,702.950000
03/08/2023,703.770000
03/09/2023,698.820000
03/10/2023,694.050000
03/13/2023,693.420000
03/14/2023,703.960000
03/15/2023,703.350000
03/16/2023,707.460000
03/17/2023,706.760000
03/20/2023,708.010000
03/21/2023,708.060000
03/22/2023,709.960000
03/23/2023,710.170000
03/24/2023,710.400000
03/27/2023,711.950000
03/28/2023,713.130000
03/29/2023,711.600000
03/30/2023,710.890000
03/31/2023,707.040000
04/03/2023,707.130000
04/04/2023,709.270000
04/05/2023,710.730000
04/06/2023,710.200000
04/10/2023,711.000000
04/11/2023,711.360000
04/12/2023,714.070000
04/13/2023,709.270000
04/14/2023,711.640000
04/17/2023,711.030000
04/18/2023,710.790000
04/19/2023,711.570000
04/20/2023,716.850000
04/21/2023,716.910000
04/24/2023,717.850000
04/25/2023,716.160000
04/26/2023,716.540000
04/27/2023,718.880000
04/28/2023,719.240000
05/01/2023,720.320000
05/02/2023,720.500000
05/03/2023,720.430000
05/04/2023,719.370000
05/05/2023,723.170000
05/08/2023,724.280000
05/09/2023,724.360000
05/10/2023,725.310000
05/11/2023,725.690000
05/12/2023,725.970000
05/15/2023,726.440000
05/16/2023,726.470000
05/17/2023,726.690000
05/18/2023,726.860000
05/19/2023,726.670000
05/22/2023,727.400000
05/23/2023,726.280000
05/24/2023,724.390000
05/25/2023,726.920000
05/26/2023,728.800000
05/30/2023,730.390000
05/31/2023,731.130000
06/01/2023,732.710000
06/02/2023,731.150000
06/05/2023,732.580000
06/06/2023,732.800000
06/07/2023,734.360000
06/08/2023,733.480000
06/09/2023,733.260000
06/12/2023,729.040000
06/13/2023,726.010000
06/14/2023,726.610000
06/15/2023,713.920000
06/16/2023,707.420000
06/20/2023,708.050000
06/21/2023,708.280000
06/22/2023,709.190000
06/23/2023,708.490000
06/26/2023,708.290000
06/27/2023,710.830000
06/28/2023,711.340000
06/29/2023,712.110000
06/30/2023,712.770000
07/03/2023,713.450000
07/05/2023,713.960000
07/06/2023,713.670000
07/07/2023,714.240000
07/10/2023,715.080000
07/11/2023,715.460000
07/12/2023,716.120000
07/13/2023,715.550000
07/14/2023,716.340000
07/17/2023,716.550000
07/18/2023,715.360000
07/19/2023,714.550000
07/20/2023,717.540000
07/21/2023,717.860000
07/24/2023,718.500000
07/25/2023,718.320000
07/26/2023,719.610000
07/27/2023,719.780000
07/28/2023,720.240000
07/31/2023,720.500000
08/01/2023,721.580000
08/02/2023,720.910000
08/03/2023,720.440000
08/04/2023,720.150000
08/07/2023,723.810000
08/08/2023,723.310000
08/09/2023,721.390000
08/10/2023,722.440000
08/11/2023,723.370000
08/14/2023,726.330000
08/15/2023,723.550000
08/16/2023,720.370000
08/17/2023,713.070000
08/18/2023,702.620000
08/21/2023,703.250000
08/22/2023,704.160000
08/23/2023,703.180000
08/24/2023,705.280000
08/25/2023,706.010000
08/28/2023,706.220000
08/29/2023,702.260000
08/30/2023,701.130000
08/31/2023,702.340000
09/01/2023,702.430000
09/05/2023,705.260000
09/06/2023,708.280000
09/07/2023,709.940000
09/08/2023,710.440000
09/11/2023,709.580000
09/12/2023,711.340000
09/13/2023,712.150000
09/14/2023,711.480000
09/15/2023,712.620000
09/18/2023,713.060000
09/19/2023,713.310000
09/20/2023,712.140000
09/21/2023,706.780000
09/22/2023,706.330000
09/25/2023,708.530000
09/26/2023,701.910000
09/27/2023,702.160000
09/28/2023,705.530000
09/29/2023,704.470000
10/02/2023,704.780000
10/03/2023,696.780000
10/04/2023,701.640000
10/05/2023,701.200000
10/06/2023,708.720000
10/09/2023,713.190000
10/10/2023,716.340000
10/11/2023,718.690000
10/12/2023,717.180000
10/13/2023,714.680000
10/16/2023,720.780000
10/17/2023,721.420000
10/18/2023,717.040000
10/19/2023,710.720000
10/20/2023,711.070000
10/23/2023,712.420000
10/24/2023,713.390000
10/25/2023,713.170000
10/26/2023,711.980000
10/27/2023,711.530000
10/30/2023,714.830000
10/31/2023,716.470000
11/01/2023,717.780000
11/02/2023,717.040000
11/03/2023,715.740000
11/06/2023,716.230000
11/07/2023,715.710000
11/08/2023,716.000000
11/09/2023,718.480000
11/10/2023,714.040000
11/13/2023,715.160000
11/14/2023,703.320000
11/15/2023,701.470000
11/16/2023,699.880000
11/17/2023,697.680000
11/20/2023,697.790000
11/21/2023,698.640000
11/22/2023,698.890000
11/24/2023,700.000000
11/27/2023,701.240000
11/28/2023,701.450000
11/29/2023,701.520000
11/30/2023,701.020000
12/01/2023,699.730000
12/04/2023,702.320000
12/05/2023,702.950000
12/06/2023,704.320000
12/07/2023,702.670000
12/08/2023,702.470000
12/11/2023,701.640000
12/12/2023,700.330000
12/13/2023,686.980000
12/14/2023,682.890000
12/15/2023,690.170000
12/18/2023,690.340000
12/19/2023,689.760000
12/20/2023,689.990000
12/21/2023,690.180000
12/22/2023,690.670000
12/26/2023,691.620000
12/27/2023,692.130000
12/28/2023,692.840000
12/29/2023,693.910000
01/02/2024,695.880000
01/03/2024,695.850000
01/04/2024,695.880000
01/05/2024,697.020000
01/08/2024,698.350000
01/09/2024,699.110000
01/10/2024,698.730000
01/11/2024,699.490000
01/12/2024,699.990000
01/16/2024,700.780000
01/17/2024,700.930000
01/18/2024,701.070000
01/19/2024,700.580000
01/22/2024,701.220000
01/23/2024,701.520000
01/24/2024,701.220000
01/25/2024,699.520000
01/26/2024,700.540000
01/29/2024,698.160000
01/30/2024,699.100000
01/31/2024,704.480000
02/01/2024,701.520000
02/02/2024,696.650000
02/05/2024,699.780000
02/06/2024,698.760000
02/07/2024,692.980000
02/08/2024,692.750000
02/09/2024,688.180000
02/12/2024,688.870000
02/13/2024,701.630000
02/14/2024,692.800000
02/15/2024,684.770000
02/16/2024,684.200000
02/20/2024,684.360000
02/21/2024,685.000000
02/22/2024,684.300000
02/23/2024,685.420000
02/26/2024,687.140000
02/27/2024,687.400000
02/28/2024,688.020000
02/29/2024,687.920000
03/01/2024,685.070000
03/04/2024,686.300000
03/05/2024,689.170000
03/06/2024,688.310000
03/07/2024,684.930000
03/08/2024,688.670000
03/11/2024,690.000000
03/12/2024,686.590000
03/13/2024,689.110000
03/14/2024,692.400000
03/15/2024,694.060000
03/18/2024,694.620000
03/19/2024,694.830000
03/20/2024,693.940000
03/21/2024,693.870000
03/22/2024,694.800000
03/25/2024,696.380000
03/26/2024,697.360000
03/27/2024,695.800000
03/28/2024,696.180000
04/01/2024,697.680000
04/02/2024,699.050000
04/03/2024,699.370000
04/04/2024,699.810000
04/05/2024,699.830000
04/08/2024,701.540000
04/09/2024,701.390000
04/10/2024,702.910000
04/11/2024,703.170000
04/12/2024,703.480000
04/15/2024,702.640000
04/16/2024,703.550000
04/17/2024,703.780000
04/18/2024,704.560000
04/19/2024,705.080000
04/22/2024,707.580000
04/23/2024,707.240000
04/24/2024,707.590000
04/25/2024,708.350000
04/26/2024,707.940000
04/29/2024,708.020000
04/30/2024,710.740000
05/01/2024,711.990000
05/02/2024,711.630000
05/03/2024,710.180000
05/06/2024,706.750000
05/07/2024,706.880000
05/08/2024,707.390000
05/09/2024,704.680000
05/10/2024,704.520000
05/13/2024,704.720000
05/14/2024,701.790000
05/15/2024,690.070000
05/16/2024,692.320000
05/17/2024,689.330000
05/20/2024,689.920000
05/21/2024,690.440000
05/22/2024,690.780000
05/23/2024,690.960000
05/24/2024,692.410000
05/28/2024,692.910000
05/29/2024,692.010000
05/30/2024,690.960000
05/31/2024,693.440000
06/03/2024,693.960000
06/04/2024,694.300000
06/05/2024,694.310000
06/06/2024,695.050000
06/07/2024,696.180000
06/10/2024,696.300000
06/11/2024,696.300000
06/12/2024,695.470000
06/13/2024,695.790000
06/14/2024,696.390000
06/17/2024,691.620000
06/18/2024,690.260000
06/20/2024,694.510000
06/21/2024,697.420000
06/24/2024,698.230000
06/25/2024,699.100000
06/26/2024,699.940000
06/27/2024,700.670000
06/28/2024,701.120000
07/01/2024,702.890000
07/02/2024,702.920000
07/03/2024,702.370000
07/05/2024,701.340000
07/08/2024,701.790000
07/09/2024,701.920000
07/10/2024,695.820000
07/11/2024,702.320000
07/12/2024,699.800000
07/15/2024,698.360000
07/16/2024,693.040000
07/17/2024,705.510000
07/18/2024,707.640000
07/19/2024,707.850000
07/22/2024,709.110000
07/23/2024,709.660000
07/24/2024,706.720000
07/25/2024,704.960000
07/26/2024,708.910000
07/29/2024,709.970000
07/30/2024,708.800000
07/31/2024,711.930000
08/01/2024,710.690000
08/02/2024,702.330000
08/05/2024,689.730000
08/06/2024,693.680000
08/07/2024,688.950000
08/08/2024,703.310000
08/09/2024,707.190000
08/12/2024,708.230000
08/13/2024,715.570000
08/14/2024,717.590000
08/15/2024,718.080000
08/16/2024,718.070000
08/19/2024,717.700000
08/20/2024,717.450000
08/21/2024,716.750000
08/22/2024,717.890000
08/23/2024,717.330000
08/26/2024,718.930000
08/27/2024,719.320000
08/28/2024,719.940000
08/29/2024,721.450000
08/30/2024,720.550000
09/03/2024,722.440000
09/04/2024,722.620000
09/05/2024,723.280000
09/06/2024,719.660000
09/09/2024,723.780000
09/10/2024,724.860000
09/11/2024,726.820000
09/12/2024,727.210000
09/13/2024,727.390000
09/16/2024,727.530000
09/17/2024,727.410000
09/18/2024,729.060000
09/19/2024,727.330000
09/20/2024,729.680000
09/23/2024,730.690000
09/24/2024,731.080000
09/25/2024,731.710000
09/26/2024,731.250000
09/27/2024,731.030000
09/30/2024,731.290000
10/01/2024,731.850000
10/02/2024,732.720000
10/03/2024,732.950000
10/04/2024,734.130000
10/07/2024,734.900000
10/08/2024,735.520000
10/09/2024,734.280000
10/10/2024,736.340000
10/11/2024,735.800000
10/14/2024,732.410000
10/15/2024,738.070000
10/16/2024,737.240000
10/17/2024,738.670000
10/18/2024,737.990000
10/21/2024,738.540000
10/22/2024,738.800000
10/23/2024,738.120000
10/24/2024,738.860000
10/25/2024,738.750000
10/28/2024,739.810000
10/29/2024,740.170000
10/30/2024,740.780000
10/31/2024,736.620000
11/01/2024,738.200000
11/04/2024,738.530000
11/05/2024,742.120000
11/06/2024,745.470000
11/07/2024,745.300000
11/08/2024,745.120000
11/11/2024,745.770000
11/12/2024,747.070000
11/13/2024,747.750000
11/14/2024,748.050000
11/15/2024,748.010000
11/18/2024,748.950000
11/19/2024,748.560000
11/20/2024,748.170000
11/21/2024,748.280000
11/22/2024,749.400000
11/25/2024,750.080000
11/26/2024,749.250000
11/27/2024,750.830000
11/29/2024,749.430000
12/02/2024,749.550000
12/03/2024,750.030000
12/04/2024,747.390000
12/05/2024,748.820000
12/06/2024,748.660000
12/09/2024,751.830000
12/10/2024,753.590000
12/11/2024,750.770000
12/12/2024,754.190000
12/13/2024,755.450000
12/16/2024,753.920000
12/17/2024,756.210000
12/18/2024,766.660000
12/19/2024,758.910000
12/20/2024,759.770000
12/23/2024,760.430000
12/24/2024,760.420000
12/26/2024,760.830000
12/27/2024,762.760000
12/30/2024,763.740000
12/31/2024,764.300000
01/02/2025,764.390000
01/03/2025,765.680000
01/06/2025,765.840000
01/07/2025,766.260000
01/08/2025,766.790000
01/10/2025,766.330000
01/13/2025,767.250000
01/14/2025,767.640000
01/15/2025,768.270000
01/16/2025,768.380000
01/17/2025,768.160000
01/21/2025,769.480000
01/22/2025,769.040000
01/23/2025,767.930000
01/24/2025,769.330000
01/27/2025,770.210000
01/28/2025,770.700000
01/29/2025,771.710000
01/30/2025,771.890000
01/31/2025,772.520000
02/03/2025,772.270000
02/04/2025,774.130000
02/05/2025,775.160000
02/06/2025,775.690000
02/07/2025,776.790000
02/10/2025,777.930000
02/11/2025,778.190000
02/12/2025,778.740000
02/13/2025,778.380000
02/14/2025,779.230000
02/18/2025,779.830000
02/19/2025,779.880000
02/20/2025,780.140000
02/21/2025,778.780000
02/24/2025,777.950000
02/25/2025,776.780000
02/26/2025,776.800000
02/27/2025,770.830000
02/28/2025,777.640000
03/03/2025,770.480000
03/04/2025,764.230000
03/05/2025,769.910000
03/06/2025,759.610000
03/07/2025,763.460000
03/10/2025,746.470000
03/11/2025,740.210000
03/12/2025,741.200000
03/13/2025,730.360000
03/14/2025,743.640000
03/17/2025,750.090000
03/18/2025,738.470000
03/19/2025,748.970000
03/20/2025,745.590000
03/21/2025,736.630000
03/24/2025,735.810000
03/25/2025,736.190000
03/26/2025,738.230000
03/27/2025,739.010000
03/28/2025,738.230000
03/31/2025,739.660000
04/01/2025,740.240000
04/02/2025,740.670000
04/03/2025,729.560000
04/04/2025,706.350000
04/07/2025,706.790000
04/08/2025,700.200000
04/09/2025,735.530000
04/10/2025,721.060000
04/11/2025,729.200000
04/14/2025,737.950000
04/15/2025,740.930000
04/16/2025,724.160000
04/17/2025,729.950000
04/21/2025,729.280000
04/22/2025,730.970000
04/23/2025,731.080000
04/24/2025,729.120000
04/25/2025,728.760000
04/28/2025,729.370000
04/29/2025,728.640000
04/30/2025,729.200000
05/01/2025,727.240000
05/02/2025,723.880000
05/05/2025,726.160000
05/06/2025,728.950000
05/07/2025,728.100000
05/08/2025,726.450000
05/09/2025,727.590000
05/12/2025,717.020000
05/13/2025,715.390000
05/14/2025,714.860000
05/15/2025,714.920000
05/16/2025,714.340000
05/19/2025,714.400000
05/20/2025,715.220000
05/21/2025,714.170000
05/22/2025,714.700000
05/23/2025,713.370000
05/27/2025,717.480000
05/28/2025,717.820000
05/29/2025,718.400000
05/30/2025,718.910000
06/02/2025,720.120000
06/03/2025,720.640000
06/04/2025,721.220000
06/05/2025,721.540000
06/06/2025,722.080000
06/09/2025,722.860000
06/10/2025,722.440000
06/11/2025,723.220000
06/12/2025,723.200000
06/13/2025,724.200000
06/16/2025,724.850000
06/17/2025,724.920000
06/18/2025,725.400000
06/20/2025,725.720000
06/23/2025,726.600000
06/24/2025,726.040000
06/25/2025,726.570000
06/26/2025,725.020000
06/27/2025,723.970000
06/30/2025,723.140000
07/01/2025,723.310000
07/02/2025,721.880000
07/03/2025,719.220000
07/07/2025,722.450000
07/08/2025,723.480000
07/09/2025,720.920000
07/10/2025,719.670000
07/11/2025,721.650000
07/14/2025,720.950000
07/15/2025,723.970000
07/16/2025,721.980000
07/17/2025,716.770000
07/18/2025,713.260000
07/21/2025,714.160000
07/22/2025,714.740000
07/23/2025,714.890000
07/24/2025,715.010000
07/25/2025,715.210000
07/28/2025,716.440000
07/29/2025,717.040000
07/30/2025,717.720000
07/31/2025,718.250000
08/01/2025,716.900000
08/04/2025,720.240000
08/05/2025,720.550000
08/06/2025,721.250000
08/07/2025,721.620000
08/08/2025,721.760000
08/11/2025,722.480000
08/12/2025,721.950000
08/13/2025,721.620000
08/14/2025,722.570000
08/15/2025,723.120000
08/18/2025,724.160000
08/19/2025,724.240000
08/20/2025,724.150000
08/21/2025,723.390000
08/22/2025,725.820000
08/25/2025,726.760000
08/26/2025,727.020000
08/27/2025,726.900000
08/28/2025,727.590000
08/29/2025,727.960000
09/02/2025,727.880000
09/03/2025,729.070000
09/04/2025,729.650000
09/05/2025,730.550000
09/08/2025,731.190000
09/09/2025,731.400000
09/10/2025,731.280000
09/11/2025,730.260000
09/12/2025,731.000000
09/15/2025,729.920000
09/16/2025,730.510000
09/17/2025,732.170000
09/18/2025,732.510000
09/19/2025,731.910000
09/22/2025,731.570000
09/23/2025,732.260000
09/24/2025,733.320000
09/25/2025,733.810000
09/26/2025,735.140000
09/29/2025,735.940000
09/30/2025,735.930000
10/01/2025,735.800000
10/02/2025,736.030000
10/03/2025,736.740000
10/06/2025,737.300000
10/07/2025,738.170000
10/08/2025,738.210000
10/09/2025,739.170000
10/10/2025,736.700000
10/13/2025,740.620000
10/14/2025,740.670000
10/15/2025,741.200000
10/16/2025,741.380000
10/17/2025,742.560000
10/20/2025,743.600000
10/21/2025,744.100000
10/22/2025,744.770000
10/23/2025,744.900000
10/24/2025,744.110000
10/27/2025,742.050000
10/28/2025,741.350000
10/29/2025,741.130000
10/30/2025,743.930000
10/31/2025,743.580000
11/03/2025,744.060000
11/04/2025,746.440000
11/05/2025,746.700000
11/06/2025,748.070000
11/07/2025,748.640000
11/10/2025,747.410000
11/11/2025,747.450000
11/12/2025,747.510000
11/13/2025,749.830000
11/14/2025,750.490000
11/17/2025,751.100000
11/18/2025,751.270000
11/19/2025,751.530000
11/20/2025,751.630000
11/21/2025,752.550000
11/24/2025,752.820000
11/25/2025,752.140000
11/26/2025,750.920000
11/28/2025,750.010000
12/01/2025,751.960000
12/02/2025,751.860000
12/03/2025,751.250000
12/04/2025,751.340000
12/05/2025,751.230000
12/08/2025,752.720000
12/09/2025,753.460000
12/10/2025,751.320000
12/11/2025,750.960000
12/12/2025,756.510000
12/15/2025,757.970000
12/16/2025,759.880000
12/17/2025,761.620000
12/18/2025,761.940000
12/19/2025,762.300000
12/22/2025,763.340000
12/23/2025,762.840000
12/24/2025,762.330000
12/26/2025,763.250000
12/29/2025,765.120000
12/30/2025,765.870000
12/31/2025,767.100000
01/02/2026,768.100000
01/05/2026,768.050000
01/06/2026,766.790000
01/07/2026,768.270000
01/08/2026,768.790000
01/09/2026,767.960000
01/12/2026,768.030000
01/13/2026,769.790000
01/14/2026,771.360000
01/15/2026,771.640000
01/16/2026,771.750000
01/20/2026,769.230000
01/21/2026,772.320000
01/22/2026,773.540000
01/23/2026,773.940000
01/26/2026,774.760000
01/27/2026,774.780000
01/28/2026,774.850000
01/29/2026,775.320000
01/30/2026,775.540000
02/02/2026,777.090000
02/03/2026,776.680000
02/04/2026,775.650000
02/05/2026,772.600000
02/06/2026,778.330000
02/09/2026,779.640000
02/10/2026,779.740000
02/11/2026,780.140000
02/12/2026,777.670000
02/13/2026,778.820000
02/17/2026,780.850000
02/18/2026,781.670000
02/19/2026,781.880000
02/20/2026,782.020000
02/23/2026,781.620000
02/24/2026,783.360000
02/25/2026,784.370000
02/26/2026,785.210000
02/27/2026,784.880000
03/02/2026,785.200000
03/03/2026,784.030000
03/04/2026,786.190000
03/05/2026,785.410000
03/06/2026,781.620000
03/09/2026,785.800000
03/10/2026,785.550000
03/11/2026,786.640000
03/12/2026,781.880000
03/13/2026,781.170000
03/16/2026,788.220000
03/17/2026,790.390000
03/18/2026,787.460000
03/19/2026,789.800000
03/20/2026,791.450000
03/23/2026,792.850000
03/24/2026,793.400000
03/25/2026,794.310000
03/26/2026,793.800000
03/27/2026,791.530000
03/30/2026,793.010000
03/31/2026,797.490000
04/01/2026,798.410000
04/02/2026,799.500000
04/06/2026,800.470000
04/07/2026,799.640000
04/08/2026,797.460000
04/09/2026,796.740000
04/10/2026,797.800000
04/13/2026,794.310000
04/14/2026,786.880000
04/15/2026,782.640000
04/16/2026,780.580000
04/17/2026,779.270000
04/20/2026,779.380000
04/21/2026,778.680000
04/22/2026,780.390000
04/23/2026,780.500000
04/24/2026,780.570000
04/27/2026,782.040000
04/28/2026,783.300000
04/29/2026,783.420000
04/30/2026,784.260000
05/01/2026,784.520000
05/04/2026,785.950000
05/05/2026,785.390000
05/06/2026,779.380000
05/07/2026,782.110000
05/08/2026,777.890000
05/11/2026,776.720000
05/12/2026,779.280000
05/13/2026,774.430000
05/14/2026,766.390000
05/15/2026,777.050000
05/18/2026,778.430000
05/19/2026,778.350000
05/20/2026,778.980000
05/21/2026,779.930000
05/22/2026,780.000000
05/26/2026,780.470000
05/27/2026,781.360000
05/28/2026,781.110000
05/29/2026,781.380000
06/01/2026,781.380000
06/02/2026,781.590000
06/03/2026,783.740000
06/04/2026,783.850000
06/05/2026,783.800000
06/08/2026,785.410000
06/09/2026,784.920000
06/10/2026,782.570000
06/11/2026,786.060000
06/12/2026,787.110000
06/15/2026,787.500000
06/16/2026,787.800000
06/17/2026,787.870000
06/18/2026,788.230000
06/22/2026,789.280000
06/23/2026,787.060000
06/24/2026,787.470000
06/25/2026,787.570000
06/26/2026,786.640000
06/29/2026,792.360000
06/30/2026,794.090000
07/01/2026,794.760000
07/02/2026,795.280000
07/06/2026,796.870000
07/07/2026,796.860000
07/08/2026,796.790000
07/09/2026,797.670000
07/10/2026,798.020000
07/13/2026,798.140000
07/14/2026,798.460000
07/15/2026,798.590000
07/16/2026,798.690000
07/17/2026,798.790000
07/20/2026,799.860000
07/21/2026,800.710000
07/22/2026,801.160000
07/23/2026,800.480000
07/24/2026,801.290000
07/27/2026,802.070000
07/28/2026,802.700000
07/29/2026,800.010000
07/30/2026,804.500000
07/31/2026,805.200000
08/03/2026,804.620000
08/04/2026,798.900000
08/05/2026,800.060000
08/06/2026,801.290000
08/07/2026,799.720000
08/10/2026,800.310000
08/11/2026,802.530000
08/12/2026,802.150000
08/13/2026,798.400000
08/14/2026,800.650000
08/17/2026,804.630000
08/18/2026,808.160000
08/19/2026,808.440000
08/20/2026,809.570000
08/21/2026,809.670000
08/24/2026,810.590000
08/25/2026,811.080000
08/26/2026,811.560000
08/27/2026,812.130000
08/28/2026,813.350000
08/31/2026,814.140000
09/01/2026,813.760000
09/02/2026,814.900000
09/03/2026,814.950000
09/04/2026,816.240000
