DATE,PUT
03/04/1991,153.500000
08/07/1991,163.670000
09/27/1994,234.310000
02/03/1997,343.440000
11/18/1997,406.310000
01/12/2001,697.960000
03/16/2004,694.530000
01/03/2007,923.600000
01/04/2007,925.100000
01/05/2007,921.330000
01/08/2007,924.050000
01/09/2007,923.720000
01/10/2007,925.290000
01/11/2007,929.750000
01/12/2007,932.790000
01/16/2007,933.970000
01/17/2007,934.330000
01/18/2007,933.700000
01/19/2007,936.080000
01/22/2007,934.550000
01/23/2007,936.400000
01/24/2007,939.680000
01/25/2007,935.140000
01/26/2007,935.170000
01/29/2007,934.970000
01/30/2007,937.850000
01/31/2007,941.030000
02/01/2007,942.690000
02/02/2007,943.650000
02/05/2007,944.040000
02/06/2007,944.600000
02/07/2007,945.230000
02/08/2007,945.430000
02/09/2007,944.300000
02/12/2007,944.030000
02/13/2007,946.660000
02/14/2007,947.320000
02/15/2007,947.690000
02/16/2007,948.200000
02/20/2007,950.060000
02/21/2007,949.930000
02/22/2007,949.930000
02/23/2007,949.010000
02/26/2007,949.050000
02/27/2007,921.600000
02/28/2007,928.290000
03/01/2007,926.270000
03/02/2007,916.090000
03/05/2007,908.420000
03/06/2007,922.050000
03/07/2007,919.940000
03/08/2007,926.820000
03/09/2007,927.290000
03/12/2007,930.340000
03/13/2007,911.320000
03/14/2007,917.610000
03/15/2007,920.590000
03/16/2007,920.640000
03/19/2007,926.080000
03/20/2007,929.220000
03/21/2007,933.280000
03/22/2007,933.180000
03/23/2007,933.510000
03/26/2007,934.420000
03/27/2007,933.740000
03/28/2007,931.470000
03/29/2007,932.270000
03/30/2007,932.750000
04/02/2007,934.560000
04/03/2007,936.390000
04/04/2007,937.130000
04/05/2007,937.740000
04/09/2007,938.490000
04/10/2007,938.960000
04/11/2007,938.920000
04/12/2007,939.410000
04/13/2007,939.660000
04/16/2007,940.190000
04/17/2007,940.390000
04/18/2007,940.590000
04/19/2007,940.790000
04/20/2007,941.750000
04/23/2007,941.510000
04/24/2007,941.540000
04/25/2007,944.480000
04/26/2007,945.160000
04/27/2007,945.750000
04/30/2007,942.960000
05/01/2007,944.510000
05/02/2007,947.130000
05/03/2007,948.490000
05/04/2007,949.330000
05/07/2007,950.470000
05/08/2007,950.710000
05/09/2007,951.680000
05/10/2007,949.490000
05/11/2007,952.140000
05/14/2007,952.410000
05/15/2007,952.870000
05/16/2007,953.880000
05/17/2007,954.220000
05/18/2007,955.420000
05/21/2007,956.540000
05/22/2007,956.760000
05/23/2007,956.600000
05/24/2007,952.510000
05/25/2007,956.150000
05/29/2007,957.710000
05/30/2007,960.940000
05/31/2007,961.100000
06/01/2007,962.560000
06/04/2007,963.580000
06/05/2007,962.980000
06/06/2007,960.160000
06/07/2007,949.940000
06/08/2007,958.310000
06/11/2007,960.130000
06/12/2007,953.010000
06/13/2007,963.690000
06/14/2007,966.960000
06/15/2007,966.630000
06/18/2007,966.470000
06/19/2007,966.210000
06/20/2007,960.700000
06/21/2007,965.060000
06/22/2007,956.910000
06/25/2007,955.050000
06/26/2007,952.230000
06/27/2007,960.700000
06/28/2007,960.440000
06/29/2007,958.900000
07/02/2007,967.630000
07/03/2007,970.260000
07/05/2007,971.100000
07/06/2007,973.510000
07/09/2007,974.820000
07/10/2007,965.390000
07/11/2007,970.080000
07/12/2007,979.350000
07/13/2007,981.110000
07/16/2007,981.950000
07/17/2007,982.830000
07/18/2007,982.990000
07/19/2007,984.420000
07/20/2007,983.300000
07/23/2007,986.760000
07/24/2007,976.160000
07/25/2007,979.300000
07/26/2007,963.120000
07/27/2007,947.860000
07/30/2007,958.170000
07/31/2007,946.160000
08/01/2007,953.990000
08/02/2007,958.630000
08/03/2007,932.860000
08/06/2007,956.090000
08/07/2007,961.630000
08/08/2007,974.030000
08/09/2007,947.940000
08/10/2007,947.810000
08/13/2007,948.010000
08/14/2007,930.070000
08/15/2007,917.410000
08/16/2007,922.440000
08/17/2007,949.430000
08/20/2007,953.500000
08/21/2007,955.560000
08/22/2007,960.530000
08/23/2007,961.630000
08/24/2007,965.400000
08/27/2007,964.190000
08/28/2007,955.470000
08/29/2007,963.570000
08/30/2007,962.260000
08/31/2007,965.420000
09/04/2007,970.660000
09/05/2007,967.740000
09/06/2007,969.970000
09/07/2007,965.740000
09/10/2007,966.660000
09/11/2007,971.570000
09/12/2007,972.290000
09/13/2007,973.690000
09/14/2007,975.030000
09/17/2007,975.190000
09/18/2007,977.850000
09/19/2007,978.070000
09/20/2007,978.220000
09/21/2007,977.990000
09/24/2007,976.410000
09/25/2007,977.890000
09/26/2007,981.020000
09/27/2007,983.050000
09/28/2007,981.420000
10/01/2007,987.380000
10/02/2007,987.160000
10/03/2007,986.720000
10/04/2007,987.790000
10/05/2007,991.300000
10/08/2007,991.640000
10/09/2007,993.900000
10/10/2007,993.740000
10/11/2007,992.330000
10/12/2007,994.560000
10/15/2007,993.930000
10/16/2007,993.620000
10/17/2007,995.220000
10/18/2007,996.530000
10/19/2007,988.270000
10/22/2007,992.950000
10/23/2007,998.530000
10/24/2007,997.520000
10/25/2007,995.950000
10/26/2007,1003.370000
10/29/2007,1005.330000
10/30/2007,1002.880000
10/31/2007,1008.830000
11/01/2007,996.070000
11/02/2007,998.700000
11/05/2007,997.090000
11/06/2007,1005.760000
11/07/2007,985.240000
11/08/2007,986.690000
11/09/2007,973.860000
11/12/2007,965.950000
11/13/2007,993.560000
11/14/2007,986.310000
11/15/2007,974.860000
11/16/2007,983.940000
11/19/2007,978.020000
11/20/2007,980.780000
11/21/2007,971.490000
11/23/2007,981.270000
11/26/2007,967.540000
11/27/2007,978.980000
11/28/2007,992.870000
11/29/2007,993.810000
11/30/2007,998.170000
12/03/2007,997.120000
12/04/2007,995.500000
12/05/2007,1001.550000
12/06/2007,1005.600000
12/07/2007,1005.690000
12/10/2007,1007.940000
12/11/2007,1002.710000
12/12/2007,1005.880000
12/13/2007,1007.130000
12/14/2007,1004.600000
12/17/2007,1000.890000
12/18/2007,1005.750000
12/19/2007,1007.450000
12/20/2007,1010.850000
12/21/2007,1014.830000
12/24/2007,1018.150000
12/26/2007,1019.460000
12/27/2007,1013.770000
12/28/2007,1013.900000
12/31/2007,1010.610000
01/02/2008,1003.510000
01/03/2008,1004.380000
01/04/2008,985.290000
01/07/2008,989.950000
01/08/2008,972.860000
01/09/2008,986.290000
01/10/2008,993.010000
01/11/2008,981.480000
01/14/2008,991.890000
01/15/2008,967.230000
01/16/2008,961.330000
01/17/2008,933.520000
01/18/2008,935.820000
01/22/2008,929.580000
01/23/2008,940.990000
01/24/2008,946.590000
01/25/2008,939.360000
01/28/2008,949.130000
01/29/2008,951.250000
01/30/2008,950.180000
01/31/2008,956.300000
02/01/2008,961.540000
02/04/2008,960.630000
02/05/2008,950.140000
02/06/2008,947.550000
02/07/2008,953.230000
02/08/2008,952.300000
02/11/2008,957.940000
02/12/2008,962.530000
02/13/2008,967.380000
02/14/2008,967.250000
02/15/2008,971.770000
02/19/2008,973.300000
02/20/2008,978.290000
02/21/2008,973.430000
02/22/2008,978.840000
02/25/2008,985.080000
02/26/2008,988.320000
02/27/2008,988.120000
02/28/2008,985.610000
02/29/2008,972.680000
03/03/2008,974.670000
03/04/2008,974.210000
03/05/2008,978.650000
03/06/2008,964.560000
03/07/2008,959.990000
03/10/2008,949.250000
03/11/2008,977.060000
03/12/2008,972.050000
03/13/2008,976.000000
03/14/2008,957.200000
03/17/2008,951.310000
03/18/2008,987.600000
03/19/2008,969.820000
03/20/2008,979.770000
03/24/2008,987.390000
03/25/2008,988.520000
03/26/2008,986.400000
03/27/2008,983.480000
03/28/2008,981.240000
03/31/2008,984.810000
04/01/2008,997.140000
04/02/2008,997.280000
04/03/2008,997.920000
04/04/2008,999.400000
04/07/2008,1000.550000
04/08/2008,1000.700000
04/09/2008,999.920000
04/10/2008,1001.380000
04/11/2008,997.630000
04/14/2008,998.670000
04/15/2008,1001.380000
04/16/2008,1003.840000
04/17/2008,1004.020000
04/18/2008,1003.850000
04/21/2008,1003.990000
04/22/2008,1000.120000
04/23/2008,1002.510000
04/24/2008,1006.020000
04/25/2008,1009.560000
04/28/2008,1010.230000
04/29/2008,1008.970000
04/30/2008,1007.000000
05/01/2008,1015.500000
05/02/2008,1017.820000
05/05/2008,1017.530000
05/06/2008,1020.180000
05/07/2008,1014.370000
05/08/2008,1017.210000
05/09/2008,1015.720000
05/12/2008,1021.350000
05/13/2008,1022.040000
05/14/2008,1023.290000
05/15/2008,1024.280000
05/16/2008,1028.450000
05/19/2008,1029.680000
05/20/2008,1025.850000
05/21/2008,1016.500000
05/22/2008,1018.880000
05/23/2008,1009.940000
05/27/2008,1015.700000
05/28/2008,1019.230000
05/29/2008,1023.580000
05/30/2008,1024.700000
06/02/2008,1018.160000
06/03/2008,1013.920000
06/04/2008,1014.050000
06/05/2008,1028.750000
06/06/2008,1003.350000
06/09/2008,1006.060000
06/10/2008,1003.520000
06/11/2008,987.550000
06/12/2008,991.520000
06/13/2008,1005.930000
06/16/2008,1006.310000
06/17/2008,999.440000
06/18/2008,990.500000
06/19/2008,993.740000
06/20/2008,987.180000
06/23/2008,989.480000
06/24/2008,988.720000
06/25/2008,993.520000
06/26/2008,974.380000
06/27/2008,973.130000
06/30/2008,973.940000
07/01/2008,977.890000
07/02/2008,962.740000
07/03/2008,965.660000
07/07/2008,957.250000
07/08/2008,974.070000
07/09/2008,952.750000
07/10/2008,959.660000
07/11/2008,949.790000
07/14/2008,940.790000
07/15/2008,930.530000
07/16/2008,953.800000
07/17/2008,964.610000
07/18/2008,968.760000
07/21/2008,971.160000
07/22/2008,978.770000
07/23/2008,979.570000
07/24/2008,970.240000
07/25/2008,972.820000
07/28/2008,963.790000
07/29/2008,977.020000
07/30/2008,983.520000
07/31/2008,979.410000
08/01/2008,978.150000
08/04/2008,974.380000
08/05/2008,986.740000
08/06/2008,989.080000
08/07/2008,985.020000
08/08/2008,990.690000
08/11/2008,992.140000
08/12/2008,991.790000
08/13/2008,992.000000
08/14/2008,993.040000
08/15/2008,993.080000
08/18/2008,986.210000
08/19/2008,980.540000
08/20/2008,985.260000
08/21/2008,987.660000
08/22/2008,995.240000
08/25/2008,983.590000
08/26/2008,986.740000
08/27/2008,992.280000
08/28/2008,1000.050000
08/29/2008,993.160000
09/02/2008,991.170000
09/03/2008,991.300000
09/04/2008,966.420000
09/05/2008,971.100000
09/08/2008,988.180000
09/09/2008,958.680000
09/10/2008,964.100000
09/11/2008,978.070000
09/12/2008,979.060000
09/15/2008,939.460000
09/16/2008,951.510000
09/17/2008,907.190000
09/18/2008,940.870000
09/19/2008,1004.470000
09/22/2008,986.830000
09/23/2008,976.580000
09/24/2008,978.050000
09/25/2008,992.590000
09/26/2008,992.220000
09/29/2008,936.100000
09/30/2008,967.470000
10/01/2008,962.670000
10/02/2008,928.890000
10/03/2008,920.810000
10/06/2008,888.730000
10/07/2008,835.100000
10/08/2008,824.690000
10/09/2008,768.380000
10/10/2008,758.050000
10/13/2008,845.870000
10/14/2008,836.710000
10/15/2008,758.300000
10/16/2008,792.350000
10/17/2008,768.780000
10/20/2008,795.840000
10/21/2008,786.940000
10/22/2008,754.970000
10/23/2008,761.310000
10/24/2008,737.960000
10/27/2008,726.720000
10/28/2008,779.690000
10/29/2008,768.800000
10/30/2008,785.930000
10/31/2008,796.710000
11/03/2008,801.490000
11/04/2008,815.010000
11/05/2008,799.410000
11/06/2008,773.780000
11/07/2008,791.870000
11/10/2008,788.690000
11/11/2008,777.590000
11/12/2008,746.100000
11/13/2008,788.450000
11/14/2008,761.370000
11/17/2008,745.320000
11/18/2008,753.990000
11/19/2008,711.670000
11/20/2008,663.890000
11/21/2008,690.800000
11/24/2008,706.600000
11/25/2008,711.140000
11/26/2008,717.580000
11/28/2008,718.700000
12/01/2008,703.930000
12/02/2008,713.000000
12/03/2008,717.980000
12/04/2008,714.270000
12/05/2008,720.950000
12/08/2008,723.560000
12/09/2008,723.710000
12/10/2008,725.170000
12/11/2008,725.150000
12/12/2008,725.570000
12/15/2008,725.910000
12/16/2008,726.450000
12/17/2008,726.720000
12/18/2008,726.720000
12/19/2008,722.110000
12/22/2008,716.820000
12/23/2008,712.760000
12/24/2008,716.270000
12/26/2008,720.420000
12/29/2008,720.590000
12/30/2008,732.650000
12/31/2008,740.100000
01/02/2009,750.090000
01/05/2009,749.920000
01/06/2009,753.050000
01/07/2009,744.800000
01/08/2009,747.970000
01/09/2009,742.350000
01/12/2009,731.600000
01/13/2009,734.400000
01/14/2009,713.490000
01/15/2009,714.550000
01/16/2009,730.490000
01/20/2009,705.990000
01/21/2009,729.680000
01/22/2009,725.130000
01/23/2009,728.000000
01/26/2009,732.680000
01/27/2009,738.910000
01/28/2009,750.050000
01/29/2009,739.270000
01/30/2009,730.320000
02/02/2009,731.410000
02/03/2009,739.910000
02/04/2009,738.280000
02/05/2009,744.230000
02/06/2009,752.140000
02/09/2009,754.780000
02/10/2009,737.960000
02/11/2009,743.740000
02/12/2009,747.370000
02/13/2009,742.780000
02/17/2009,715.830000
02/18/2009,715.380000
02/19/2009,708.380000
02/20/2009,701.070000
02/23/2009,688.110000
02/24/2009,706.140000
02/25/2009,704.170000
02/26/2009,699.280000
02/27/2009,690.060000
03/02/2009,665.950000
03/03/2009,663.650000
03/04/2009,678.070000
03/05/2009,653.000000
03/06/2009,653.960000
03/09/2009,647.730000
03/10/2009,684.740000
03/11/2009,688.490000
03/12/2009,710.600000
03/13/2009,715.120000
03/16/2009,715.330000
03/17/2009,728.600000
03/18/2009,732.620000
03/19/2009,733.850000
03/20/2009,726.130000
03/23/2009,750.760000
03/24/2009,745.960000
03/25/2009,750.330000
03/26/2009,756.020000
03/27/2009,752.110000
03/30/2009,742.460000
03/31/2009,747.710000
04/01/2009,753.650000
04/02/2009,759.540000
04/03/2009,763.570000
04/06/2009,764.180000
04/07/2009,761.530000
04/08/2009,764.970000
04/09/2009,768.650000
04/13/2009,768.870000
04/14/2009,768.930000
04/15/2009,769.450000
04/16/2009,769.720000
04/17/2009,771.290000
04/20/2009,752.510000
04/21/2009,763.120000
04/22/2009,760.720000
04/23/2009,765.630000
04/24/2009,771.930000
04/27/2009,769.630000
04/28/2009,769.220000
04/29/2009,778.440000
04/30/2009,779.370000
05/01/2009,781.880000
05/04/2009,790.230000
05/05/2009,790.700000
05/06/2009,793.340000
05/07/2009,792.280000
05/08/2009,794.880000
05/11/2009,794.340000
05/12/2009,795.320000
05/13/2009,793.910000
05/14/2009,795.840000
05/15/2009,792.050000
05/18/2009,805.990000
05/19/2009,807.100000
05/20/2009,805.810000
05/21/2009,798.890000
05/22/2009,798.670000
05/26/2009,809.780000
05/27/2009,803.330000
05/28/2009,809.090000
05/29/2009,815.400000
06/01/2009,819.730000
06/02/2009,820.430000
06/03/2009,818.810000
06/04/2009,821.180000
06/05/2009,821.790000
06/08/2009,822.730000
06/09/2009,824.010000
06/10/2009,824.130000
06/11/2009,824.620000
06/12/2009,825.020000
06/15/2009,823.800000
06/16/2009,822.900000
06/17/2009,824.290000
06/18/2009,825.920000
06/19/2009,824.950000
06/22/2009,809.300000
06/23/2009,810.910000
06/24/2009,816.200000
06/25/2009,827.960000
06/26/2009,828.100000
06/29/2009,833.580000
06/30/2009,831.100000
07/01/2009,832.990000
07/02/2009,818.380000
07/06/2009,820.050000
07/07/2009,806.090000
07/08/2009,806.320000
07/09/2009,808.350000
07/10/2009,806.290000
07/13/2009,824.900000
07/14/2009,830.370000
07/15/2009,846.270000
07/16/2009,849.150000
07/17/2009,851.310000
07/20/2009,856.380000
07/21/2009,858.580000
07/22/2009,859.290000
07/23/2009,865.000000
07/24/2009,866.500000
07/27/2009,867.350000
07/28/2009,866.890000
07/29/2009,866.050000
07/30/2009,868.490000
07/31/2009,868.860000
08/03/2009,871.260000
08/04/2009,871.900000
08/05/2009,872.230000
08/06/2009,871.790000
08/07/2009,873.100000
08/10/2009,873.440000
08/11/2009,872.980000
08/12/2009,873.730000
08/13/2009,873.990000
08/14/2009,874.130000
08/17/2009,873.190000
08/18/2009,874.220000
08/19/2009,874.480000
08/20/2009,874.770000
08/21/2009,874.620000
08/24/2009,875.860000
08/25/2009,877.090000
08/26/2009,877.880000
08/27/2009,879.600000
08/28/2009,880.040000
08/31/2009,876.550000
09/01/2009,864.320000
09/02/2009,863.750000
09/03/2009,869.980000
09/04/2009,878.800000
09/08/2009,883.940000
09/09/2009,887.760000
09/10/2009,890.880000
09/11/2009,891.010000
09/14/2009,892.670000
09/15/2009,893.530000
09/16/2009,893.900000
09/17/2009,894.130000
09/18/2009,894.970000
09/21/2009,895.410000
09/22/2009,898.770000
09/23/2009,895.250000
09/24/2009,889.840000
09/25/2009,887.350000
09/28/2009,897.330000
09/29/2009,896.650000
09/30/2009,894.590000
10/01/2009,878.900000
10/02/2009,876.670000
10/05/2009,888.890000
10/06/2009,898.140000
10/07/2009,900.640000
10/08/2009,905.160000
10/09/2009,909.290000
10/12/2009,911.070000
10/13/2009,911.370000
10/14/2009,915.030000
10/15/2009,915.880000
10/16/2009,918.250000
10/19/2009,922.690000
10/20/2009,921.130000
10/21/2009,917.270000
10/22/2009,923.050000
10/23/2009,917.670000
10/26/2009,911.590000
10/27/2009,909.820000
10/28/2009,896.950000
10/29/2009,912.210000
10/30/2009,892.920000
11/02/2009,898.020000
11/03/2009,900.980000
11/04/2009,902.370000
11/05/2009,916.070000
11/06/2009,919.330000
11/09/2009,930.000000
11/10/2009,931.090000
11/11/2009,933.350000
11/12/2009,930.270000
11/13/2009,933.660000
11/16/2009,937.330000
11/17/2009,938.050000
11/18/2009,938.420000
11/19/2009,938.600000
11/20/2009,941.510000
11/23/2009,947.920000
11/24/2009,949.160000
11/25/2009,950.530000
11/27/2009,941.730000
11/30/2009,945.580000
12/01/2009,951.330000
12/02/2009,952.440000
12/03/2009,949.870000
12/04/2009,952.660000
12/07/2009,953.100000
12/08/2009,949.870000
12/09/2009,951.950000
12/10/2009,954.560000
12/11/2009,956.640000
12/14/2009,958.390000
12/15/2009,958.060000
12/16/2009,959.100000
12/17/2009,958.700000
12/18/2009,964.000000
12/21/2009,969.600000
12/22/2009,971.800000
12/23/2009,972.600000
12/24/2009,974.440000
12/28/2009,975.520000
12/29/2009,975.650000
12/30/2009,975.790000
12/31/2009,973.280000
01/04/2010,978.210000
01/05/2010,979.310000
01/06/2010,979.640000
01/07/2010,979.910000
01/08/2010,980.720000
01/11/2010,980.920000
01/12/2010,980.740000
01/13/2010,980.990000
01/14/2010,981.260000
01/15/2010,981.660000
01/19/2010,988.460000
01/20/2010,983.960000
01/21/2010,972.090000
01/22/2010,954.340000
01/25/2010,960.210000
01/26/2010,957.260000
01/27/2010,961.500000
01/28/2010,952.580000
01/29/2010,943.670000
02/01/2010,957.080000
02/02/2010,968.210000
02/03/2010,964.540000
02/04/2010,935.770000
02/05/2010,939.030000
02/08/2010,930.870000
02/09/2010,943.490000
02/10/2010,941.380000
02/11/2010,951.000000
02/12/2010,950.420000
02/16/2010,965.740000
02/17/2010,970.510000
02/18/2010,976.380000
02/19/2010,972.200000
02/22/2010,973.200000
02/23/2010,966.260000
02/24/2010,972.040000
02/25/2010,972.490000
02/26/2010,973.480000
03/01/2010,978.950000
03/02/2010,980.570000
03/03/2010,981.200000
03/04/2010,982.990000
03/05/2010,987.030000
03/08/2010,987.710000
03/09/2010,988.380000
03/10/2010,988.650000
03/11/2010,989.240000
03/12/2010,989.380000
03/15/2010,989.650000
03/16/2010,989.790000
03/17/2010,990.040000
03/18/2010,990.130000
03/19/2010,991.270000
03/22/2010,995.410000
03/23/2010,998.680000
03/24/2010,997.030000
03/25/2010,994.940000
03/26/2010,996.420000
03/29/2010,999.820000
03/30/2010,1000.480000
03/31/2010,999.480000
04/01/2010,1002.130000
04/05/2010,1005.230000
04/06/2010,1006.100000
04/07/2010,1005.370000
04/08/2010,1006.540000
04/09/2010,1007.240000
04/12/2010,1007.660000
04/13/2010,1007.930000
04/14/2010,1008.280000
04/15/2010,1008.320000
04/16/2010,1010.000000
04/19/2010,1013.710000
04/20/2010,1018.720000
04/21/2010,1017.950000
04/22/2010,1019.380000
04/23/2010,1021.410000
04/26/2010,1020.160000
04/27/2010,1020.160000
04/28/2010,1011.710000
04/29/2010,1019.270000
04/30/2010,1009.170000
05/03/2010,1018.200000
05/04/2010,1003.060000
05/05/2010,998.790000
05/06/2010,968.980000
05/07/2010,955.690000
05/10/2010,995.780000
05/11/2010,993.370000
05/12/2010,1006.010000
05/13/2010,996.180000
05/14/2010,979.100000
05/17/2010,980.180000
05/18/2010,966.810000
05/19/2010,961.550000
05/20/2010,924.620000
05/21/2010,907.560000
05/24/2010,906.390000
05/25/2010,910.070000
05/26/2010,908.500000
05/27/2010,923.170000
05/28/2010,917.700000
06/01/2010,910.540000
06/02/2010,924.640000
06/03/2010,926.660000
06/04/2010,911.470000
06/07/2010,906.750000
06/08/2010,914.810000
06/09/2010,912.580000
06/10/2010,927.610000
06/11/2010,931.250000
06/14/2010,932.310000
06/15/2010,936.390000
06/16/2010,936.880000
06/17/2010,937.120000
06/18/2010,937.820000
06/21/2010,935.390000
06/22/2010,926.260000
06/23/2010,924.940000
06/24/2010,912.900000
06/25/2010,917.620000
06/28/2010,915.660000
06/29/2010,890.040000
06/30/2010,880.910000
07/01/2010,879.080000
07/02/2010,874.750000
07/06/2010,879.950000
07/07/2010,907.510000
07/08/2010,916.390000
07/09/2010,923.070000
07/12/2010,924.030000
07/13/2010,937.150000
07/14/2010,937.920000
07/15/2010,939.170000
07/16/2010,932.430000
07/19/2010,937.120000
07/20/2010,943.640000
07/21/2010,937.130000
07/22/2010,947.470000
07/23/2010,951.510000
07/26/2010,955.570000
07/27/2010,955.710000
07/28/2010,953.910000
07/29/2010,953.740000
07/30/2010,954.370000
08/02/2010,960.990000
08/03/2010,960.140000
08/04/2010,961.670000
08/05/2010,961.630000
08/06/2010,962.220000
08/09/2010,963.440000
08/10/2010,962.860000
08/11/2010,956.760000
08/12/2010,955.640000
08/13/2010,955.280000
08/16/2010,957.990000
08/17/2010,963.500000
08/18/2010,964.290000
08/19/2010,962.270000
08/20/2010,966.690000
08/23/2010,967.120000
08/24/2010,959.550000
08/25/2010,961.700000
08/26/2010,957.980000
08/27/2010,969.000000
08/30/2010,961.390000
08/31/2010,961.580000
09/01/2010,977.520000
09/02/2010,981.290000
09/03/2010,985.900000
09/07/2010,984.100000
09/08/2010,985.960000
09/09/2010,987.410000
09/10/2010,988.410000
09/13/2010,989.210000
09/14/2010,989.260000
09/15/2010,989.450000
09/16/2010,989.640000
09/17/2010,990.180000
09/20/2010,997.740000
09/21/2010,996.310000
09/22/2010,994.880000
09/23/2010,990.830000
09/24/2010,1000.730000
09/27/2010,999.750000
09/28/2010,1002.050000
09/29/2010,1001.290000
09/30/2010,1000.660000
10/01/2010,1003.500000
10/04/2010,1001.530000
10/05/2010,1008.010000
10/06/2010,1008.650000
10/07/2010,1008.670000
10/08/2010,1010.000000
10/11/2010,1010.650000
10/12/2010,1010.920000
10/13/2010,1011.310000
10/14/2010,1011.530000
10/15/2010,1012.780000
10/18/2010,1017.520000
10/19/2010,1009.440000
10/20/2010,1015.540000
10/21/2010,1016.960000
10/22/2010,1018.730000
10/25/2010,1019.810000
10/26/2010,1019.850000
10/27/2010,1019.150000
10/28/2010,1019.730000
10/29/2010,1020.000000
11/01/2010,1020.280000
11/02/2010,1023.470000
11/03/2010,1026.870000
11/04/2010,1031.480000
11/05/2010,1032.700000
11/08/2010,1033.110000
11/09/2010,1032.010000
11/10/2010,1033.050000
11/11/2010,1033.010000
11/12/2010,1030.760000
11/15/2010,1032.230000
11/16/2010,1028.560000
11/17/2010,1031.090000
11/18/2010,1034.280000
11/19/2010,1036.380000
11/22/2010,1036.570000
11/23/2010,1028.310000
11/24/2010,1036.580000
11/26/2010,1029.200000
11/29/2010,1032.970000
11/30/2010,1028.510000
12/01/2010,1040.270000
12/02/2010,1045.310000
12/03/2010,1047.530000
12/06/2010,1048.160000
12/07/2010,1048.510000
12/08/2010,1049.560000
12/09/2010,1050.470000
12/10/2010,1050.870000
12/13/2010,1051.170000
12/14/2010,1051.240000
12/15/2010,1051.330000
12/16/2010,1051.550000
12/17/2010,1053.080000
12/20/2010,1055.120000
12/21/2010,1057.290000
12/22/2010,1059.490000
12/23/2010,1058.850000
12/27/2010,1059.470000
12/28/2010,1060.290000
12/29/2010,1061.200000
12/30/2010,1060.730000
12/31/2010,1061.040000
01/03/2011,1064.630000
01/04/2011,1065.030000
01/05/2011,1066.840000
01/06/2011,1066.460000
01/07/2011,1066.550000
01/10/2011,1067.380000
01/11/2011,1068.510000
01/12/2011,1069.550000
01/13/2011,1069.810000
01/14/2011,1070.030000
01/18/2011,1070.330000
01/19/2011,1070.200000
01/20/2011,1070.480000
01/21/2011,1070.210000
01/24/2011,1074.250000
01/25/2011,1074.850000
01/26/2011,1078.120000
01/27/2011,1079.140000
01/28/2011,1068.290000
01/31/2011,1073.310000
02/01/2011,1081.700000
02/02/2011,1081.410000
02/03/2011,1082.980000
02/04/2011,1084.680000
02/07/2011,1086.130000
02/08/2011,1087.390000
02/09/2011,1087.140000
02/10/2011,1087.650000
02/11/2011,1088.250000
02/14/2011,1088.640000
02/15/2011,1088.650000
02/16/2011,1088.860000
02/17/2011,1089.160000
02/18/2011,1088.830000
02/22/2011,1074.010000
02/23/2011,1069.560000
02/24/2011,1069.810000
02/25/2011,1079.460000
02/28/2011,1084.570000
03/01/2011,1071.020000
03/02/2011,1073.210000
03/03/2011,1087.340000
03/04/2011,1082.400000
03/07/2011,1076.020000
03/08/2011,1083.900000
03/09/2011,1083.320000
03/10/2011,1065.770000
03/11/2011,1073.650000
03/14/2011,1067.930000
03/15/2011,1056.070000
03/16/2011,1035.920000
03/17/2011,1049.230000
03/18/2011,1058.950000
03/21/2011,1069.780000
03/22/2011,1069.150000
03/23/2011,1071.570000
03/24/2011,1075.920000
03/25/2011,1077.410000
03/28/2011,1076.440000
03/29/2011,1079.700000
03/30/2011,1081.900000
03/31/2011,1082.030000
04/01/2011,1083.280000
04/04/2011,1083.710000
04/05/2011,1084.600000
04/06/2011,1085.150000
04/07/2011,1084.900000
04/08/2011,1084.650000
04/11/2011,1085.290000
04/12/2011,1085.000000
04/13/2011,1085.830000
04/14/2011,1086.090000
04/15/2011,1086.660000
04/18/2011,1081.040000
04/19/2011,1085.500000
04/20/2011,1091.630000
04/21/2011,1094.570000
04/25/2011,1094.420000
04/26/2011,1096.980000
04/27/2011,1098.750000
04/28/2011,1100.300000
04/29/2011,1100.520000
05/02/2011,1100.440000
05/03/2011,1099.810000
05/04/2011,1098.640000
05/05/2011,1095.120000
05/06/2011,1096.710000
05/09/2011,1099.870000
05/10/2011,1102.290000
05/11/2011,1100.170000
05/12/2011,1102.060000
05/13/2011,1100.600000
05/16/2011,1099.930000
05/17/2011,1101.030000
05/18/2011,1103.590000
05/19/2011,1104.100000
05/20/2011,1102.880000
05/23/2011,1096.400000
05/24/2011,1096.700000
05/25/2011,1099.650000
05/26/2011,1103.480000
05/27/2011,1106.180000
05/31/2011,1111.830000
06/01/2011,1098.520000
06/02/2011,1097.720000
06/03/2011,1090.610000
06/06/2011,1081.090000
06/07/2011,1080.550000
06/08/2011,1076.550000
06/09/2011,1084.550000
06/10/2011,1069.600000
06/13/2011,1070.830000
06/14/2011,1084.680000
06/15/2011,1065.020000
06/16/2011,1067.590000
06/17/2011,1075.440000
06/20/2011,1080.050000
06/21/2011,1086.570000
06/22/2011,1085.020000
06/23/2011,1083.770000
06/24/2011,1077.130000
06/27/2011,1082.480000
06/28/2011,1089.600000
06/29/2011,1093.740000
06/30/2011,1096.540000
07/01/2011,1098.180000
07/05/2011,1098.640000
07/06/2011,1098.660000
07/07/2011,1099.290000
07/08/2011,1099.290000
07/11/2011,1098.130000
07/12/2011,1098.200000
07/13/2011,1099.170000
07/14/2011,1099.510000
07/15/2011,1102.130000
07/18/2011,1097.830000
07/19/2011,1106.560000
07/20/2011,1106.520000
07/21/2011,1112.250000
07/22/2011,1113.110000
07/25/2011,1110.530000
07/26/2011,1109.330000
07/27/2011,1098.660000
07/28/2011,1096.940000
07/29/2011,1091.390000
08/01/2011,1092.300000
08/02/2011,1072.430000
08/03/2011,1078.840000
08/04/2011,1030.450000
08/05/2011,1029.500000
08/08/2011,962.660000
08/09/2011,1007.570000
08/10/2011,962.740000
08/11/2011,1006.020000
08/12/2011,1013.460000
08/15/2011,1035.150000
08/16/2011,1025.730000
08/17/2011,1026.720000
08/18/2011,982.370000
08/19/2011,961.950000
08/22/2011,964.730000
08/23/2011,983.390000
08/24/2011,989.670000
08/25/2011,979.680000
08/26/2011,989.940000
08/29/2011,1000.990000
08/30/2011,1002.410000
08/31/2011,1003.860000
09/01/2011,1002.850000
09/02/2011,997.190000
09/06/2011,995.110000
09/07/2011,1005.550000
09/08/2011,1004.440000
09/09/2011,993.960000
09/12/2011,1001.350000
09/13/2011,1007.670000
09/14/2011,1011.290000
09/15/2011,1012.330000
09/16/2011,1014.820000
09/19/2011,1011.470000
09/20/2011,1011.430000
09/21/2011,992.730000
09/22/2011,969.290000
09/23/2011,973.290000
09/26/2011,991.990000
09/27/2011,999.730000
09/28/2011,985.430000
09/29/2011,992.690000
09/30/2011,973.160000
10/03/2011,949.990000
10/04/2011,970.730000
10/05/2011,986.210000
10/06/2011,1001.130000
10/07/2011,997.080000
10/10/2011,1022.780000
10/11/2011,1025.260000
10/12/2011,1031.780000
10/13/2011,1032.390000
10/14/2011,1040.610000
10/17/2011,1033.310000
10/18/2011,1042.350000
10/19/2011,1039.830000
10/20/2011,1045.960000
10/21/2011,1048.500000
10/24/2011,1057.290000
10/25/2011,1046.750000
10/26/2011,1054.010000
10/27/2011,1068.670000
10/28/2011,1070.370000
10/31/2011,1060.530000
11/01/2011,1043.730000
11/02/2011,1054.450000
11/03/2011,1065.170000
11/04/2011,1063.500000
11/07/2011,1068.140000
11/08/2011,1074.090000
11/09/2011,1055.190000
11/10/2011,1063.370000
11/11/2011,1073.350000
11/14/2011,1072.340000
11/15/2011,1075.450000
11/16/2011,1071.600000
11/17/2011,1064.120000
11/18/2011,1069.240000
11/21/2011,1058.950000
11/22/2011,1057.950000
11/23/2011,1041.770000
11/25/2011,1043.590000
11/28/2011,1064.840000
11/29/2011,1067.930000
11/30/2011,1090.770000
12/01/2011,1090.990000
12/02/2011,1091.360000
12/05/2011,1095.980000
12/06/2011,1097.290000
12/07/2011,1097.520000
12/08/2011,1091.130000
12/09/2011,1100.780000
12/12/2011,1099.060000
12/13/2011,1097.660000
12/14/2011,1093.260000
12/15/2011,1099.240000
12/16/2011,1104.320000
12/19/2011,1098.600000
12/20/2011,1116.270000
12/21/2011,1119.010000
12/22/2011,1122.870000
12/23/2011,1126.730000
12/27/2011,1127.890000
12/28/2011,1123.430000
12/29/2011,1127.700000
12/30/2011,1126.540000
01/03/2012,1132.490000
01/04/2012,1133.750000
01/05/2012,1135.370000
01/06/2012,1135.750000
01/09/2012,1136.950000
01/10/2012,1137.670000
01/11/2012,1137.880000
01/12/2012,1138.350000
01/13/2012,1138.420000
01/17/2012,1138.560000
01/18/2012,1138.770000
01/19/2012,1138.930000
01/20/2012,1142.750000
01/23/2012,1144.210000
01/24/2012,1142.880000
01/25/2012,1147.930000
01/26/2012,1145.270000
01/27/2012,1145.490000
01/30/2012,1144.210000
01/31/2012,1145.010000
02/01/2012,1149.970000
02/02/2012,1151.560000
02/03/2012,1156.750000
02/06/2012,1156.660000
02/07/2012,1157.970000
02/08/2012,1158.370000
02/09/2012,1158.830000
02/10/2012,1156.880000
02/13/2012,1159.810000
02/14/2012,1160.030000
02/15/2012,1159.700000
02/16/2012,1160.630000
02/17/2012,1162.440000
02/21/2012,1164.020000
02/22/2012,1163.150000
02/23/2012,1166.590000
02/24/2012,1167.940000
02/27/2012,1168.820000
02/28/2012,1170.570000
02/29/2012,1168.920000
03/01/2012,1172.620000
03/02/2012,1172.280000
03/05/2012,1171.760000
03/06/2012,1161.790000
03/07/2012,1167.850000
03/08/2012,1173.250000
03/09/2012,1176.130000
03/12/2012,1177.620000
03/13/2012,1179.270000
03/14/2012,1179.540000
03/15/2012,1179.760000
03/16/2012,1180.150000
03/19/2012,1182.600000
03/20/2012,1181.490000
03/21/2012,1181.620000
03/22/2012,1176.830000
03/23/2012,1180.130000
03/26/2012,1187.370000
03/27/2012,1185.790000
03/28/2012,1184.340000
03/29/2012,1184.000000
03/30/2012,1186.610000
04/02/2012,1189.920000
04/03/2012,1189.110000
04/04/2012,1184.570000
04/05/2012,1184.830000
04/09/2012,1177.400000
04/10/2012,1161.010000
04/11/2012,1169.700000
04/12/2012,1183.100000
04/13/2012,1171.370000
04/16/2012,1173.310000
04/17/2012,1187.010000
04/18/2012,1184.960000
04/19/2012,1180.680000
04/20/2012,1180.920000
04/23/2012,1175.270000
04/24/2012,1179.280000
04/25/2012,1188.900000
04/26/2012,1192.200000
04/27/2012,1194.080000
04/30/2012,1192.390000
05/01/2012,1196.090000
05/02/2012,1195.180000
05/03/2012,1191.880000
05/04/2012,1181.220000
05/07/2012,1183.140000
05/08/2012,1180.540000
05/09/2012,1174.100000
05/10/2012,1178.240000
05/11/2012,1173.850000
05/14/2012,1163.160000
05/15/2012,1157.370000
05/16/2012,1152.460000
05/17/2012,1140.110000
05/18/2012,1133.910000
05/21/2012,1147.040000
05/22/2012,1147.750000
05/23/2012,1149.270000
05/24/2012,1151.110000
05/25/2012,1150.350000
05/29/2012,1157.770000
05/30/2012,1150.090000
05/31/2012,1150.050000
06/01/2012,1132.380000
06/04/2012,1134.530000
06/05/2012,1140.020000
06/06/2012,1157.570000
06/07/2012,1158.770000
06/08/2012,1162.930000
06/11/2012,1158.920000
06/12/2012,1165.350000
06/13/2012,1163.830000
06/14/2012,1168.300000
06/15/2012,1172.980000
06/18/2012,1177.250000
06/19/2012,1181.970000
06/20/2012,1182.960000
06/21/2012,1169.320000
06/22/2012,1177.350000
06/25/2012,1166.140000
06/26/2012,1170.050000
06/27/2012,1175.750000
06/28/2012,1174.540000
06/29/2012,1189.400000
07/02/2012,1190.940000
07/03/2012,1193.050000
07/05/2012,1192.470000
07/06/2012,1191.260000
07/09/2012,1190.690000
07/10/2012,1187.820000
07/11/2012,1188.140000
07/12/2012,1187.960000
07/13/2012,1195.770000
07/16/2012,1195.420000
07/17/2012,1197.490000
07/18/2012,1198.190000
07/19/2012,1198.480000
07/20/2012,1197.870000
07/23/2012,1191.180000
07/24/2012,1183.150000
07/25/2012,1183.420000
07/26/2012,1197.570000
07/27/2012,1207.120000
07/30/2012,1206.730000
07/31/2012,1204.410000
08/01/2012,1203.840000
08/02/2012,1200.670000
08/03/2012,1212.860000
08/06/2012,1214.200000
08/07/2012,1215.770000
08/08/2012,1216.420000
08/09/2012,1217.110000
08/10/2012,1217.400000
08/13/2012,1217.770000
08/14/2012,1217.930000
08/15/2012,1218.040000
08/16/2012,1218.250000
08/17/2012,1220.210000
08/20/2012,1220.530000
08/21/2012,1218.340000
08/22/2012,1218.480000
08/23/2012,1213.180000
08/24/2012,1218.260000
08/27/2012,1218.180000
08/28/2012,1218.100000
08/29/2012,1218.450000
08/30/2012,1213.340000
08/31/2012,1217.280000
09/04/2012,1217.030000
09/05/2012,1217.210000
09/06/2012,1229.720000
09/07/2012,1232.750000
09/10/2012,1230.440000
09/11/2012,1231.930000
09/12/2012,1233.020000
09/13/2012,1236.900000
09/14/2012,1237.470000
09/17/2012,1237.650000
09/18/2012,1237.990000
09/19/2012,1238.140000
09/20/2012,1238.170000
09/21/2012,1237.050000
09/24/2012,1236.290000
09/25/2012,1228.440000
09/26/2012,1223.250000
09/27/2012,1232.610000
09/28/2012,1228.580000
10/01/2012,1230.650000
10/02/2012,1232.540000
10/03/2012,1236.320000
10/04/2012,1240.270000
10/05/2012,1242.590000
10/08/2012,1240.880000
10/09/2012,1232.900000
10/10/2012,1227.290000
10/11/2012,1229.430000
10/12/2012,1224.800000
10/15/2012,1234.980000
10/16/2012,1245.410000
10/17/2012,1249.190000
10/18/2012,1249.670000
10/19/2012,1243.690000
10/22/2012,1244.670000
10/23/2012,1232.900000
10/24/2012,1229.390000
10/25/2012,1232.550000
10/26/2012,1231.900000
10/31/2012,1232.660000
11/01/2012,1244.350000
11/02/2012,1235.700000
11/05/2012,1237.810000
11/06/2012,1245.590000
11/07/2012,1222.360000
11/08/2012,1212.660000
11/09/2012,1212.620000
11/12/2012,1211.090000
11/13/2012,1206.920000
11/14/2012,1194.230000
11/15/2012,1186.850000
11/16/2012,1192.190000
11/19/2012,1202.880000
11/20/2012,1203.650000
11/21/2012,1204.150000
11/23/2012,1207.400000
11/26/2012,1207.550000
11/27/2012,1206.830000
11/28/2012,1208.450000
11/29/2012,1209.490000
11/30/2012,1208.950000
12/03/2012,1208.740000
12/04/2012,1208.690000
12/05/2012,1209.780000
12/06/2012,1210.210000
12/07/2012,1210.930000
12/10/2012,1211.550000
12/11/2012,1211.820000
12/12/2012,1211.870000
12/13/2012,1211.870000
12/14/2012,1211.600000
12/17/2012,1212.200000
12/18/2012,1212.430000
12/19/2012,1212.380000
12/20/2012,1212.500000
12/21/2012,1216.950000
12/24/2012,1215.830000
12/26/2012,1213.710000
12/27/2012,1212.890000
12/28/2012,1202.790000
12/31/2012,1218.240000
01/02/2013,1231.690000
01/03/2013,1232.120000
01/04/2013,1233.920000
01/07/2013,1234.210000
01/08/2013,1234.000000
01/09/2013,1234.520000
01/10/2013,1235.220000
01/11/2013,1235.220000
01/14/2013,1235.380000
01/15/2013,1235.670000
01/16/2013,1235.690000
01/17/2013,1235.820000
01/18/2013,1239.290000
01/22/2013,1242.230000
01/23/2013,1243.210000
01/24/2013,1243.460000
01/25/2013,1244.950000
01/28/2013,1244.790000
01/29/2013,1246.320000
01/30/2013,1245.010000
01/31/2013,1244.840000
02/01/2013,1248.450000
02/04/2013,1245.360000
02/05/2013,1248.800000
02/06/2013,1249.250000
02/07/2013,1249.310000
02/08/2013,1250.210000
02/11/2013,1250.550000
02/12/2013,1250.790000
02/13/2013,1250.900000
02/14/2013,1251.090000
02/15/2013,1250.720000
02/19/2013,1255.690000
02/20/2013,1246.490000
02/21/2013,1241.240000
02/22/2013,1249.200000
02/25/2013,1237.220000
02/26/2013,1239.890000
02/27/2013,1251.090000
02/28/2013,1250.350000
03/01/2013,1252.890000
03/04/2013,1257.570000
03/05/2013,1261.820000
03/06/2013,1262.860000
03/07/2013,1263.820000
03/08/2013,1264.930000
03/11/2013,1265.480000
03/12/2013,1265.280000
03/13/2013,1265.740000
03/14/2013,1265.910000
03/15/2013,1265.740000
03/18/2013,1261.260000
03/19/2013,1259.370000
03/20/2013,1265.350000
03/21/2013,1259.670000
03/22/2013,1263.540000
03/25/2013,1262.240000
03/26/2013,1268.580000
03/27/2013,1268.170000
03/28/2013,1270.520000
04/01/2013,1269.010000
04/02/2013,1272.310000
04/03/2013,1266.510000
04/04/2013,1269.150000
04/05/2013,1267.260000
04/08/2013,1272.210000
04/09/2013,1274.760000
04/10/2013,1278.160000
04/11/2013,1278.970000
04/12/2013,1278.930000
04/15/2013,1271.450000
04/16/2013,1278.410000
04/17/2013,1272.650000
04/18/2013,1270.430000
04/19/2013,1272.860000
04/22/2013,1276.160000
04/23/2013,1281.090000
04/24/2013,1281.180000
04/25/2013,1282.390000
04/26/2013,1282.540000
04/29/2013,1284.460000
04/30/2013,1285.200000
05/01/2013,1283.040000
05/02/2013,1285.840000
05/03/2013,1287.610000
05/06/2013,1288.210000
05/07/2013,1288.420000
05/08/2013,1288.530000
05/09/2013,1288.490000
05/10/2013,1288.620000
05/13/2013,1288.710000
05/14/2013,1288.780000
05/15/2013,1288.820000
05/16/2013,1288.870000
05/17/2013,1291.180000
05/20/2013,1291.260000
05/21/2013,1291.890000
05/22/2013,1286.920000
05/23/2013,1285.740000
05/24/2013,1285.420000
05/28/2013,1290.440000
05/29/2013,1286.220000
05/30/2013,1289.340000
05/31/2013,1278.010000
06/03/2013,1283.500000
06/04/2013,1279.040000
06/05/2013,1265.630000
06/06/2013,1275.100000
06/07/2013,1288.480000
06/10/2013,1288.720000
06/11/2013,1279.570000
06/12/2013,1270.370000
06/13/2013,1287.420000
06/14/2013,1281.340000
06/17/2013,1290.350000
06/18/2013,1296.980000
06/19/2013,1284.860000
06/20/2013,1254.160000
06/21/2013,1269.820000
06/24/2013,1261.930000
06/25/2013,1270.100000
06/26/2013,1277.310000
06/27/2013,1280.680000
06/28/2013,1278.810000
07/01/2013,1283.250000
07/02/2013,1283.860000
07/03/2013,1284.480000
07/05/2013,1289.600000
07/08/2013,1291.030000
07/09/2013,1292.540000
07/10/2013,1292.700000
07/11/2013,1293.290000
07/12/2013,1293.330000
07/15/2013,1293.620000
07/16/2013,1293.660000
07/17/2013,1293.690000
07/18/2013,1293.710000
07/19/2013,1295.160000
07/22/2013,1297.920000
07/23/2013,1297.150000
07/24/2013,1294.780000
07/25/2013,1297.030000
07/26/2013,1297.930000
07/29/2013,1296.260000
07/30/2013,1296.920000
07/31/2013,1297.000000
08/01/2013,1303.420000
08/02/2013,1305.830000
08/05/2013,1306.570000
08/06/2013,1304.240000
08/07/2013,1303.230000
08/08/2013,1305.600000
08/09/2013,1304.280000
08/12/2013,1305.340000
08/13/2013,1307.820000
08/14/2013,1306.430000
08/15/2013,1290.490000
08/16/2013,1285.890000
08/19/2013,1282.070000
08/20/2013,1285.500000
08/21/2013,1281.130000
08/22/2013,1288.070000
08/23/2013,1291.420000
08/26/2013,1289.530000
08/27/2013,1276.090000
08/28/2013,1279.640000
08/29/2013,1281.140000
08/30/2013,1278.740000
09/03/2013,1283.750000
09/04/2013,1291.290000
09/05/2013,1292.510000
09/06/2013,1293.180000
09/09/2013,1300.210000
09/10/2013,1304.190000
09/11/2013,1306.360000
09/12/2013,1305.690000
09/13/2013,1306.960000
09/16/2013,1308.170000
09/17/2013,1308.580000
09/18/2013,1309.040000
09/19/2013,1309.160000
09/20/2013,1306.430000
09/23/2013,1303.030000
09/24/2013,1301.690000
09/25/2013,1299.870000
09/26/2013,1302.620000
09/27/2013,1298.600000
09/30/2013,1292.900000
10/01/2013,1301.930000
10/02/2013,1300.200000
10/03/2013,1292.130000
10/04/2013,1300.120000
10/07/2013,1290.590000
10/08/2013,1276.510000
10/09/2013,1277.750000
10/10/2013,1303.610000
10/11/2013,1311.210000
10/14/2013,1314.810000
10/15/2013,1307.510000
10/16/2013,1323.380000
10/17/2013,1327.300000
10/18/2013,1328.360000
10/21/2013,1329.370000
10/22/2013,1332.040000
10/23/2013,1330.150000
10/24/2013,1332.200000
10/25/2013,1334.250000
10/28/2013,1335.570000
10/29/2013,1337.040000
10/30/2013,1335.730000
10/31/2013,1335.350000
11/01/2013,1337.130000
11/04/2013,1339.110000
11/05/2013,1338.330000
11/06/2013,1339.960000
11/07/2013,1336.020000
11/08/2013,1340.600000
11/11/2013,1341.210000
11/12/2013,1341.190000
11/13/2013,1341.750000
11/14/2013,1342.010000
11/15/2013,1343.350000
11/18/2013,1341.720000
11/19/2013,1340.630000
11/20/2013,1339.030000
11/21/2013,1344.920000
11/22/2013,1348.230000
11/25/2013,1348.280000
11/26/2013,1348.700000
11/27/2013,1350.070000
11/29/2013,1349.660000
12/02/2013,1348.530000
12/03/2013,1346.970000
12/04/2013,1346.480000
12/05/2013,1343.560000
12/06/2013,1351.730000
12/09/2013,1353.450000
12/10/2013,1352.310000
12/11/2013,1344.560000
12/12/2013,1342.710000
12/13/2013,1342.100000
12/16/2013,1348.790000
12/17/2013,1346.750000
12/18/2013,1358.050000
12/19/2013,1359.300000
12/20/2013,1358.870000
12/23/2013,1362.770000
12/24/2013,1364.670000
12/26/2013,1367.060000
12/27/2013,1367.180000
12/30/2013,1366.810000
12/31/2013,1367.790000
01/02/2014,1365.450000
01/03/2014,1366.590000
01/06/2014,1367.050000
01/07/2014,1370.010000
01/08/2014,1370.280000
01/09/2014,1370.960000
01/10/2014,1372.380000
01/13/2014,1367.680000
01/14/2014,1372.890000
01/15/2014,1373.630000
01/16/2014,1373.710000
01/17/2014,1371.570000
01/21/2014,1374.230000
01/22/2014,1375.250000
01/23/2014,1368.670000
01/24/2014,1346.460000
01/27/2014,1341.240000
01/28/2014,1349.030000
01/29/2014,1336.640000
01/30/2014,1350.210000
01/31/2014,1341.670000
02/03/2014,1312.840000
02/04/2014,1323.500000
02/05/2014,1321.310000
02/06/2014,1338.660000
02/07/2014,1354.880000
02/10/2014,1357.540000
02/11/2014,1370.920000
02/12/2014,1371.910000
02/13/2014,1378.190000
02/14/2014,1383.670000
02/18/2014,1385.800000
02/19/2014,1381.490000
02/20/2014,1388.640000
02/21/2014,1388.140000
02/24/2014,1392.240000
02/25/2014,1392.240000
02/26/2014,1392.700000
02/27/2014,1397.410000
02/28/2014,1397.180000
03/03/2014,1391.940000
03/04/2014,1401.050000
03/05/2014,1401.890000
03/06/2014,1402.430000
03/07/2014,1402.660000
03/10/2014,1403.810000
03/11/2014,1402.930000
03/12/2014,1403.590000
03/13/2014,1397.050000
03/14/2014,1392.990000
03/17/2014,1403.860000
03/18/2014,1406.870000
03/19/2014,1406.770000
03/20/2014,1407.750000
03/21/2014,1400.910000
03/24/2014,1397.880000
03/25/2014,1403.720000
03/26/2014,1396.290000
03/27/2014,1394.480000
03/28/2014,1399.210000
03/31/2014,1407.860000
04/01/2014,1413.470000
04/02/2014,1415.700000
04/03/2014,1415.250000
04/04/2014,1406.990000
04/07/2014,1395.520000
04/08/2014,1400.940000
04/09/2014,1412.870000
04/10/2014,1387.750000
04/11/2014,1376.350000
04/14/2014,1387.000000
04/15/2014,1396.320000
04/16/2014,1411.180000
04/17/2014,1409.740000
04/21/2014,1412.590000
04/22/2014,1415.010000
04/23/2014,1414.700000
04/24/2014,1417.270000
04/25/2014,1410.870000
04/28/2014,1414.130000
04/29/2014,1416.320000
04/30/2014,1419.050000
05/01/2014,1420.010000
05/02/2014,1420.660000
05/05/2014,1422.120000
05/06/2014,1417.900000
05/07/2014,1421.550000
05/08/2014,1421.740000
05/09/2014,1424.360000
05/12/2014,1426.870000
05/13/2014,1427.160000
05/14/2014,1427.110000
05/15/2014,1426.470000
05/16/2014,1429.600000
05/19/2014,1432.550000
05/20/2014,1429.290000
05/21/2014,1434.410000
05/22/2014,1435.620000
05/23/2014,1438.450000
05/27/2014,1440.780000
05/28/2014,1441.210000
05/29/2014,1442.530000
05/30/2014,1443.340000
06/02/2014,1443.870000
06/03/2014,1443.830000
06/04/2014,1443.990000
06/05/2014,1445.050000
06/06/2014,1445.750000
06/09/2014,1445.790000
06/10/2014,1445.870000
06/11/2014,1445.890000
06/12/2014,1445.430000
06/13/2014,1445.600000
06/16/2014,1446.070000
06/17/2014,1446.010000
06/18/2014,1446.310000
06/19/2014,1446.360000
06/20/2014,1445.810000
06/23/2014,1446.640000
06/24/2014,1441.200000
06/25/2014,1445.740000
06/26/2014,1445.080000
06/27/2014,1447.270000
06/30/2014,1447.720000
07/01/2014,1452.410000
07/02/2014,1453.050000
07/03/2014,1455.690000
07/07/2014,1454.580000
07/08/2014,1450.890000
07/09/2014,1454.500000
07/10/2014,1452.460000
07/11/2014,1454.250000
07/14/2014,1457.300000
07/15/2014,1457.230000
07/16/2014,1458.620000
07/17/2014,1454.850000
07/18/2014,1460.510000
07/21/2014,1459.770000
07/22/2014,1463.210000
07/23/2014,1464.490000
07/24/2014,1464.940000
07/25/2014,1462.200000
07/28/2014,1463.330000
07/29/2014,1460.750000
07/30/2014,1461.090000
07/31/2014,1439.720000
08/01/2014,1437.100000
08/04/2014,1448.290000
08/05/2014,1434.150000
08/06/2014,1435.420000
08/07/2014,1427.940000
08/08/2014,1444.140000
08/11/2014,1448.520000
08/12/2014,1446.840000
08/13/2014,1456.980000
08/14/2014,1463.340000
08/15/2014,1475.460000
08/18/2014,1481.830000
08/19/2014,1484.710000
08/20/2014,1485.780000
08/21/2014,1487.130000
08/22/2014,1486.970000
08/25/2014,1489.350000
08/26/2014,1489.930000
08/27/2014,1490.050000
08/28/2014,1489.890000
08/29/2014,1490.810000
09/02/2014,1491.740000
09/03/2014,1491.780000
09/04/2014,1491.090000
09/05/2014,1492.590000
09/08/2014,1492.630000
09/09/2014,1490.900000
09/10/2014,1492.550000
09/11/2014,1493.130000
09/12/2014,1491.830000
09/15/2014,1492.210000
09/16/2014,1494.290000
09/17/2014,1494.630000
09/18/2014,1494.940000
09/19/2014,1494.310000
09/22/2014,1486.810000
09/23/2014,1480.470000
09/24/2014,1489.620000
09/25/2014,1470.760000
09/26/2014,1481.260000
09/29/2014,1478.720000
09/30/2014,1475.940000
10/01/2014,1457.710000
10/02/2014,1457.940000
10/03/2014,1473.840000
10/06/2014,1472.200000
10/07/2014,1450.330000
10/08/2014,1475.090000
10/09/2014,1445.120000
10/10/2014,1429.860000
10/13/2014,1406.270000
10/14/2014,1410.620000
10/15/2014,1399.670000
10/16/2014,1397.200000
10/17/2014,1406.550000
10/20/2014,1415.890000
10/21/2014,1426.720000
10/22/2014,1422.330000
10/23/2014,1428.660000
10/24/2014,1431.370000
10/27/2014,1432.020000
10/28/2014,1435.830000
10/29/2014,1436.030000
10/30/2014,1437.250000
10/31/2014,1438.720000
11/03/2014,1439.040000
11/04/2014,1438.800000
11/05/2014,1439.660000
11/06/2014,1439.940000
11/07/2014,1440.270000
11/10/2014,1440.440000
11/11/2014,1440.310000
11/12/2014,1440.330000
11/13/2014,1440.480000
11/14/2014,1440.540000
11/17/2014,1440.720000
11/18/2014,1440.790000
11/19/2014,1440.810000
11/20/2014,1440.850000
11/21/2014,1440.810000
11/24/2014,1444.170000
11/25/2014,1444.170000
11/26/2014,1446.070000
11/28/2014,1443.430000
12/01/2014,1438.340000
12/02/2014,1444.420000
12/03/2014,1447.770000
12/04/2014,1447.310000
12/05/2014,1448.480000
12/08/2014,1444.800000
12/09/2014,1444.490000
12/10/2014,1425.700000
12/11/2014,1432.230000
12/12/2014,1413.520000
12/15/2014,1404.060000
12/16/2014,1393.040000
12/17/2014,1421.460000
12/18/2014,1453.250000
12/19/2014,1456.610000
12/22/2014,1460.040000
12/23/2014,1461.760000
12/24/2014,1462.440000
12/26/2014,1464.830000
12/29/2014,1465.970000
12/30/2014,1463.650000
12/31/2014,1455.010000
01/02/2015,1457.290000
01/05/2015,1440.470000
01/06/2015,1428.570000
01/07/2015,1444.080000
01/08/2015,1462.760000
01/09/2015,1456.970000
01/12/2015,1447.940000
01/13/2015,1444.290000
01/14/2015,1436.470000
01/15/2015,1423.430000
01/16/2015,1429.000000
01/20/2015,1431.620000
01/21/2015,1436.320000
01/22/2015,1445.020000
01/23/2015,1443.380000
01/26/2015,1446.400000
01/27/2015,1439.080000
01/28/2015,1430.170000
01/29/2015,1437.270000
01/30/2015,1426.890000
02/02/2015,1438.940000
02/03/2015,1447.460000
02/04/2015,1446.110000
02/05/2015,1450.370000
02/06/2015,1449.610000
02/09/2015,1449.680000
02/10/2015,1453.390000
02/11/2015,1453.920000
02/12/2015,1455.360000
02/13/2015,1455.810000
02/17/2015,1455.910000
02/18/2015,1456.000000
02/19/2015,1456.030000
02/20/2015,1461.560000
02/23/2015,1462.450000
02/24/2015,1465.630000
02/25/2015,1465.450000
02/26/2015,1465.240000
02/27/2015,1464.500000
03/02/2015,1468.460000
03/03/2015,1466.020000
03/04/2015,1464.330000
03/05/2015,1465.250000
03/06/2015,1454.090000
03/09/2015,1459.920000
03/10/2015,1442.500000
03/11/2015,1439.430000
03/12/2015,1454.690000
03/13/2015,1449.000000
03/16/2015,1463.670000
03/17/2015,1461.160000
03/18/2015,1473.170000
03/19/2015,1472.780000
03/20/2015,1475.920000
03/23/2015,1475.570000
03/24/2015,1470.960000
03/25/2015,1455.290000
03/26/2015,1452.630000
03/27/2015,1456.390000
03/30/2015,1470.290000
03/31/2015,1461.320000
04/01/2015,1456.930000
04/02/2015,1462.390000
04/06/2015,1470.440000
04/07/2015,1468.740000
04/08/2015,1472.500000
04/09/2015,1478.740000
04/10/2015,1484.910000
04/13/2015,1481.400000
04/14/2015,1483.920000
04/15/2015,1489.840000
04/16/2015,1490.770000
04/17/2015,1482.580000
04/20/2015,1490.030000
04/21/2015,1489.850000
04/22/2015,1492.820000
04/23/2015,1494.550000
04/24/2015,1495.930000
04/27/2015,1494.230000
04/28/2015,1496.400000
04/29/2015,1494.920000
04/30/2015,1488.200000
05/01/2015,1496.440000
05/04/2015,1499.010000
05/05/2015,1492.070000
05/06/2015,1489.360000
05/07/2015,1492.790000
05/08/2015,1501.580000
05/11/2015,1500.890000
05/12/2015,1500.210000
05/13/2015,1501.800000
05/14/2015,1503.460000
05/15/2015,1505.360000
05/18/2015,1507.950000
05/19/2015,1508.240000
05/20/2015,1508.100000
05/21/2015,1510.510000
05/22/2015,1509.970000
05/26/2015,1501.580000
05/27/2015,1510.010000
05/28/2015,1509.150000
05/29/2015,1504.360000
06/01/2015,1506.700000
06/02/2015,1506.200000
06/03/2015,1509.150000
06/04/2015,1500.620000
06/05/2015,1500.330000
06/08/2015,1493.740000
06/09/2015,1494.030000
06/10/2015,1509.260000
06/11/2015,1512.320000
06/12/2015,1504.980000
06/15/2015,1499.040000
06/16/2015,1507.320000
06/17/2015,1511.420000
06/18/2015,1524.020000
06/19/2015,1520.460000
06/22/2015,1527.390000
06/23/2015,1529.180000
06/24/2015,1523.490000
06/25/2015,1520.210000
06/26/2015,1520.570000
06/29/2015,1495.440000
06/30/2015,1499.740000
07/01/2015,1509.270000
07/02/2015,1509.410000
07/06/2015,1506.390000
07/07/2015,1515.220000
07/08/2015,1491.940000
07/09/2015,1495.770000
07/10/2015,1513.060000
07/13/2015,1529.520000
07/14/2015,1535.650000
07/15/2015,1535.470000
07/16/2015,1542.900000
07/17/2015,1544.510000
07/20/2015,1545.660000
07/21/2015,1543.080000
07/22/2015,1542.490000
07/23/2015,1537.220000
07/24/2015,1525.520000
07/27/2015,1517.970000
07/28/2015,1534.050000
07/29/2015,1542.640000
07/30/2015,1542.710000
07/31/2015,1542.490000
08/03/2015,1539.290000
08/04/2015,1537.740000
08/05/2015,1541.870000
08/06/2015,1532.390000
08/07/2015,1529.150000
08/10/2015,1546.330000
08/11/2015,1534.570000
08/12/2015,1535.900000
08/13/2015,1535.380000
08/14/2015,1541.100000
08/17/2015,1549.180000
08/18/2015,1546.010000
08/19/2015,1534.720000
08/20/2015,1502.670000
08/21/2015,1473.970000
08/24/2015,1425.310000
08/25/2015,1413.290000
08/26/2015,1460.440000
08/27/2015,1483.900000
08/28/2015,1485.340000
08/31/2015,1480.290000
09/01/2015,1447.900000
09/02/2015,1472.310000
09/03/2015,1474.170000
09/04/2015,1455.920000
09/08/2015,1487.180000
09/09/2015,1471.860000
09/10/2015,1478.510000
09/11/2015,1486.310000
09/14/2015,1482.280000
09/15/2015,1499.050000
09/16/2015,1507.790000
09/17/2015,1512.050000
09/18/2015,1490.310000
09/21/2015,1497.690000
09/22/2015,1486.130000
09/23/2015,1486.560000
09/24/2015,1482.910000
09/25/2015,1483.260000
09/28/2015,1452.510000
09/29/2015,1455.270000
09/30/2015,1477.680000
10/01/2015,1482.300000
10/02/2015,1498.390000
10/05/2015,1514.760000
10/06/2015,1513.990000
10/07/2015,1520.350000
10/08/2015,1523.880000
10/09/2015,1525.970000
10/12/2015,1526.810000
10/13/2015,1526.210000
10/14/2015,1526.290000
10/15/2015,1527.860000
10/16/2015,1529.690000
10/19/2015,1532.840000
10/20/2015,1531.460000
10/21/2015,1526.390000
10/22/2015,1538.250000
10/23/2015,1543.780000
10/26/2015,1542.520000
10/27/2015,1541.600000
10/28/2015,1546.980000
10/29/2015,1546.940000
10/30/2015,1545.360000
11/02/2015,1550.510000
11/03/2015,1550.940000
11/04/2015,1550.170000
11/05/2015,1550.630000
11/06/2015,1551.630000
11/09/2015,1549.410000
11/10/2015,1550.940000
11/11/2015,1550.440000
11/12/2015,1545.110000
11/13/2015,1538.540000
11/16/2015,1550.290000
11/17/2015,1551.140000
11/18/2015,1554.560000
11/19/2015,1554.750000
11/20/2015,1553.940000
11/23/2015,1555.200000
11/24/2015,1556.190000
11/25/2015,1557.290000
11/27/2015,1558.090000
11/30/2015,1554.660000
12/01/2015,1563.540000
12/02/2015,1555.770000
12/03/2015,1540.210000
12/04/2015,1561.970000
12/07/2015,1556.850000
12/08/2015,1550.320000
12/09/2015,1540.240000
12/10/2015,1544.930000
12/11/2015,1517.100000
12/14/2015,1524.820000
12/15/2015,1540.760000
12/16/2015,1561.760000
12/17/2015,1541.780000
12/18/2015,1525.950000
12/21/2015,1534.860000
12/22/2015,1543.020000
12/23/2015,1551.150000
12/24/2015,1551.110000
12/28/2015,1550.590000
12/29/2015,1555.350000
12/30/2015,1553.260000
12/31/2015,1548.160000
01/04/2016,1538.360000
01/05/2016,1542.310000
01/06/2016,1531.440000
01/07/2016,1500.050000
01/08/2016,1484.540000
01/11/2016,1487.030000
01/12/2016,1499.290000
01/13/2016,1461.590000
01/14/2016,1487.240000
01/15/2016,1446.330000
01/19/2016,1450.310000
01/20/2016,1442.300000
01/21/2016,1445.800000
01/22/2016,1463.740000
01/25/2016,1453.990000
01/26/2016,1464.470000
01/27/2016,1458.480000
01/28/2016,1463.250000
01/29/2016,1476.350000
02/01/2016,1478.110000
02/02/2016,1469.340000
02/03/2016,1472.800000
02/04/2016,1474.430000
02/05/2016,1463.600000
02/08/2016,1453.100000
02/09/2016,1452.780000
02/10/2016,1455.250000
02/11/2016,1443.070000
02/12/2016,1467.320000
02/16/2016,1482.930000
02/17/2016,1487.480000
02/18/2016,1487.540000
02/19/2016,1489.310000
02/22/2016,1500.210000
02/23/2016,1492.030000
02/24/2016,1494.500000
02/25/2016,1502.910000
02/26/2016,1502.040000
02/29/2016,1498.860000
03/01/2016,1511.320000
03/02/2016,1514.000000
03/03/2016,1514.840000
03/04/2016,1515.450000
03/07/2016,1516.280000
03/08/2016,1514.580000
03/09/2016,1516.070000
03/10/2016,1516.930000
03/11/2016,1518.520000
03/14/2016,1518.930000
03/15/2016,1518.720000
03/16/2016,1519.070000
03/17/2016,1519.150000
03/18/2016,1518.970000
03/21/2016,1521.490000
03/22/2016,1521.420000
03/23/2016,1516.320000
03/24/2016,1516.550000
03/28/2016,1518.710000
03/29/2016,1527.040000
03/30/2016,1530.210000
03/31/2016,1529.060000
04/01/2016,1533.290000
04/04/2016,1532.420000
04/05/2016,1525.960000
04/06/2016,1533.910000
04/07/2016,1526.020000
04/08/2016,1530.470000
04/11/2016,1529.120000
04/12/2016,1536.690000
04/13/2016,1539.020000
04/14/2016,1539.260000
04/15/2016,1538.640000
04/18/2016,1544.690000
04/19/2016,1546.690000
04/20/2016,1547.160000
04/21/2016,1547.170000
04/22/2016,1545.640000
04/25/2016,1544.550000
04/26/2016,1545.990000
04/27/2016,1547.690000
04/28/2016,1540.490000
04/29/2016,1536.590000
05/02/2016,1545.010000
05/03/2016,1537.360000
05/04/2016,1531.620000
05/05/2016,1532.160000
05/06/2016,1537.540000
05/09/2016,1539.680000
05/10/2016,1551.870000
05/11/2016,1544.780000
05/12/2016,1545.360000
05/13/2016,1535.260000
05/16/2016,1549.160000
05/17/2016,1537.450000
05/18/2016,1537.730000
05/19/2016,1532.630000
05/20/2016,1537.580000
05/23/2016,1537.590000
05/24/2016,1547.530000
05/25/2016,1551.310000
05/26/2016,1552.090000
05/27/2016,1554.350000
05/31/2016,1554.250000
06/01/2016,1554.950000
06/02/2016,1556.710000
06/03/2016,1557.030000
06/06/2016,1558.460000
06/07/2016,1558.800000
06/08/2016,1559.510000
06/09/2016,1559.550000
06/10/2016,1557.960000
06/13/2016,1556.520000
06/14/2016,1557.750000
06/15/2016,1558.750000
06/16/2016,1560.210000
06/17/2016,1562.440000
06/20/2016,1568.530000
06/21/2016,1569.460000
06/22/2016,1565.440000
06/23/2016,1576.460000
06/24/2016,1549.020000
06/27/2016,1532.820000
06/28/2016,1556.160000
06/29/2016,1572.340000
06/30/2016,1581.250000
07/01/2016,1583.810000
07/05/2016,1581.820000
07/06/2016,1585.140000
07/07/2016,1585.740000
07/08/2016,1589.190000
07/11/2016,1589.640000
07/12/2016,1589.670000
07/13/2016,1589.950000
07/14/2016,1589.970000
07/15/2016,1591.160000
07/18/2016,1594.300000
07/19/2016,1594.130000
07/20/2016,1597.610000
07/21/2016,1594.380000
07/22/2016,1598.900000
07/25/2016,1597.120000
07/26/2016,1597.500000
07/27/2016,1597.740000
07/28/2016,1598.870000
07/29/2016,1601.460000
08/01/2016,1601.240000
08/02/2016,1595.850000
08/03/2016,1599.700000
08/04/2016,1601.100000
08/05/2016,1608.270000
08/08/2016,1608.570000
08/09/2016,1609.030000
08/10/2016,1608.080000
08/11/2016,1611.450000
08/12/2016,1611.800000
08/15/2016,1613.370000
08/16/2016,1612.360000
08/17/2016,1613.600000
08/18/2016,1614.360000
08/19/2016,1615.570000
08/22/2016,1615.880000
08/23/2016,1616.940000
08/24/2016,1612.500000
08/25/2016,1611.690000
08/26/2016,1610.920000
08/29/2016,1617.470000
08/30/2016,1616.360000
08/31/2016,1614.010000
09/01/2016,1614.070000
09/02/2016,1620.510000
09/06/2016,1623.750000
09/07/2016,1624.400000
09/08/2016,1623.360000
09/09/2016,1590.450000
09/12/2016,1613.200000
09/13/2016,1591.250000
09/14/2016,1590.330000
09/15/2016,1606.700000
09/16/2016,1603.130000
09/19/2016,1604.040000
09/20/2016,1603.980000
09/21/2016,1614.070000
09/22/2016,1618.890000
09/23/2016,1617.000000
09/26/2016,1610.050000
09/27/2016,1616.480000
09/28/2016,1620.040000
09/29/2016,1612.570000
09/30/2016,1618.920000
10/03/2016,1618.280000
10/04/2016,1616.270000
10/05/2016,1619.950000
10/06/2016,1621.410000
10/07/2016,1620.430000
10/10/2016,1624.590000
10/11/2016,1616.670000
10/12/2016,1618.550000
10/13/2016,1616.620000
10/14/2016,1619.000000
10/17/2016,1617.470000
10/18/2016,1624.740000
10/19/2016,1627.270000
10/20/2016,1628.660000
10/21/2016,1629.340000
10/24/2016,1633.670000
10/25/2016,1630.590000
10/26/2016,1629.090000
10/27/2016,1626.360000
10/28/2016,1624.290000
10/31/2016,1622.280000
11/01/2016,1615.330000
11/02/2016,1608.660000
11/03/2016,1603.300000
11/04/2016,1600.840000
11/07/2016,1625.580000
11/08/2016,1630.120000
11/09/2016,1643.050000
11/10/2016,1645.340000
11/11/2016,1646.090000
11/14/2016,1648.100000
11/15/2016,1650.170000
11/16/2016,1650.470000
11/17/2016,1650.700000
11/18/2016,1651.590000
11/21/2016,1658.130000
11/22/2016,1659.650000
11/23/2016,1660.700000
11/25/2016,1662.660000
11/28/2016,1660.990000
11/29/2016,1662.200000
11/30/2016,1660.840000
12/01/2016,1658.670000
12/02/2016,1659.500000
12/05/2016,1666.350000
12/06/2016,1668.780000
12/07/2016,1670.780000
12/08/2016,1671.010000
12/09/2016,1671.760000
12/12/2016,1671.970000
12/13/2016,1672.240000
12/14/2016,1672.060000
12/15/2016,1672.330000
12/16/2016,1671.560000
12/19/2016,1675.320000
12/20/2016,1678.410000
12/21/2016,1676.790000
12/22/2016,1675.830000
12/23/2016,1677.130000
12/27/2016,1679.900000
12/28/2016,1672.210000
12/29/2016,1671.890000
12/30/2016,1668.390000
01/03/2017,1677.940000
01/04/2017,1684.100000
01/05/2017,1684.530000
01/06/2017,1687.890000
01/09/2017,1687.420000
01/10/2017,1688.300000
01/11/2017,1690.340000
01/12/2017,1689.910000
01/13/2017,1692.180000
01/17/2017,1691.440000
01/18/2017,1693.160000
01/19/2017,1692.260000
01/20/2017,1695.470000
01/23/2017,1693.940000
01/24/2017,1699.660000
01/25/2017,1704.290000
01/26/2017,1704.420000
01/27/2017,1704.670000
01/30/2017,1700.690000
01/31/2017,1701.010000
02/01/2017,1702.010000
02/02/2017,1702.830000
02/03/2017,1708.130000
02/06/2017,1708.110000
02/07/2017,1708.890000
02/08/2017,1709.850000
02/09/2017,1711.640000
02/10/2017,1712.190000
02/13/2017,1712.460000
02/14/2017,1712.690000
02/15/2017,1712.780000
02/16/2017,1713.010000
02/17/2017,1716.280000
02/21/2017,1720.260000
02/22/2017,1719.840000
02/23/2017,1720.530000
02/24/2017,1721.960000
02/27/2017,1722.700000
02/28/2017,1721.060000
03/01/2017,1726.900000
03/02/2017,1726.440000
03/03/2017,1728.020000
03/06/2017,1728.090000
03/07/2017,1727.230000
03/08/2017,1726.810000
03/09/2017,1726.760000
03/10/2017,1728.650000
03/13/2017,1729.610000
03/14/2017,1729.100000
03/15/2017,1730.770000
03/16/2017,1731.090000
03/17/2017,1730.410000
03/20/2017,1729.820000
03/21/2017,1715.870000
03/22/2017,1718.140000
03/23/2017,1716.440000
03/24/2017,1716.650000
03/27/2017,1716.430000
03/28/2017,1726.090000
03/29/2017,1728.210000
03/30/2017,1731.730000
03/31/2017,1729.660000
04/03/2017,1728.410000
04/04/2017,1730.050000
04/05/2017,1725.480000
04/06/2017,1729.440000
04/07/2017,1728.800000
04/10/2017,1730.390000
04/11/2017,1728.760000
04/12/2017,1723.300000
04/13/2017,1712.550000
04/17/2017,1727.070000
04/18/2017,1721.940000
04/19/2017,1719.390000
04/20/2017,1732.840000
04/21/2017,1730.030000
04/24/2017,1743.090000
04/25/2017,1746.250000
04/26/2017,1746.280000
04/27/2017,1747.010000
04/28/2017,1746.140000
05/01/2017,1748.310000
05/02/2017,1748.260000
05/03/2017,1747.980000
05/04/2017,1748.640000
05/05/2017,1749.530000
05/08/2017,1751.580000
05/09/2017,1751.550000
05/10/2017,1751.890000
05/11/2017,1751.630000
05/12/2017,1752.280000
05/15/2017,1753.000000
05/16/2017,1753.160000
05/17/2017,1747.440000
05/18/2017,1752.990000
05/19/2017,1752.720000
05/22/2017,1759.030000
05/23/2017,1760.640000
05/24/2017,1762.880000
05/25/2017,1764.790000
05/26/2017,1765.390000
05/30/2017,1765.900000
05/31/2017,1765.720000
06/01/2017,1768.300000
06/02/2017,1769.350000
06/05/2017,1769.820000
06/06/2017,1769.300000
06/07/2017,1769.960000
06/08/2017,1770.660000
06/09/2017,1770.360000
06/12/2017,1770.870000
06/13/2017,1771.900000
06/14/2017,1771.950000
06/15/2017,1772.050000
06/16/2017,1774.530000
06/19/2017,1779.550000
06/20/2017,1775.600000
06/21/2017,1775.760000
06/22/2017,1776.320000
06/23/2017,1778.250000
06/26/2017,1779.680000
06/27/2017,1773.290000
06/28/2017,1780.510000
06/29/2017,1773.190000
06/30/2017,1775.680000
07/03/2017,1778.030000
07/05/2017,1780.190000
07/06/2017,1772.240000
07/07/2017,1780.020000
07/10/2017,1782.150000
07/11/2017,1782.310000
07/12/2017,1787.200000
07/13/2017,1788.170000
07/14/2017,1789.210000
07/17/2017,1789.550000
07/18/2017,1789.810000
07/19/2017,1790.140000
07/20/2017,1790.220000
07/21/2017,1791.850000
07/24/2017,1792.680000
07/25/2017,1794.330000
07/26/2017,1794.850000
07/27/2017,1794.020000
07/28/2017,1793.410000
07/31/2017,1793.760000
08/01/2017,1796.330000
08/02/2017,1796.960000
08/03/2017,1795.870000
08/04/2017,1797.930000
08/07/2017,1799.720000
08/08/2017,1797.710000
08/09/2017,1797.540000
08/10/2017,1780.670000
08/11/2017,1784.370000
08/14/2017,1797.830000
08/15/2017,1799.310000
08/16/2017,1801.810000
08/17/2017,1779.590000
08/18/2017,1773.760000
08/21/2017,1776.910000
08/22/2017,1786.000000
08/23/2017,1783.600000
08/24/2017,1782.540000
08/25/2017,1785.700000
08/28/2017,1787.190000
08/29/2017,1787.900000
08/30/2017,1790.810000
08/31/2017,1793.410000
09/01/2017,1794.420000
09/05/2017,1792.030000
09/06/2017,1794.450000
09/07/2017,1794.830000
09/08/2017,1793.950000
09/11/2017,1796.920000
09/12/2017,1797.100000
09/13/2017,1797.240000
09/14/2017,1797.400000
09/15/2017,1798.260000
09/18/2017,1800.370000
09/19/2017,1801.180000
09/20/2017,1801.890000
09/21/2017,1800.550000
09/22/2017,1800.970000
09/25/2017,1799.950000
09/26/2017,1800.730000
09/27/2017,1803.470000
09/28/2017,1805.010000
09/29/2017,1807.100000
10/02/2017,1809.460000
10/03/2017,1810.060000
10/04/2017,1810.540000
10/05/2017,1811.880000
10/06/2017,1811.880000
10/09/2017,1811.660000
10/10/2017,1812.480000
10/11/2017,1813.020000
10/12/2017,1813.200000
10/13/2017,1813.540000
10/16/2017,1813.940000
10/17/2017,1814.060000
10/18/2017,1814.310000
10/19/2017,1814.470000
10/20/2017,1815.630000
10/23/2017,1812.250000
10/24/2017,1813.230000
10/25/2017,1808.610000
10/26/2017,1809.940000
10/27/2017,1818.080000
10/30/2017,1816.170000
10/31/2017,1817.570000
11/01/2017,1818.870000
11/02/2017,1819.740000
11/03/2017,1822.490000
11/06/2017,1824.000000
11/07/2017,1823.660000
11/08/2017,1825.020000
11/09/2017,1822.760000
11/10/2017,1823.060000
11/13/2017,1825.020000
11/14/2017,1824.830000
11/15/2017,1822.060000
11/16/2017,1827.630000
11/17/2017,1827.260000
11/20/2017,1830.100000
11/21/2017,1835.460000
11/22/2017,1835.240000
11/24/2017,1837.120000
11/27/2017,1837.520000
11/28/2017,1840.770000
11/29/2017,1840.330000
11/30/2017,1841.610000
12/01/2017,1840.890000
12/04/2017,1841.470000
12/05/2017,1842.070000
12/06/2017,1842.640000
12/07/2017,1844.130000
12/08/2017,1844.970000
12/11/2017,1845.390000
12/12/2017,1845.540000
12/13/2017,1845.660000
12/14/2017,1845.620000
12/15/2017,1847.120000
12/18/2017,1849.720000
12/19/2017,1847.370000
12/20/2017,1848.070000
12/21/2017,1849.630000
12/22/2017,1849.770000
12/26/2017,1850.130000
12/27/2017,1849.880000
12/28/2017,1851.200000
12/29/2017,1849.340000
01/02/2018,1854.800000
01/03/2018,1857.060000
01/04/2018,1858.040000
01/05/2018,1858.710000
01/08/2018,1859.460000
01/09/2018,1859.610000
01/10/2018,1859.820000
01/11/2018,1860.070000
01/12/2018,1860.170000
01/16/2018,1860.310000
01/17/2018,1860.560000
01/18/2018,1860.730000
01/19/2018,1863.540000
01/22/2018,1868.430000
01/23/2018,1869.470000
01/24/2018,1868.600000
01/25/2018,1869.000000
01/26/2018,1873.530000
01/29/2018,1869.290000
01/30/2018,1863.510000
01/31/2018,1866.000000
02/01/2018,1866.330000
02/02/2018,1843.260000
02/05/2018,1772.020000
02/06/2018,1801.590000
02/07/2018,1797.160000
02/08/2018,1730.350000
02/09/2018,1757.410000
02/12/2018,1781.570000
02/13/2018,1786.740000
02/14/2018,1811.750000
02/15/2018,1833.870000
02/16/2018,1825.170000
02/20/2018,1820.570000
02/21/2018,1815.250000
02/22/2018,1818.390000
02/23/2018,1837.250000
02/26/2018,1845.090000
02/27/2018,1834.860000
02/28/2018,1825.770000
03/01/2018,1809.220000
03/02/2018,1818.730000
03/05/2018,1833.030000
03/06/2018,1837.320000
03/07/2018,1838.020000
03/08/2018,1843.500000
03/09/2018,1854.070000
03/12/2018,1854.840000
03/13/2018,1853.990000
03/14/2018,1852.780000
03/15/2018,1855.590000
03/16/2018,1854.510000
03/19/2018,1838.850000
03/20/2018,1841.060000
03/21/2018,1840.280000
03/22/2018,1801.580000
03/23/2018,1772.350000
03/26/2018,1811.380000
03/27/2018,1783.630000
03/28/2018,1780.220000
03/29/2018,1801.340000
04/02/2018,1762.540000
04/03/2018,1785.880000
04/04/2018,1805.630000
04/05/2018,1817.750000
04/06/2018,1780.720000
04/09/2018,1786.680000
04/10/2018,1814.950000
04/11/2018,1806.100000
04/12/2018,1821.540000
04/13/2018,1817.110000
04/16/2018,1832.270000
04/17/2018,1850.550000
04/18/2018,1852.580000
04/19/2018,1841.890000
04/20/2018,1840.690000
04/23/2018,1841.960000
04/24/2018,1826.250000
04/25/2018,1829.410000
04/26/2018,1842.450000
04/27/2018,1845.750000
04/30/2018,1838.220000
05/01/2018,1841.810000
05/02/2018,1833.870000
05/03/2018,1831.820000
05/04/2018,1849.510000
05/07/2018,1852.550000
05/08/2018,1855.120000
05/09/2018,1864.400000
05/10/2018,1868.790000
05/11/2018,1870.200000
05/14/2018,1871.010000
05/15/2018,1869.880000
05/16/2018,1871.700000
05/17/2018,1872.180000
05/18/2018,1871.210000
05/21/2018,1878.000000
05/22/2018,1876.700000
05/23/2018,1880.090000
05/24/2018,1879.910000
05/25/2018,1877.730000
05/29/2018,1865.050000
05/30/2018,1880.010000
05/31/2018,1874.720000
06/01/2018,1884.540000
06/04/2018,1888.300000
06/05/2018,1889.270000
06/06/2018,1891.890000
06/07/2018,1891.640000
06/08/2018,1892.820000
06/11/2018,1893.660000
06/12/2018,1894.230000
06/13/2018,1894.360000
06/14/2018,1894.880000
06/15/2018,1898.540000
06/18/2018,1897.690000
06/19/2018,1893.570000
06/20/2018,1896.330000
06/21/2018,1888.640000
06/22/2018,1891.540000
06/25/2018,1873.750000
06/26/2018,1877.700000
06/27/2018,1864.490000
06/28/2018,1874.430000
06/29/2018,1877.720000
07/02/2018,1882.210000
07/03/2018,1875.930000
07/05/2018,1889.370000
07/06/2018,1901.500000
07/09/2018,1911.290000
07/10/2018,1913.680000
07/11/2018,1909.310000
07/12/2018,1915.540000
07/13/2018,1916.860000
07/16/2018,1917.950000
07/17/2018,1919.150000
07/18/2018,1919.680000
07/19/2018,1919.900000
07/20/2018,1918.250000
07/23/2018,1921.120000
07/24/2018,1924.640000
07/25/2018,1929.720000
07/26/2018,1928.680000
07/27/2018,1925.320000
07/30/2018,1921.300000
07/31/2018,1926.630000
08/01/2018,1926.170000
08/02/2018,1930.810000
08/03/2018,1934.370000
08/06/2018,1936.750000
08/07/2018,1938.130000
08/08/2018,1938.630000
08/09/2018,1938.430000
08/10/2018,1935.420000
08/13/2018,1934.480000
08/14/2018,1939.130000
08/15/2018,1937.310000
08/16/2018,1940.610000
08/17/2018,1943.180000
08/20/2018,1945.870000
08/21/2018,1947.120000
08/22/2018,1948.060000
08/23/2018,1947.310000
08/24/2018,1951.230000
08/27/2018,1955.650000
08/28/2018,1955.790000
08/29/2018,1957.670000
08/30/2018,1955.530000
08/31/2018,1956.400000
09/04/2018,1957.320000
09/05/2018,1956.710000
09/06/2018,1955.190000
09/07/2018,1955.020000
09/10/2018,1958.220000
09/11/2018,1960.760000
09/12/2018,1961.290000
09/13/2018,1962.940000
09/14/2018,1963.310000
09/17/2018,1962.790000
09/18/2018,1964.110000
09/19/2018,1964.380000
09/20/2018,1964.750000
09/21/2018,1962.320000
09/24/2018,1959.840000
09/25/2018,1958.730000
09/26/2018,1955.830000
09/27/2018,1959.900000
09/28/2018,1960.520000
10/01/2018,1965.660000
10/02/2018,1965.730000
10/03/2018,1966.890000
10/04/2018,1955.400000
10/05/2018,1948.400000
10/08/2018,1949.440000
10/09/2018,1947.630000
10/10/2018,1886.890000
10/11/2018,1846.330000
10/12/2018,1871.340000
10/15/2018,1861.590000
10/16/2018,1901.700000
10/17/2018,1901.070000
10/18/2018,1874.380000
10/19/2018,1872.030000
10/22/2018,1869.980000
10/23/2018,1861.950000
10/24/2018,1815.250000
10/25/2018,1843.830000
10/26/2018,1816.020000
10/29/2018,1808.230000
10/30/2018,1833.240000
10/31/2018,1850.960000
11/01/2018,1868.440000
11/02/2018,1860.030000
11/05/2018,1870.550000
11/06/2018,1879.070000
11/07/2018,1904.280000
11/08/2018,1904.460000
11/09/2018,1897.630000
11/12/2018,1870.340000
11/13/2018,1868.040000
11/14/2018,1855.620000
11/15/2018,1874.680000
11/16/2018,1870.620000
11/19/2018,1854.120000
11/20/2018,1831.780000
11/21/2018,1837.460000
11/23/2018,1828.820000
11/26/2018,1853.690000
11/27/2018,1857.310100
11/28/2018,1879.480000
11/29/2018,1877.610000
11/30/2018,1882.000000
12/03/2018,1896.230000
12/04/2018,1866.250000
12/06/2018,1866.110000
12/07/2018,1834.350000
12/10/2018,1840.430100
12/11/2018,1841.630000
12/12/2018,1850.819900
12/13/2018,1851.470000
12/14/2018,1819.010000
12/17/2018,1781.960000
12/18/2018,1781.840000
12/19/2018,1754.910000
12/20/2018,1726.550000
12/21/2018,1696.380000
12/24/2018,1661.620000
12/26/2018,1716.810100
12/27/2018,1722.819900
12/28/2018,1726.680100
12/31/2018,1739.670000
01/02/2019,1747.290000
01/03/2019,1725.300000
01/04/2019,1755.770000
01/07/2019,1760.819900
01/08/2019,1764.970000
01/09/2019,1767.020000
01/10/2019,1768.740000
01/11/2019,1769.939900
01/14/2019,1770.390000
01/15/2019,1771.000000
01/16/2019,1771.240000
01/17/2019,1771.410000
01/18/2019,1771.670000
01/22/2019,1758.360000
01/23/2019,1761.080000
01/24/2019,1764.920000
01/25/2019,1773.220000
01/28/2019,1766.770000
01/29/2019,1765.670000
01/30/2019,1780.870000
01/31/2019,1787.920000
02/01/2019,1789.760000
02/04/2019,1794.750000
02/05/2019,1795.880000
02/06/2019,1796.330000
02/07/2019,1793.910000
02/08/2019,1795.720000
02/11/2019,1797.810000
02/12/2019,1799.110000
02/13/2019,1799.480000
02/14/2019,1799.680000
02/15/2019,1802.490000
02/19/2019,1805.710000
02/20/2019,1808.340000
02/21/2019,1806.350000
02/22/2019,1811.990000
02/25/2019,1813.640000
02/26/2019,1813.200000
02/27/2019,1814.050000
02/28/2019,1813.010000
03/01/2019,1818.980000
03/04/2019,1817.490000
03/05/2019,1817.980000
03/06/2019,1813.700000
03/07/2019,1806.320000
03/08/2019,1806.840000
03/11/2019,1821.910000
03/12/2019,1823.470000
03/13/2019,1826.530000
03/14/2019,1826.980000
03/15/2019,1827.340000
03/18/2019,1830.040000
03/19/2019,1829.900000
03/20/2019,1827.790000
03/21/2019,1834.130000
03/22/2019,1816.290000
03/25/2019,1817.740000
03/26/2019,1826.940000
03/27/2019,1822.950000
03/28/2019,1828.270000
03/29/2019,1835.010000
04/01/2019,1843.110000
04/02/2019,1844.150000
04/03/2019,1844.730000
04/04/2019,1846.240000
04/05/2019,1848.270000
04/08/2019,1849.250000
04/09/2019,1848.400000
04/10/2019,1849.990000
04/11/2019,1850.440000
04/12/2019,1851.170000
04/15/2019,1851.680000
04/16/2019,1851.820000
04/17/2019,1852.010000
04/18/2019,1853.540000
04/22/2019,1855.950000
04/23/2019,1861.120000
04/24/2019,1859.470000
04/25/2019,1859.750000
04/26/2019,1862.950000
04/29/2019,1864.390000
04/30/2019,1864.000000
05/01/2019,1860.590000
05/02/2019,1860.300000
05/03/2019,1866.990000
05/06/2019,1863.930000
05/07/2019,1846.020000
05/08/2019,1845.400000
05/09/2019,1843.480000
05/10/2019,1855.070000
05/13/2019,1819.110000
05/14/2019,1834.230000
05/15/2019,1846.140000
05/16/2019,1861.870000
05/17/2019,1840.280000
05/20/2019,1834.340000
05/21/2019,1845.800000
05/22/2019,1844.130000
05/23/2019,1828.340000
05/24/2019,1832.180000
05/28/2019,1821.010000
05/29/2019,1811.490000
05/30/2019,1815.340000
05/31/2019,1794.190000
06/03/2019,1789.040000
06/04/2019,1825.260000
06/05/2019,1838.750000
06/06/2019,1847.400000
06/07/2019,1859.540000
06/10/2019,1864.190000
06/11/2019,1865.030000
06/12/2019,1865.180000
06/13/2019,1869.950000
06/14/2019,1870.980000
06/17/2019,1873.540000
06/18/2019,1878.270000
06/19/2019,1880.910000
06/20/2019,1881.500000
06/21/2019,1878.420000
06/24/2019,1878.890000
06/25/2019,1868.990000
06/26/2019,1869.020000
06/27/2019,1873.380000
06/28/2019,1879.810000
07/01/2019,1892.210000
07/02/2019,1896.570000
07/03/2019,1900.800000
07/05/2019,1901.500000
07/08/2019,1900.450000
07/09/2019,1901.480000
07/10/2019,1904.260000
07/11/2019,1905.260000
07/12/2019,1906.370000
07/15/2019,1907.130000
07/16/2019,1907.330000
07/17/2019,1907.240000
07/18/2019,1908.060000
07/19/2019,1902.320000
07/22/2019,1907.440000
07/23/2019,1914.450000
07/24/2019,1918.380000
07/25/2019,1914.730000
07/26/2019,1920.510000
07/29/2019,1920.500000
07/30/2019,1917.360000
07/31/2019,1906.700000
08/01/2019,1894.870000
08/02/2019,1886.470000
08/05/2019,1834.750000
08/06/2019,1858.840000
08/07/2019,1860.610000
08/08/2019,1894.390000
08/09/2019,1883.280000
08/12/2019,1861.500000
08/13/2019,1889.110000
08/14/2019,1834.360000
08/15/2019,1837.490000
08/16/2019,1855.510000
08/19/2019,1869.000000
08/20/2019,1863.220000
08/21/2019,1871.490000
08/22/2019,1870.670000
08/23/2019,1843.940000
08/26/2019,1857.960000
08/27/2019,1854.410000
08/28/2019,1862.650000
08/29/2019,1873.680000
08/30/2019,1873.580000
09/03/2019,1871.770000
09/04/2019,1881.820000
09/05/2019,1889.790000
09/06/2019,1891.270000
09/09/2019,1893.070000
09/10/2019,1893.860000
09/11/2019,1895.350000
09/12/2019,1895.840000
09/13/2019,1896.300000
09/16/2019,1896.760000
09/17/2019,1897.180000
09/18/2019,1897.430000
09/19/2019,1897.740000
09/20/2019,1889.590000
09/23/2019,1892.450000
09/24/2019,1881.710000
09/25/2019,1890.500000
09/26/2019,1888.170000
09/27/2019,1880.950000
09/30/2019,1890.450000
10/01/2019,1873.100000
10/02/2019,1843.120000
10/03/2019,1857.410000
10/04/2019,1881.160000
10/07/2019,1875.160000
10/08/2019,1848.350000
10/09/2019,1864.390000
10/10/2019,1876.130000
10/11/2019,1893.580000
10/14/2019,1895.660000
10/15/2019,1911.330000
10/16/2019,1910.560000
10/17/2019,1916.030000
10/18/2019,1913.980000
10/21/2019,1921.950000
10/22/2019,1919.390000
10/23/2019,1922.830000
10/24/2019,1925.630000
10/25/2019,1929.890000
10/28/2019,1933.440000
10/29/2019,1933.050000
10/30/2019,1936.040000
10/31/2019,1934.550000
11/01/2019,1938.940000
11/04/2019,1940.470000
11/05/2019,1940.800000
11/06/2019,1941.730000
11/07/2019,1942.270000
11/08/2019,1942.850000
11/11/2019,1943.230000
11/12/2019,1943.410000
11/13/2019,1943.510000
11/14/2019,1943.690000
11/15/2019,1945.750000
11/18/2019,1947.010000
11/19/2019,1946.810000
11/20/2019,1944.650000
11/21/2019,1942.830000
11/22/2019,1945.700000
11/25/2019,1953.720000
11/26/2019,1955.930000
11/27/2019,1958.390000
11/29/2019,1956.280000
12/02/2019,1948.960000
12/03/2019,1941.880000
12/04/2019,1948.780000
12/05/2019,1951.900000
12/06/2019,1959.560000
12/09/2019,1957.600000
12/10/2019,1957.780000
12/11/2019,1960.900000
12/12/2019,1965.680000
12/13/2019,1967.660000
12/16/2019,1969.980000
12/17/2019,1970.650000
12/18/2019,1970.940000
12/19/2019,1971.090000
12/20/2019,1970.160000
12/23/2019,1971.780000
12/24/2019,1972.260000
12/26/2019,1976.520000
12/27/2019,1974.840000
12/30/2019,1970.580000
12/31/2019,1974.620000
01/02/2020,1982.530000
01/03/2020,1976.640000
01/06/2020,1981.440000
01/07/2020,1980.880000
01/08/2020,1983.930000
01/09/2020,1987.920000
01/10/2020,1987.850000
01/13/2020,1990.620000
01/14/2020,1990.710000
01/15/2020,1991.200000
01/16/2020,1991.420000
01/17/2020,1993.370000
01/21/2020,1990.710000
01/22/2020,1991.860000
01/23/2020,1992.860000
01/24/2020,1982.390000
01/27/2020,1960.250000
01/28/2020,1975.750000
01/29/2020,1974.440000
01/30/2020,1980.600000
01/31/2020,1953.180000
02/03/2020,1966.480000
02/04/2020,1988.240000
02/05/2020,2000.850000
02/06/2020,2004.520000
02/07/2020,2000.440000
02/10/2020,2007.880000
02/11/2020,2009.550000
02/12/2020,2014.100000
02/13/2020,2013.790000
02/14/2020,2015.460000
02/18/2020,2016.580000
02/19/2020,2017.900000
02/20/2020,2018.140000
02/21/2020,2015.210000
02/24/2020,1969.050000
02/25/2020,1916.490000
02/26/2020,1908.780000
02/27/2020,1824.920000
02/28/2020,1808.960000
03/02/2020,1894.790000
03/03/2020,1840.130000
03/04/2020,1917.040000
03/05/2020,1853.790000
03/06/2020,1821.360000
03/09/2020,1679.880000
03/10/2020,1767.470000
03/11/2020,1680.580000
03/12/2020,1515.210000
03/13/2020,1658.430000
03/16/2020,1468.310000
03/17/2020,1553.940000
03/18/2020,1478.070000
03/19/2020,1480.370000
03/20/2020,1455.370000
03/23/2020,1434.380000
03/24/2020,1513.740000
03/25/2020,1514.260000
03/26/2020,1548.980000
03/27/2020,1533.910000
03/30/2020,1565.310000
03/31/2020,1566.260000
04/01/2020,1539.940000
04/02/2020,1562.380000
04/03/2020,1562.080000
04/06/2020,1592.410000
04/07/2020,1593.940000
04/08/2020,1603.530000
04/09/2020,1606.720000
04/13/2020,1608.830000
04/14/2020,1609.190000
04/15/2020,1609.340000
04/16/2020,1609.490000
04/17/2020,1619.940000
04/20/2020,1603.820000
04/21/2020,1575.880000
04/22/2020,1602.800000
04/23/2020,1605.400000
04/24/2020,1625.360000
04/27/2020,1640.750000
04/28/2020,1637.480000
04/29/2020,1653.930000
04/30/2020,1648.180000
05/01/2020,1630.390000
05/04/2020,1639.380000
05/05/2020,1648.480000
05/06/2020,1645.740000
05/07/2020,1657.460000
05/08/2020,1669.390000
05/11/2020,1672.420000
05/12/2020,1665.020000
05/13/2020,1655.200000
05/14/2020,1671.820000
05/15/2020,1680.840000
05/18/2020,1702.110000
05/19/2020,1695.990000
05/20/2020,1707.790000
05/21/2020,1703.970000
05/22/2020,1707.040000
05/26/2020,1714.410000
05/27/2020,1719.410000
05/28/2020,1718.220000
05/29/2020,1721.440000
06/01/2020,1723.540000
06/02/2020,1726.360000
06/03/2020,1729.560000
06/04/2020,1729.740000
06/05/2020,1731.710000
06/08/2020,1732.170000
06/09/2020,1731.920000
06/10/2020,1732.120000
06/11/2020,1719.490000
06/12/2020,1727.890000
06/15/2020,1731.750000
06/16/2020,1732.970000
06/17/2020,1733.230000
06/18/2020,1733.330000
06/19/2020,1721.810000
06/22/2020,1732.290000
06/23/2020,1737.080000
06/24/2020,1711.520000
06/25/2020,1726.430000
06/26/2020,1698.820000
06/29/2020,1722.410000
06/30/2020,1739.400000
07/01/2020,1747.450000
07/02/2020,1756.600000
07/06/2020,1766.660000
07/07/2020,1760.710000
07/08/2020,1768.440000
07/09/2020,1765.880000
07/10/2020,1775.600000
07/13/2020,1769.440000
07/14/2020,1778.680000
07/15/2020,1783.070000
07/16/2020,1783.990000
07/17/2020,1787.130000
07/20/2020,1796.880000
07/21/2020,1797.080000
07/22/2020,1802.820000
07/23/2020,1793.500000
07/24/2020,1791.250000
07/27/2020,1800.000000
07/28/2020,1795.560000
07/29/2020,1806.650000
07/30/2020,1803.010000
07/31/2020,1810.740000
08/03/2020,1815.870000
08/04/2020,1818.840000
08/05/2020,1822.700000
08/06/2020,1825.670000
08/07/2020,1826.760000
08/10/2020,1828.740000
08/11/2020,1825.670000
08/12/2020,1830.720000
08/13/2020,1831.330000
08/14/2020,1832.370000
08/17/2020,1833.180000
08/18/2020,1833.300000
08/19/2020,1833.230000
08/20/2020,1833.570000
08/21/2020,1837.280000
08/24/2020,1845.330000
08/25/2020,1847.850000
08/26/2020,1851.000000
08/27/2020,1851.370000
08/28/2020,1856.700000
08/31/2020,1847.360000
09/01/2020,1857.860000
09/02/2020,1861.070000
09/03/2020,1842.540000
09/04/2020,1840.950000
09/08/2020,1819.950000
09/09/2020,1841.860000
09/10/2020,1826.840000
09/11/2020,1831.350000
09/14/2020,1850.810000
09/15/2020,1858.070000
09/16/2020,1858.690000
09/17/2020,1851.850000
09/18/2020,1848.530000
09/21/2020,1836.680000
09/22/2020,1848.980000
09/23/2020,1822.470000
09/24/2020,1827.000000
09/25/2020,1848.170000
09/28/2020,1863.490000
09/29/2020,1859.200000
09/30/2020,1867.030000
10/01/2020,1871.790000
10/02/2020,1867.240000
10/05/2020,1882.140000
10/06/2020,1874.240000
10/07/2020,1887.450000
10/08/2020,1893.030000
10/09/2020,1896.010000
10/12/2020,1897.060000
10/13/2020,1897.340000
10/14/2020,1897.360000
10/15/2020,1897.640000
10/16/2020,1892.410000
10/19/2020,1877.060000
10/20/2020,1881.890000
10/21/2020,1881.370000
10/22/2020,1887.990000
10/23/2020,1893.240000
10/26/2020,1868.070000
10/27/2020,1864.650000
10/28/2020,1811.580000
10/29/2020,1830.300000
10/30/2020,1812.090000
11/02/2020,1834.200000
11/03/2020,1860.640000
11/04/2020,1894.840000
11/05/2020,1917.320000
11/06/2020,1922.880000
11/09/2020,1932.570000
11/10/2020,1935.650000
11/11/2020,1943.210000
11/12/2020,1937.310000
11/13/2020,1947.600000
11/16/2020,1953.230000
11/17/2020,1953.450000
11/18/2020,1952.760000
11/19/2020,1954.680000
11/20/2020,1948.670000
11/23/2020,1957.680000
11/24/2020,1970.840000
11/25/2020,1970.840000
11/27/2020,1973.220000
11/30/2020,1972.700000
12/01/2020,1979.300000
12/02/2020,1980.480000
12/03/2020,1981.320000
12/04/2020,1986.770000
12/07/2020,1987.930000
12/08/2020,1989.720000
12/09/2020,1987.660000
12/10/2020,1988.530000
12/11/2020,1988.250000
12/14/2020,1988.430000
12/15/2020,1992.780000
12/16/2020,1993.880000
12/17/2020,1994.180000
12/18/2020,2000.410000
12/21/2020,1992.210000
12/22/2020,1992.950000
12/23/2020,1996.780000
12/24/2020,2003.320000
12/28/2020,2012.410000
12/29/2020,2010.490000
12/30/2020,2012.630000
12/31/2020,2016.700000
01/04/2021,2006.250000
01/05/2021,2013.870000
01/06/2021,2017.800000
01/07/2021,2030.310000
01/08/2021,2032.540000
01/11/2021,2031.830000
01/12/2021,2034.090000
01/13/2021,2035.500000
01/14/2021,2035.840000
01/15/2021,2035.440000
01/19/2021,2044.290000
01/20/2021,2056.090000
01/21/2021,2057.260000
01/22/2021,2056.100000
01/25/2021,2058.330000
01/26/2021,2057.440000
01/27/2021,2027.740000
01/28/2021,2039.590000
01/29/2021,2021.540000
02/01/2021,2043.100000
02/02/2021,2058.830000
02/03/2021,2063.290000
02/04/2021,2071.380000
02/05/2021,2075.070000
02/08/2021,2077.820000
02/09/2021,2078.020000
02/10/2021,2077.830000
02/11/2021,2079.190000
02/12/2021,2081.350000
02/16/2021,2079.520000
02/17/2021,2081.970000
02/18/2021,2082.240000
02/19/2021,2076.250000
02/22/2021,2067.970000
02/23/2021,2070.130000
02/24/2021,2084.770000
02/25/2021,2044.940000
02/26/2021,2050.230000
03/01/2021,2081.000000
03/02/2021,2070.900000
03/03/2021,2051.570000
03/04/2021,2030.370000
03/05/2021,2062.530000
03/08/2021,2054.710000
03/09/2021,2077.550000
03/10/2021,2089.110000
03/11/2021,2101.780000
03/12/2021,2106.800000
03/15/2021,2113.420000
03/16/2021,2113.480000
03/17/2021,2117.130000
03/18/2021,2110.540000
03/19/2021,2112.350000
03/22/2021,2124.710000
03/23/2021,2115.990000
03/24/2021,2111.260000
03/25/2021,2119.160000
03/26/2021,2132.880000
03/29/2021,2131.240000
03/30/2021,2133.030000
03/31/2021,2137.620000
04/01/2021,2143.590000
04/05/2021,2147.340000
04/06/2021,2147.700000
04/07/2021,2148.890000
04/08/2021,2149.800000
04/09/2021,2150.580000
04/12/2021,2150.900000
04/13/2021,2150.930000
04/14/2021,2150.890000
04/15/2021,2151.050000
04/16/2021,2152.370000
04/19/2021,2147.800000
04/20/2021,2138.060000
04/21/2021,2149.970000
04/22/2021,2139.160000
04/23/2021,2154.040000
04/26/2021,2156.920000
04/27/2021,2157.600000
04/28/2021,2159.020000
04/29/2021,2163.920000
04/30/2021,2158.890000
05/03/2021,2163.170000
05/04/2021,2157.200000
05/05/2021,2158.090000
05/06/2021,2167.750000
05/07/2021,2174.850000
05/10/2021,2167.130000
05/11/2021,2156.530000
05/12/2021,2121.810000
05/13/2021,2144.640000
05/14/2021,2169.840000
05/17/2021,2169.580000
05/18/2021,2158.270000
05/19/2021,2154.820000
05/20/2021,2175.790000
05/21/2021,2182.810000
05/24/2021,2197.340000
05/25/2021,2195.690000
05/26/2021,2200.240000
05/27/2021,2203.200000
05/28/2021,2205.500000
06/01/2021,2204.990000
06/02/2021,2208.800000
06/03/2021,2205.290000
06/04/2021,2214.560000
06/07/2021,2216.320000
06/08/2021,2215.930000
06/09/2021,2214.590000
06/10/2021,2220.400000
06/11/2021,2221.950000
06/14/2021,2223.050000
06/15/2021,2222.670000
06/16/2021,2220.780000
06/17/2021,2224.380000
06/18/2021,2219.980000
06/21/2021,2238.120000
06/22/2021,2244.110000
06/23/2021,2245.000000
06/24/2021,2248.440000
06/25/2021,2251.550000
06/28/2021,2253.070000
06/29/2021,2253.340000
06/30/2021,2254.160000
07/01/2021,2256.240000
07/02/2021,2257.950000
07/06/2021,2257.900000
07/07/2021,2258.900000
07/08/2021,2256.520000
07/09/2021,2259.740000
07/12/2021,2260.600000
07/13/2021,2260.480000
07/14/2021,2260.800000
07/15/2021,2259.800000
07/16/2021,2254.480000
07/19/2021,2233.650000
07/20/2021,2254.110000
07/21/2021,2265.900000
07/22/2021,2268.430000
07/23/2021,2277.290000
07/26/2021,2279.750000
07/27/2021,2275.920000
07/28/2021,2277.560000
07/29/2021,2282.130000
07/30/2021,2278.460000
08/02/2021,2277.690000
08/03/2021,2286.230000
08/04/2021,2283.800000
08/05/2021,2288.660000
08/06/2021,2291.990000
08/09/2021,2292.840000
08/10/2021,2293.710000
08/11/2021,2295.910000
08/12/2021,2297.020000
08/13/2021,2298.060000
08/16/2021,2298.420000
08/17/2021,2297.880000
08/18/2021,2294.490000
08/19/2021,2298.370000
08/20/2021,2303.330000
08/23/2021,2314.370000
08/24/2021,2316.030000
08/25/2021,2318.570000
08/26/2021,2312.530000
08/27/2021,2322.270000
08/30/2021,2325.740000
08/31/2021,2325.110000
09/01/2021,2326.250000
09/02/2021,2327.330000
09/03/2021,2328.710000
09/07/2021,2328.280000
09/08/2021,2328.990000
09/09/2021,2326.890000
09/10/2021,2320.450000
09/13/2021,2327.090000
09/14/2021,2326.400000
09/15/2021,2333.140000
09/16/2021,2334.300000
09/17/2021,2332.900000
09/20/2021,2308.380000
09/21/2021,2308.650000
09/22/2021,2326.920000
09/23/2021,2344.450000
09/24/2021,2348.760000
09/27/2021,2347.650000
09/28/2021,2314.350000
09/29/2021,2318.690000
09/30/2021,2296.170000
10/01/2021,2320.540000
10/04/2021,2296.930000
10/05/2021,2317.750000
10/06/2021,2327.110000
10/07/2021,2343.510000
10/08/2021,2343.760000
10/11/2021,2330.580000
10/12/2021,2326.150000
10/13/2021,2334.580000
10/14/2021,2370.430000
10/15/2021,2376.600000
10/18/2021,2380.830000
10/19/2021,2388.430000
10/20/2021,2391.620000
10/21/2021,2394.410000
10/22/2021,2393.410000
10/25/2021,2398.100000
10/26/2021,2397.590000
10/27/2021,2393.760000
10/28/2021,2400.440000
10/29/2021,2401.200000
11/01/2021,2403.750000
11/02/2021,2405.920000
11/03/2021,2408.740000
11/04/2021,2409.870000
11/05/2021,2410.390000
11/08/2021,2411.300000
11/09/2021,2411.110000
11/10/2021,2410.390000
11/11/2021,2411.900000
11/12/2021,2413.310000
11/15/2021,2413.730000
11/16/2021,2413.750000
11/17/2021,2413.870000
11/18/2021,2413.960000
11/19/2021,2411.130000
11/22/2021,2407.780000
11/23/2021,2411.170000
11/24/2021,2414.560000
11/26/2021,2374.900000
11/29/2021,2401.210000
11/30/2021,2368.660000
12/01/2021,2340.980000
12/02/2021,2372.860000
12/03/2021,2357.210000
12/06/2021,2383.660000
12/07/2021,2419.580000
12/08/2021,2426.430000
12/09/2021,2417.320000
12/10/2021,2433.470000
12/13/2021,2423.320000
12/14/2021,2411.970000
12/15/2021,2439.090000
12/16/2021,2429.690000
12/17/2021,2410.350000
12/20/2021,2396.420000
12/21/2021,2421.180000
12/22/2021,2436.080000
12/23/2021,2443.490000
12/27/2021,2454.740000
12/28/2021,2455.250000
12/29/2021,2457.540000
12/30/2021,2456.500000
12/31/2021,2456.080000
01/03/2022,2461.140000
01/04/2022,2461.330000
01/05/2022,2447.020000
01/06/2022,2447.600000
01/07/2022,2447.850000
01/10/2022,2449.260000
01/11/2022,2457.000000
01/12/2022,2461.200000
01/13/2022,2448.690000
01/14/2022,2453.630000
01/18/2022,2429.110000
01/19/2022,2408.210000
01/20/2022,2380.830000
01/21/2022,2350.630000
01/24/2022,2354.970000
01/25/2022,2342.720000
01/26/2022,2336.680000
01/27/2022,2332.270000
01/28/2022,2371.600000
01/31/2022,2397.860000
02/01/2022,2409.980000
02/02/2022,2418.370000
02/03/2022,2393.400000
02/04/2022,2404.000000
02/07/2022,2405.230000
02/08/2022,2415.830000
02/09/2022,2427.540000
02/10/2022,2412.380000
02/11/2022,2386.970000
02/14/2022,2387.340000
02/15/2022,2416.670000
02/16/2022,2424.080000
02/17/2022,2385.280000
02/18/2022,2387.560000
02/22/2022,2377.770000
02/23/2022,2352.310000
02/24/2022,2376.800000
02/25/2022,2406.170000
02/28/2022,2402.780000
03/01/2022,2379.720000
03/02/2022,2407.760000
03/03/2022,2404.270000
03/04/2022,2395.670000
03/07/2022,2351.710000
03/08/2022,2339.790000
03/09/2022,2389.220000
03/10/2022,2386.910000
03/11/2022,2362.190000
03/14/2022,2349.610000
03/15/2022,2396.390000
03/16/2022,2440.900000
03/17/2022,2456.600000
03/18/2022,2467.600000
03/21/2022,2471.660000
03/22/2022,2482.430000
03/23/2022,2472.000000
03/24/2022,2486.500000
03/25/2022,2492.420000
03/28/2022,2499.990000
03/29/2022,2505.230000
03/30/2022,2504.230000
03/31/2022,2498.240000
04/01/2022,2504.310000
04/04/2022,2509.280000
04/05/2022,2504.130000
04/06/2022,2500.020000
04/07/2022,2504.580000
04/08/2022,2506.080000
04/11/2022,2495.130000
04/12/2022,2495.840000
04/13/2022,2511.650000
04/14/2022,2501.320000
04/18/2022,2505.230000
04/19/2022,2525.140000
04/20/2022,2526.600000
04/21/2022,2506.940000
04/22/2022,2460.020000
04/25/2022,2473.240000
04/26/2022,2414.570000
04/27/2022,2421.890000
04/28/2022,2471.160000
04/29/2022,2393.800000
05/02/2022,2409.000000
05/03/2022,2420.010000
05/04/2022,2484.780000
05/05/2022,2407.160000
05/06/2022,2394.310000
05/09/2022,2318.920000
05/10/2022,2324.120000
05/11/2022,2287.810000
05/12/2022,2283.470000
05/13/2022,2338.590000
05/16/2022,2332.010000
05/17/2022,2377.300000
05/18/2022,2283.720000
05/19/2022,2267.550000
05/20/2022,2297.780000
05/23/2022,2318.440000
05/24/2022,2312.070000
05/25/2022,2322.600000
05/26/2022,2338.610000
05/27/2022,2351.200000
05/31/2022,2351.170000
06/01/2022,2351.120000
06/02/2022,2357.770000
06/03/2022,2355.130000
06/06/2022,2358.040000
06/07/2022,2361.280000
06/08/2022,2360.950000
06/09/2022,2352.700000
06/10/2022,2332.710000
06/13/2022,2274.920000
06/14/2022,2271.390000
06/15/2022,2304.590000
06/16/2022,2237.960000
06/17/2022,2234.400000
06/21/2022,2260.090000
06/22/2022,2261.700000
06/23/2022,2269.010000
06/24/2022,2284.610000
06/27/2022,2287.140000
06/28/2022,2279.620000
06/29/2022,2280.570000
06/30/2022,2277.290000
07/01/2022,2286.340000
07/05/2022,2289.350000
07/06/2022,2292.440000
07/07/2022,2296.350000
07/08/2022,2297.810000
07/11/2022,2298.390000
07/12/2022,2297.250000
07/13/2022,2298.860000
07/14/2022,2299.440000
07/15/2022,2301.750000
07/18/2022,2293.910000
07/19/2022,2319.070000
07/20/2022,2325.910000
07/21/2022,2335.510000
07/22/2022,2331.710000
07/25/2022,2335.060000
07/26/2022,2324.830000
07/27/2022,2344.270000
07/28/2022,2350.740000
07/29/2022,2356.100000
08/01/2022,2355.570000
08/02/2022,2353.860000
08/03/2022,2359.070000
08/04/2022,2359.820000
08/05/2022,2360.560000
08/08/2022,2361.420000
08/09/2022,2361.370000
08/10/2022,2362.900000
08/11/2022,2363.070000
08/12/2022,2363.460000
08/15/2022,2363.800000
08/16/2022,2363.900000
08/17/2022,2364.020000
08/18/2022,2364.120000
08/19/2022,2364.720000
08/22/2022,2336.330000
08/23/2022,2333.340000
08/24/2022,2341.140000
08/25/2022,2362.370000
08/26/2022,2305.720000
08/29/2022,2293.570000
08/30/2022,2271.540000
08/31/2022,2255.350000
09/01/2022,2263.550000
09/02/2022,2239.960000
09/06/2022,2232.490000
09/07/2022,2272.060000
09/08/2022,2286.500000
09/09/2022,2321.780000
09/12/2022,2344.940000
09/13/2022,2245.690000
09/14/2022,2254.270000
09/15/2022,2228.850000
09/16/2022,2219.940000
09/19/2022,2230.210000
09/20/2022,2218.310000
09/21/2022,2198.130000
09/22/2022,2191.080000
09/23/2022,2166.470000
09/26/2022,2150.570000
09/27/2022,2147.530000
09/28/2022,2180.670000
09/29/2022,2148.310000
09/30/2022,2122.150000
10/03/2022,2170.720000
10/04/2022,2217.310000
10/05/2022,2216.980000
10/06/2022,2201.550000
10/07/2022,2156.020000
10/10/2022,2141.400000
10/11/2022,2129.060000
10/12/2022,2122.810000
10/13/2022,2175.260000
10/14/2022,2130.960000
10/17/2022,2183.680000
10/18/2022,2209.510000
10/19/2022,2196.190000
10/20/2022,2177.640000
10/21/2022,2183.560000
10/24/2022,2195.100000
10/25/2022,2207.780000
10/26/2022,2206.390000
10/27/2022,2204.940000
10/28/2022,2218.470000
10/31/2022,2218.930000
11/01/2022,2218.270000
11/02/2022,2206.110000
11/03/2022,2200.670000
11/04/2022,2213.590000
11/07/2022,2222.670000
11/08/2022,2224.810000
11/09/2022,2215.020000
11/10/2022,2234.760000
11/11/2022,2235.740000
11/14/2022,2236.600000
11/15/2022,2236.890000
11/16/2022,2237.230000
11/17/2022,2237.460000
11/18/2022,2240.870000
11/21/2022,2241.580000
11/22/2022,2256.610000
11/23/2022,2264.000000
11/25/2022,2265.870000
11/28/2022,2252.440000
11/29/2022,2251.400000
11/30/2022,2277.800000
12/01/2022,2278.530000
12/02/2022,2280.250000
12/05/2022,2269.180000
12/06/2022,2253.420000
12/07/2022,2252.090000
12/08/2022,2262.360000
12/09/2022,2256.020000
12/12/2022,2268.940000
12/13/2022,2285.340000
12/14/2022,2290.490000
12/15/2022,2265.720000
12/16/2022,2255.090000
12/19/2022,2249.590000
12/20/2022,2252.960000
12/21/2022,2270.980000
12/22/2022,2254.420000
12/23/2022,2262.980000
12/27/2022,2261.720000
12/28/2022,2246.370000
12/29/2022,2269.070000
12/30/2022,2267.980000
01/03/2023,2266.150000
01/04/2023,2277.330000
01/05/2023,2264.420000
01/06/2023,2292.180000
01/09/2023,2293.910000
01/10/2023,2301.170000
01/11/2023,2306.740000
01/12/2023,2313.460000
01/13/2023,2314.950000
01/17/2023,2316.690000
01/18/2023,2316.630000
01/19/2023,2317.330000
01/20/2023,2325.790000
01/23/2023,2336.310000
01/24/2023,2336.860000
01/25/2023,2338.520000
01/26/2023,2345.170000
01/27/2023,2347.770000
01/30/2023,2341.060000
01/31/2023,2349.590000
02/01/2023,2355.390000
02/02/2023,2358.360000
02/03/2023,2358.030000
02/06/2023,2358.450000
02/07/2023,2361.570000
02/08/2023,2360.630000
02/09/2023,2358.430000
02/10/2023,2360.970000
02/13/2023,2364.180000
02/14/2023,2365.300000
02/15/2023,2365.780000
02/16/2023,2365.830000
02/17/2023,2373.580000
02/21/2023,2351.020000
02/22/2023,2351.750000
02/23/2023,2361.240000
02/24/2023,2346.740000
02/27/2023,2355.100000
02/28/2023,2350.820000
03/01/2023,2345.100000
03/02/2023,2358.800000
03/03/2023,2383.870000
03/06/2023,2387.240000
03/07/2023,2365.970000
03/08/2023,2370.410000
03/09/2023,2333.880000
03/10/2023,2303.290000
03/13/2023,2301.170000
03/14/2023,2339.110000
03/15/2023,2326.410000
03/16/2023,2364.800000
03/17/2023,2363.440000
03/20/2023,2378.030000
03/21/2023,2394.220000
03/22/2023,2379.940000
03/23/2023,2381.190000
03/24/2023,2390.910000
03/27/2023,2398.030000
03/28/2023,2399.400000
03/29/2023,2410.930000
03/30/2023,2414.980000
03/31/2023,2421.180000
04/03/2023,2425.740000
04/04/2023,2425.320000
04/05/2023,2425.980000
04/06/2023,2428.320000
04/10/2023,2430.960000
04/11/2023,2431.590000
04/12/2023,2432.160000
04/13/2023,2433.840000
04/14/2023,2434.540000
04/17/2023,2435.710000
04/18/2023,2436.060000
04/19/2023,2436.460000
04/20/2023,2436.880000
04/21/2023,2439.600000
04/24/2023,2443.430000
04/25/2023,2422.320000
04/26/2023,2419.260000
04/27/2023,2445.480000
04/28/2023,2455.200000
05/01/2023,2457.310000
05/02/2023,2445.000000
05/03/2023,2437.850000
05/04/2023,2427.860000
05/05/2023,2455.700000
05/08/2023,2460.860000
05/09/2023,2457.050000
05/10/2023,2464.610000
05/11/2023,2465.230000
05/12/2023,2466.030000
05/15/2023,2473.540000
05/16/2023,2467.740000
05/17/2023,2478.830000
05/18/2023,2480.420000
05/19/2023,2482.350000
05/22/2023,2484.580000
05/23/2023,2469.360000
05/24/2023,2457.300000
05/25/2023,2471.680000
05/26/2023,2489.910000
05/30/2023,2494.850000
05/31/2023,2490.670000
06/01/2023,2504.480000
06/02/2023,2516.370000
06/05/2023,2517.910000
06/06/2023,2520.370000
06/07/2023,2520.500000
06/08/2023,2523.240000
06/09/2023,2524.710000
06/12/2023,2526.870000
06/13/2023,2527.970000
06/14/2023,2528.770000
06/15/2023,2529.270000
06/16/2023,2527.320000
06/20/2023,2523.820000
06/21/2023,2518.960000
06/22/2023,2525.640000
06/23/2023,2514.810000
06/26/2023,2508.680000
06/27/2023,2528.870000
06/28/2023,2530.290000
06/29/2023,2536.620000
06/30/2023,2552.280000
07/03/2023,2553.850000
07/05/2023,2553.280000
07/06/2023,2544.230000
07/07/2023,2543.930000
07/10/2023,2548.700000
07/11/2023,2557.470000
07/12/2023,2565.960000
07/13/2023,2570.160000
07/14/2023,2571.350000
07/17/2023,2573.620000
07/18/2023,2574.310000
07/19/2023,2574.820000
07/20/2023,2575.250000
07/21/2023,2572.360000
07/24/2023,2579.060000
07/25/2023,2581.590000
07/26/2023,2584.700000
07/27/2023,2576.870000
07/28/2023,2588.550000
07/31/2023,2592.870000
08/01/2023,2590.630000
08/02/2023,2573.660000
08/03/2023,2569.080000
08/04/2023,2563.790000
08/07/2023,2582.150000
08/08/2023,2575.820000
08/09/2023,2563.880000
08/10/2023,2565.380000
08/11/2023,2565.040000
08/14/2023,2579.910000
08/15/2023,2553.100000
08/16/2023,2533.920000
08/17/2023,2514.500000
08/18/2023,2496.020000
08/21/2023,2505.140000
08/22/2023,2504.720000
08/23/2023,2515.220000
08/24/2023,2504.920000
08/25/2023,2514.010000
08/28/2023,2521.640000
08/29/2023,2528.850000
08/30/2023,2531.150000
08/31/2023,2532.050000
09/01/2023,2533.330000
09/05/2023,2534.710000
09/06/2023,2534.300000
09/07/2023,2534.670000
09/08/2023,2536.450000
09/11/2023,2538.840000
09/12/2023,2539.000000
09/13/2023,2539.980000
09/14/2023,2540.420000
09/15/2023,2536.320000
09/18/2023,2538.590000
09/19/2023,2536.800000
09/20/2023,2523.800000
09/21/2023,2493.800000
09/22/2023,2489.630000
09/25/2023,2500.560000
09/26/2023,2469.630000
09/27/2023,2469.750000
09/28/2023,2483.200000
09/29/2023,2479.180000
10/02/2023,2480.350000
10/03/2023,2449.100000
10/04/2023,2465.530000
10/05/2023,2464.350000
10/06/2023,2491.610000
10/09/2023,2508.070000
10/10/2023,2520.650000
10/11/2023,2531.460000
10/12/2023,2518.050000
10/13/2023,2506.210000
10/16/2023,2532.260000
10/17/2023,2532.820000
10/18/2023,2499.570000
10/19/2023,2477.160000
10/20/2023,2473.860000
10/23/2023,2476.260000
10/24/2023,2487.350000
10/25/2023,2470.340000
10/26/2023,2452.730000
10/27/2023,2446.010000
10/30/2023,2469.720000
10/31/2023,2482.460000
11/01/2023,2499.350000
11/02/2023,2517.470000
11/03/2023,2523.320000
11/06/2023,2526.570000
11/07/2023,2528.050000
11/08/2023,2529.320000
11/09/2023,2528.320000
11/10/2023,2531.330000
11/13/2023,2532.750000
11/14/2023,2533.310000
11/15/2023,2533.830000
11/16/2023,2534.330000
11/17/2023,2536.490000
11/20/2023,2546.070000
11/21/2023,2545.190000
11/22/2023,2549.530000
11/24/2023,2552.260000
11/27/2023,2553.440000
11/28/2023,2554.730000
11/29/2023,2553.570000
11/30/2023,2557.140000
12/01/2023,2561.260000
12/04/2023,2560.850000
12/05/2023,2561.970000
12/06/2023,2560.410000
12/07/2023,2564.810000
12/08/2023,2568.190000
12/11/2023,2570.630000
12/12/2023,2571.550000
12/13/2023,2572.020000
12/14/2023,2572.480000
12/15/2023,2571.140000
12/18/2023,2577.820000
12/19/2023,2583.050000
12/20/2023,2567.930000
12/21/2023,2578.550000
12/22/2023,2582.090000
12/26/2023,2589.040000
12/27/2023,2592.500000
12/28/2023,2592.940000
12/29/2023,2592.760000
01/02/2024,2590.810000
01/03/2024,2582.080000
01/04/2024,2578.700000
01/05/2024,2582.660000
01/08/2024,2600.080000
01/09/2024,2600.680000
01/10/2024,2604.690000
01/11/2024,2606.020000
01/12/2024,2607.510000
01/16/2024,2609.370000
01/17/2024,2608.200000
01/18/2024,2612.140000
01/19/2024,2620.860000
01/22/2024,2625.400000
01/23/2024,2629.300000
01/24/2024,2629.660000
01/25/2024,2632.760000
01/26/2024,2633.530000
01/29/2024,2638.290000
01/30/2024,2639.150000
01/31/2024,2629.720000
02/01/2024,2638.880000
02/02/2024,2642.720000
02/05/2024,2644.410000
02/06/2024,2646.160000
02/07/2024,2647.380000
02/08/2024,2648.010000
02/09/2024,2648.430000
02/12/2024,2649.730000
02/13/2024,2649.700000
02/14/2024,2650.730000
02/15/2024,2651.220000
02/16/2024,2645.310000
02/20/2024,2640.260000
02/21/2024,2642.740000
02/22/2024,2664.930000
02/23/2024,2667.920000
02/26/2024,2667.890000
02/27/2024,2670.670000
02/28/2024,2670.250000
02/29/2024,2673.170000
03/01/2024,2678.360000
03/04/2024,2679.720000
03/05/2024,2674.730000
03/06/2024,2678.390000
03/07/2024,2682.560000
03/08/2024,2682.150000
03/11/2024,2683.840000
03/12/2024,2686.940000
03/13/2024,2687.550000
03/14/2024,2687.840000
03/15/2024,2688.130000
03/18/2024,2697.340000
03/19/2024,2704.470000
03/20/2024,2713.170000
03/21/2024,2716.050000
03/22/2024,2716.000000
03/25/2024,2716.980000
03/26/2024,2716.470000
03/27/2024,2722.610000
03/28/2024,2722.640000
04/01/2024,2724.260000
04/02/2024,2720.740000
04/03/2024,2722.470000
04/04/2024,2709.090000
04/05/2024,2720.200000
04/08/2024,2725.300000
04/09/2024,2727.410000
04/10/2024,2719.990000
04/11/2024,2728.690000
04/12/2024,2714.590000
04/15/2024,2696.540000
04/16/2024,2695.100000
04/17/2024,2681.900000
04/18/2024,2675.820000
04/19/2024,2670.210000
04/22/2024,2688.600000
04/23/2024,2702.280000
04/24/2024,2703.470000
04/25/2024,2699.800000
04/26/2024,2710.180000
04/29/2024,2715.140000
04/30/2024,2701.790000
05/01/2024,2700.770000
05/02/2024,2711.530000
05/03/2024,2722.340000
05/06/2024,2726.960000
05/07/2024,2727.990000
05/08/2024,2729.000000
05/09/2024,2730.030000
05/10/2024,2730.690000
05/13/2024,2732.050000
05/14/2024,2732.420000
05/15/2024,2732.960000
05/16/2024,2733.390000
05/17/2024,2736.600000
05/20/2024,2739.940000
05/21/2024,2744.120000
05/22/2024,2740.990000
05/23/2024,2732.010000
05/24/2024,2743.110000
05/28/2024,2745.760000
05/29/2024,2735.810000
05/30/2024,2726.260000
05/31/2024,2741.130000
06/03/2024,2743.400000
06/04/2024,2745.100000
06/05/2024,2758.510000
06/06/2024,2760.330000
06/07/2024,2761.260000
06/10/2024,2765.440000
06/11/2024,2767.790000
06/12/2024,2773.470000
06/13/2024,2774.700000
06/14/2024,2775.150000
06/17/2024,2776.950000
06/18/2024,2777.620000
06/20/2024,2778.490000
06/21/2024,2776.760000
06/24/2024,2775.730000
06/25/2024,2781.630000
06/26/2024,2784.950000
06/27/2024,2788.090000
06/28/2024,2784.200000
07/01/2024,2790.770000
07/02/2024,2798.030000
07/03/2024,2801.790000
07/05/2024,2806.280000
07/08/2024,2808.830000
07/09/2024,2810.120000
07/10/2024,2811.740000
07/11/2024,2811.970000
07/12/2024,2813.750000
07/15/2024,2815.220000
07/16/2024,2815.840000
07/17/2024,2816.170000
07/18/2024,2816.420000
07/19/2024,2815.470000
07/22/2024,2831.910000
07/23/2024,2831.420000
07/24/2024,2794.620000
07/25/2024,2784.680000
07/26/2024,2807.610000
07/29/2024,2811.250000
07/30/2024,2801.600000
07/31/2024,2828.470000
08/01/2024,2805.970000
08/02/2024,2764.860000
08/05/2024,2691.470000
08/06/2024,2716.730000
08/07/2024,2698.540000
08/08/2024,2758.900000
08/09/2024,2771.750000
08/12/2024,2774.860000
08/13/2024,2818.390000
08/14/2024,2828.960000
08/15/2024,2865.590000
08/16/2024,2869.590000
08/19/2024,2881.630000
08/20/2024,2878.530000
08/21/2024,2881.560000
08/22/2024,2873.760000
08/23/2024,2885.790000
08/26/2024,2887.110000
08/27/2024,2889.740000
08/28/2024,2883.580000
08/29/2024,2887.140000
08/30/2024,2895.990000
09/03/2024,2875.010000
09/04/2024,2872.120000
09/05/2024,2871.110000
09/06/2024,2840.810000
09/09/2024,2867.200000
09/10/2024,2876.270000
09/11/2024,2891.890000
09/12/2024,2903.840000
09/13/2024,2909.030000
09/16/2024,2911.940000
09/17/2024,2912.690000
09/18/2024,2915.190000
09/19/2024,2918.140000
09/20/2024,2920.340000
09/23/2024,2927.360000
09/24/2024,2932.030000
09/25/2024,2930.710000
09/26/2024,2935.060000
09/27/2024,2932.200000
09/30/2024,2939.430000
10/01/2024,2927.440000
10/02/2024,2929.740000
10/03/2024,2927.470000
10/04/2024,2941.770000
10/07/2024,2932.360000
10/08/2024,2945.140000
10/09/2024,2952.190000
10/10/2024,2954.200000
10/11/2024,2958.450000
10/14/2024,2962.200000
10/15/2024,2962.770000
10/16/2024,2963.830000
10/17/2024,2964.420000
10/18/2024,2966.270000
10/21/2024,2966.360000
10/22/2024,2966.430000
10/23/2024,2952.230000
10/24/2024,2957.090000
10/25/2024,2955.840000
10/28/2024,2963.010000
10/29/2024,2966.300000
10/30/2024,2962.340000
10/31/2024,2925.440000
11/01/2024,2935.670000
11/04/2024,2933.800000
11/05/2024,2959.720000
11/06/2024,3003.830000
11/07/2024,3010.910000
11/08/2024,3013.330000
11/11/2024,3015.600000
11/12/2024,3016.380000
11/13/2024,3017.270000
11/14/2024,3017.770000
11/15/2024,3018.750000
11/18/2024,3027.270000
11/19/2024,3030.030000
11/20/2024,3028.970000
11/21/2024,3035.990000
11/22/2024,3042.730000
11/25/2024,3049.470000
11/26/2024,3054.300000
11/27/2024,3053.760000
11/29/2024,3058.390000
12/02/2024,3061.460000
12/03/2024,3062.860000
12/04/2024,3065.090000
12/05/2024,3065.840000
12/06/2024,3067.740000
12/09/2024,3068.220000
12/10/2024,3068.310000
12/11/2024,3070.780000
12/12/2024,3071.050000
12/13/2024,3072.030000
12/16/2024,3073.340000
12/17/2024,3073.590000
12/18/2024,3049.030000
12/19/2024,3062.470000
12/20/2024,3052.080000
12/23/2024,3063.150000
12/24/2024,3076.440000
12/26/2024,3077.860000
12/27/2024,3069.500000
12/30/2024,3058.570000
12/31/2024,3055.400000
01/02/2025,3051.550000
01/03/2025,3073.210000
01/06/2025,3081.700000
01/07/2025,3068.880000
01/08/2025,3072.490000
01/10/2025,3047.980000
01/13/2025,3054.480000
01/14/2025,3059.010000
01/15/2025,3094.400000
01/16/2025,3097.580000
01/17/2025,3096.940000
01/21/2025,3112.980000
01/22/2025,3119.380000
01/23/2025,3124.400000
01/24/2025,3123.260000
01/27/2025,3105.540000
01/28/2025,3118.420000
01/29/2025,3114.070000
01/30/2025,3122.800000
01/31/2025,3116.430000
02/03/2025,3106.910000
02/04/2025,3120.820000
02/05/2025,3128.480000
02/06/2025,3133.790000
02/07/2025,3125.760000
02/10/2025,3137.630000
02/11/2025,3139.670000
02/12/2025,3138.850000
02/13/2025,3147.230000
02/14/2025,3149.350000
02/18/2025,3152.780000
02/19/2025,3153.550000
02/20/2025,3154.140000
02/21/2025,3134.480000
02/24/2025,3126.680000
02/25/2025,3116.410000
02/26/2025,3117.420000
02/27/2025,3079.370000
02/28/2025,3117.240000
03/03/2025,3075.290000
03/04/2025,3041.880000
03/05/2025,3072.820000
03/06/2025,3021.470000
03/07/2025,3037.970000
03/10/2025,2959.600000
03/11/2025,2935.730000
03/12/2025,2949.730000
03/13/2025,2910.550000
03/14/2025,2969.090000
03/17/2025,2992.560000
03/18/2025,2960.500000
03/19/2025,2992.130000
03/20/2025,2985.130000
03/21/2025,2974.280000
03/24/2025,2996.660000
03/25/2025,3000.730000
03/26/2025,2989.770000
03/27/2025,2987.430000
03/28/2025,2957.330000
03/31/2025,2969.260000
04/01/2025,2975.280000
04/02/2025,2984.670000
04/03/2025,2889.730000
04/04/2025,2725.780000
04/07/2025,2720.040000
04/08/2025,2679.110000
04/09/2025,2914.980000
04/10/2025,2826.790000
04/11/2025,2875.830000
04/14/2025,2906.410000
04/15/2025,2902.310000
04/16/2025,2836.320000
04/17/2025,2851.120000
04/21/2025,2815.300000
04/22/2025,2857.320000
04/23/2025,2880.000000
04/24/2025,2900.200000
04/25/2025,2909.400000
04/28/2025,2913.570000
04/29/2025,2918.830000
04/30/2025,2920.960000
05/01/2025,2924.150000
05/02/2025,2930.080000
05/05/2025,2932.400000
05/06/2025,2931.440000
05/07/2025,2933.820000
05/08/2025,2936.040000
05/09/2025,2937.290000
05/12/2025,2939.320000
05/13/2025,2939.590000
05/14/2025,2940.050000
05/15/2025,2940.440000
05/16/2025,2946.140000
05/19/2025,2947.920000
05/20/2025,2945.640000
05/21/2025,2919.640000
05/22/2025,2921.650000
05/23/2025,2907.900000
05/27/2025,2949.550000
05/28/2025,2942.500000
05/29/2025,2949.150000
05/30/2025,2948.970000
06/02/2025,2959.910000
06/03/2025,2969.140000
06/04/2025,2970.490000
06/05/2025,2965.340000
06/06/2025,2980.060000
06/09/2025,2983.760000
06/10/2025,2988.690000
06/11/2025,2987.370000
06/12/2025,2990.210000
06/13/2025,2981.470000
06/16/2025,2994.560000
06/17/2025,2988.680000
06/18/2025,2995.780000
06/20/2025,2996.770000
06/23/2025,3013.440000
06/24/2025,3027.410000
06/25/2025,3030.240000
06/26/2025,3036.420000
06/27/2025,3039.810000
06/30/2025,3043.440000
07/01/2025,3044.310000
07/02/2025,3046.420000
07/03/2025,3048.450000
07/07/2025,3049.980000
07/08/2025,3051.830000
07/09/2025,3053.480000
07/10/2025,3054.160000
07/11/2025,3054.630000
07/14/2025,3056.120000
07/15/2025,3056.480000
07/16/2025,3057.040000
07/17/2025,3057.470000
07/18/2025,3057.000000
07/21/2025,3062.080000
07/22/2025,3063.660000
07/23/2025,3075.470000
07/24/2025,3077.660000
07/25/2025,3082.350000
07/28/2025,3085.220000
07/29/2025,3082.750000
07/30/2025,3083.170000
07/31/2025,3079.950000
08/01/2025,3053.650000
08/04/2025,3082.870000
08/05/2025,3078.300000
08/06/2025,3089.830000
08/07/2025,3090.620000
08/08/2025,3099.040000
08/11/2025,3099.710000
08/12/2025,3104.960000
08/13/2025,3105.890000
08/14/2025,3106.420000
08/15/2025,3106.850000
08/18/2025,3109.890000
08/19/2025,3102.460000
08/20/2025,3098.190000
08/21/2025,3090.100000
08/22/2025,3118.180000
08/25/2025,3115.320000
08/26/2025,3121.620000
08/27/2025,3124.210000
08/28/2025,3130.800000
08/29/2025,3123.140000
09/02/2025,3113.590000
09/03/2025,3124.080000
09/04/2025,3136.250000
09/05/2025,3136.100000
09/08/2025,3141.530000
09/09/2025,3144.680000
09/10/2025,3147.500000
09/11/2025,3153.640000
09/12/2025,3154.500000
09/15/2025,3157.080000
09/16/2025,3157.420000
09/17/2025,3159.170000
09/18/2025,3160.270000
09/19/2025,3166.320000
09/22/2025,3172.550000
09/23/2025,3166.650000
09/24/2025,3164.870000
09/25/2025,3159.480000
09/26/2025,3171.410000
09/29/2025,3177.810000
09/30/2025,3182.240000
10/01/2025,3187.180000
10/02/2025,3188.590000
10/03/2025,3190.480000
10/06/2025,3196.980000
10/07/2025,3194.260000
10/08/2025,3201.130000
10/09/2025,3200.460000
10/10/2025,3155.340000
10/13/2025,3194.050000
10/14/2025,3193.110000
10/15/2025,3201.780000
10/16/2025,3197.920000
10/17/2025,3209.400000
10/20/2025,3229.890000
10/21/2025,3232.050000
10/22/2025,3226.630000
10/23/2025,3235.790000
10/24/2025,3244.000000
10/27/2025,3253.390000
10/28/2025,3254.140000
10/29/2025,3253.850000
10/30/2025,3249.720000
10/31/2025,3252.470000
11/03/2025,3257.510000
11/04/2025,3249.320000
11/05/2025,3255.220000
11/06/2025,3245.590000
11/07/2025,3249.210000
11/10/2025,3264.750000
11/11/2025,3267.800000
11/12/2025,3268.720000
11/13/2025,3258.350000
11/14/2025,3261.300000
11/17/2025,3255.170000
11/18/2025,3247.010000
11/19/2025,3257.590000
11/20/2025,3236.940000
11/21/2025,3252.210000
11/24/2025,3276.520000
11/25/2025,3288.100000
11/26/2025,3294.570000
11/28/2025,3299.880000
12/01/2025,3299.870000
12/02/2025,3302.950000
12/03/2025,3305.710000
12/04/2025,3307.360000
12/05/2025,3309.100000
12/08/2025,3310.050000
12/09/2025,3310.910000
12/10/2025,3312.880000
12/11/2025,3314.330000
12/12/2025,3314.180000
12/15/2025,3315.940000
12/16/2025,3316.500000
12/17/2025,3316.100000
12/18/2025,3317.580000
12/19/2025,3320.160000
12/22/2025,3332.310000
12/23/2025,3337.700000
12/24/2025,3341.760000
12/26/2025,3344.030000
12/29/2025,3344.000000
12/30/2025,3343.910000
12/31/2025,3336.140000
01/02/2026,3341.320000
01/05/2026,3350.930000
01/06/2026,3355.850000
01/07/2026,3354.820000
01/08/2026,3355.770000
01/09/2026,3361.190000
01/12/2026,3363.350000
01/13/2026,3363.840000
01/14/2026,3364.530000
01/15/2026,3365.690000
01/16/2026,3363.650000
01/20/2026,3323.120000
01/21/2026,3352.000000
01/22/2026,3364.650000
01/23/2026,3366.070000
01/26/2026,3376.420000
01/27/2026,3382.580000
01/28/2026,3382.180000
01/29/2026,3380.120000
01/30/2026,3376.110000
02/02/2026,3389.230000
02/03/2026,3374.890000
02/04/2026,3364.140000
02/05/2026,3334.700000
02/06/2026,3383.300000
02/09/2026,3395.230000
02/10/2026,3393.250000
02/11/2026,3395.460000
02/12/2026,3361.160000
02/13/2026,3366.180000
02/17/2026,3375.440000
02/18/2026,3392.190000
02/19/2026,3386.700000
02/20/2026,3376.240000
02/23/2026,3359.310000
02/24/2026,3376.600000
02/25/2026,3393.010000
02/26/2026,3386.910000
02/27/2026,3378.430000
03/02/2026,3379.200000
03/03/2026,3361.700000
03/04/2026,3380.390000
03/05/2026,3369.450000
03/06/2026,3333.940000
03/09/2026,3363.980000
03/10/2026,3360.490000
03/11/2026,3363.100000
03/12/2026,3318.930000
03/13/2026,3303.100000
03/16/2026,3337.480000
03/17/2026,3348.460000
03/18/2026,3301.170000
03/19/2026,3292.280000
03/20/2026,3271.040000
03/23/2026,3294.280000
03/24/2026,3289.980000
03/25/2026,3301.880000
03/26/2026,3271.200000
03/27/2026,3235.310000
03/30/2026,3236.740000
03/31/2026,3299.950000
04/01/2026,3314.630000
04/02/2026,3319.650000
04/06/2026,3331.380000
04/07/2026,3327.580000
04/08/2026,3358.240000
04/09/2026,3363.630000
04/10/2026,3364.740000
04/13/2026,3367.510000
04/14/2026,3368.470000
04/15/2026,3369.080000
04/16/2026,3369.580000
04/17/2026,3366.470000
04/20/2026,3364.300000
04/21/2026,3351.610000
04/22/2026,3371.840000
04/23/2026,3366.580000
04/24/2026,3378.160000
04/27/2026,3385.320000
04/28/2026,3381.630000
04/29/2026,3381.750000
04/30/2026,3398.710000
05/01/2026,3403.150000
05/04/2026,3401.750000
05/05/2026,3411.710000
05/06/2026,3418.480000
05/07/2026,3419.520000
05/08/2026,3422.220000
05/11/2026,3423.760000
05/12/2026,3424.620000
05/13/2026,3425.330000
05/14/2026,3425.890000
05/15/2026,3425.090000
05/18/2026,3429.160000
05/19/2026,3419.210000
05/20/2026,3436.670000
05/21/2026,3443.500000
05/22/2026,3448.940000
05/26/2026,3461.210000
05/27/2026,3464.530000
05/28/2026,3472.580000
05/29/2026,3475.030000
06/01/2026,3478.840000
06/02/2026,3481.380000
06/03/2026,3478.200000
06/04/2026,3483.640000
06/05/2026,3446.150000
06/08/2026,3456.820000
06/09/2026,3449.890000
06/10/2026,3411.450000
06/11/2026,3454.520000
06/12/2026,3472.290000
06/15/2026,3494.460000
06/16/2026,3494.080000
06/17/2026,3486.770000
06/18/2026,3500.520000
06/22/2026,3499.620000
06/23/2026,3470.380000
06/24/2026,3470.240000
06/25/2026,3472.870000
06/26/2026,3502.730000
06/29/2026,3501.950000
06/30/2026,3517.120000
07/01/2026,3520.020000
07/02/2026,3519.360000
07/06/2026,3539.290000
07/07/2026,3532.970000
07/08/2026,3528.340000
07/09/2026,3543.990000
07/10/2026,3550.670000
07/13/2026,3543.860000
07/14/2026,3552.690000
07/15/2026,3557.560000
07/16/2026,3557.710000
07/17/2026,3525.120000
07/20/2026,3527.360000
07/21/2026,3543.840000
07/22/2026,3543.480000
07/23/2026,3521.190000
07/24/2026,3525.530000
07/27/2026,3529.210000
07/28/2026,3535.090000
07/29/2026,3499.570000
07/30/2026,3544.940000
07/31/2026,3557.590000
08/03/2026,3578.070000
08/04/2026,3586.840000
08/05/2026,3588.380000
08/06/2026,3589.520000
08/07/2026,3592.940000
08/10/2026,3594.670000
08/11/2026,3595.040000
08/12/2026,3596.960000
08/13/2026,3598.160000
08/14/2026,3598.950000
08/17/2026,3600.150000
08/18/2026,3600.340000
08/19/2026,3601.070000
08/20/2026,3601.580000
08/21/2026,3599.650000
08/24/2026,3597.850000
08/25/2026,3604.230000
08/26/2026,3605.960000
08/27/2026,3618.460000
08/28/2026,3618.240000
08/31/2026,3616.880000
09/01/2026,3603.680000
09/02/2026,3614.680000
09/03/2026,3631.300000
09/04/2026,3628.800000
