date,adjClose,close,divCash,splitFactor
2007-01-03,98.8070558542,141.369995,0.0,1.0
2007-01-04,99.0167355191,141.669998,0.0,1.0
2007-01-05,98.2269465179,140.539993,0.0,1.0
2007-01-08,98.6812542058,141.190002,0.0,1.0
2007-01-09,98.5973866732,141.070007,0.0,1.0
2007-01-10,98.9258717449,141.539993,0.0,1.0
2007-01-11,99.3592130739,142.160004,0.0,1.0
2007-01-12,100.114053018,143.240005,0.0,1.0
2007-01-16,99.9183553523,142.960007,0.0,1.0
2007-01-17,99.9602887691,143.020004,0.0,1.0
2007-01-18,99.624796972,142.539993,0.0,1.0
2007-01-19,99.8205058205,142.820007,0.0,1.0
2007-01-22,99.5129773228,142.380005,0.0,1.0
2007-01-23,99.8065245203,142.800003,0.0,1.0
2007-01-24,100.6102843378,143.949997,0.0,1.0
2007-01-25,99.4290993063,142.259995,0.0,1.0
2007-01-26,99.338246016,142.130005,0.0,1.0
2007-01-29,99.2823306,142.050003,0.0,1.0
2007-01-30,99.7995282787,142.789993,0.0,1.0
2007-01-31,100.4705013892,143.75,0.0,1.0
2007-02-01,101.0715777834,144.610001,0.0,1.0
2007-02-02,101.211360732,144.809998,0.0,1.0
2007-02-05,101.2393233325,144.850006,0.0,1.0
2007-02-06,101.2672754491,144.889999,0.0,1.0
2007-02-07,101.4909371132,145.210007,0.0,1.0
2007-02-08,101.3581392233,145.020004,0.0,1.0
2007-02-09,100.6032985802,143.940002,0.0,1.0
2007-02-12,100.2608217243,143.449997,0.0,1.0
2007-02-13,101.1065261415,144.660004,0.0,1.0
2007-02-14,101.7705030104,145.610001,0.0,1.0
2007-02-15,101.9033002014,145.800003,0.0,1.0
2007-02-16,101.8543705431,145.729996,0.0,1.0
2007-02-20,102.0710352667,146.039993,0.0,1.0
2007-02-21,102.0291018498,145.979996,0.0,1.0
2007-02-22,101.9522193759,145.869995,0.0,1.0
2007-02-23,101.5538375879,145.300003,0.0,1.0
2007-02-26,101.4629738138,145.169998,0.0,1.0
2007-02-27,97.5000691742,139.5,0.0,1.0
2007-02-28,98.4995273564,140.929993,0.0,1.0
2007-03-01,98.2059801589,140.509995,0.0,1.0
2007-03-02,96.9199598379,138.669998,0.0,1.0
2007-03-05,95.9973841296,137.350006,0.0,1.0
2007-03-06,97.6398521228,139.699997,0.0,1.0
2007-03-07,97.54200329,139.559998,0.0,1.0
2007-03-08,98.3667399504,140.740005,0.0,1.0
2007-03-09,98.3946927659,140.779999,0.0,1.0
2007-03-12,98.5414712571,140.990005,0.0,1.0
2007-03-13,96.6264126404,138.25,0.0,1.0
2007-03-14,97.3463049253,139.279999,0.0,1.0
2007-03-15,97.4791021163,139.470001,0.0,1.0
2007-03-16,97.207407515,138.529999,0.55127,1.0
2007-03-19,98.3792560482,140.199997,0.0,1.0
2007-03-20,98.9195728976,140.970001,0.0,1.0
2007-03-21,100.5475264774,143.289993,0.0,1.0
2007-03-22,100.470338757,143.179993,0.0,1.0
2007-03-23,100.6177013425,143.389999,0.0,1.0
2007-03-26,100.4843756948,143.199997,0.0,1.0
2007-03-27,100.245798275,142.860001,0.0,1.0
2007-03-28,99.5160276744,141.820007,0.0,1.0
2007-03-29,99.6212794465,141.970001,0.0,1.0
2007-03-30,99.6423299413,142.0,0.0,1.0
2007-04-02,99.7546057959,142.160004,0.0,1.0
2007-04-03,100.8282154123,143.690002,0.0,1.0
2007-04-04,100.940491267,143.850006,0.0,1.0
2007-04-05,101.2141561193,144.240005,0.0,1.0
2007-04-09,101.354495324,144.440002,0.0,1.0
2007-04-10,101.4737847356,144.610001,0.0,1.0
2007-04-11,101.0597799769,144.020004,0.0,1.0
2007-04-12,101.5088721681,144.660004,0.0,1.0
2007-04-13,101.9720005955,145.320007,0.0,1.0
2007-04-16,102.9403486159,146.699997,0.0,1.0
2007-04-17,103.2140134683,147.089996,0.0,1.0
2007-04-18,103.3403262607,147.270004,0.0,1.0
2007-04-19,103.3122523851,147.229996,0.0,1.0
2007-04-20,104.2876237864,148.619995,0.0,1.0
2007-04-23,103.8946702241,148.059998,0.0,1.0
2007-04-24,103.9367705119,148.119995,0.0,1.0
2007-04-25,104.8910921201,149.479996,0.0,1.0
2007-04-26,105.01038083,149.649994,0.0,1.0
2007-04-27,104.9261795527,149.529999,0.0,1.0
2007-04-30,104.0560592218,148.289993,0.0,1.0
2007-05-01,104.3227112189,148.669998,0.0,1.0
2007-05-02,104.9331924079,149.539993,0.0,1.0
2007-05-03,105.5015838347,150.350006,0.0,1.0
2007-05-04,105.9015509539,150.919998,0.0,1.0
2007-05-07,105.9226014487,150.949997,0.0,1.0
2007-05-08,105.782262244,150.75,0.0,1.0
2007-05-09,106.0699647359,151.160004,0.0,1.0
2007-05-10,104.9612669852,149.580002,0.0,1.0
2007-05-11,105.8594506661,150.860001,0.0,1.0
2007-05-14,105.6278861015,150.529999,0.0,1.0
2007-05-15,105.6559599772,150.570007,0.0,1.0
2007-05-16,106.3787170208,151.600006,0.0,1.0
2007-05-17,106.168202951,151.300003,0.0,1.0
2007-05-18,107.0944499819,152.619995,0.0,1.0
2007-05-21,107.0383120546,152.539993,0.0,1.0
2007-05-22,106.9541107772,152.419998,0.0,1.0
2007-05-23,106.968147715,152.440002,0.0,1.0
2007-05-24,105.9997898707,151.059998,0.0,1.0
2007-05-25,106.4418678034,151.690002,0.0,1.0
2007-05-29,106.8278085104,152.240005,0.0,1.0
2007-05-30,107.6979183156,153.479996,0.0,1.0
2007-05-31,107.5856529866,153.320007,0.0,1.0
2007-06-01,108.1189464552,154.080002,0.0,1.0
2007-06-04,108.132983393,154.100006,0.0,1.0
2007-06-05,107.7049416965,153.490005,0.0,1.0
2007-06-06,106.5471195755,151.839996,0.0,1.0
2007-06-07,104.6244506486,149.100006,0.0,1.0
2007-06-08,105.9857522312,151.039993,0.0,1.0
2007-06-11,106.168202951,151.300003,0.0,1.0
2007-06-12,105.01038083,149.649994,0.0,1.0
2007-06-13,106.582207008,151.889999,0.0,1.0
2007-06-14,107.2628637639,152.860001,0.0,1.0
2007-06-15,107.8702651628,153.070007,0.6556,1.0
2007-06-18,107.7434113717,152.889999,0.0,1.0
2007-06-19,108.0112054413,153.270004,0.0,1.0
2007-06-20,106.5101654358,151.139999,0.0,1.0
2007-06-21,107.1021213709,151.979996,0.0,1.0
2007-06-22,106.0943881963,150.550003,0.0,1.0
2007-06-25,105.586994878,149.830002,0.0,1.0
2007-06-26,104.501732112,148.289993,0.0,1.0
2007-06-27,105.9886750594,150.399994,0.0,1.0
2007-06-28,105.974588572,150.380005,0.0,1.0
2007-06-29,106.0098157136,150.429993,0.0,1.0
2007-07-02,106.9682239838,151.789993,0.0,1.0
2007-07-03,107.3558176777,152.339996,0.0,1.0
2007-07-05,107.2430616495,152.179993,0.0,1.0
2007-07-06,107.8068333343,152.979996,0.0,1.0
2007-07-09,107.891405817,153.100006,0.0,1.0
2007-07-10,106.3551280992,150.919998,0.0,1.0
2007-07-11,107.109174833,151.990005,0.0,1.0
2007-07-12,108.8004793167,154.389999,0.0,1.0
2007-07-13,109.1246517529,154.850006,0.0,1.0
2007-07-16,109.1105546947,154.830002,0.0,1.0
2007-07-17,109.0541763282,154.75,0.0,1.0
2007-07-18,108.8568576832,154.470001,0.0,1.0
2007-07-19,109.2796890895,155.070007,0.0,1.0
2007-07-20,108.1732863741,153.5,0.0,1.0
2007-07-23,108.5045017015,153.970001,0.0,1.0
2007-07-24,106.6229221688,151.300003,0.0,1.0
2007-07-25,106.841381468,151.610001,0.0,1.0
2007-07-26,104.3114676338,148.020004,0.0,1.0
2007-07-27,102.2607537063,145.110001,0.0,1.0
2007-07-30,103.8604526819,147.380005,0.0,1.0
2007-07-31,102.6906280039,145.720001,0.0,1.0
2007-08-01,103.1909678602,146.429993,0.0,1.0
2007-08-02,104.0154900186,147.600006,0.0,1.0
2007-08-03,101.3375824437,143.800003,0.0,1.0
2007-08-06,103.0359410942,146.210007,0.0,1.0
2007-08-07,104.1352896429,147.770004,0.0,1.0
2007-08-08,105.586994878,149.830002,0.0,1.0
2007-08-09,102.4580716466,145.389999,0.0,1.0
2007-08-10,101.9788731492,144.710007,0.0,1.0
2007-08-13,102.3453156183,145.229996,0.0,1.0
2007-08-14,100.780854355,143.009995,0.0,1.0
2007-08-15,99.3925703778,141.039993,0.0,1.0
2007-08-16,100.1395742202,142.100006,0.0,1.0
2007-08-17,101.9788731492,144.710007,0.0,1.0
2007-08-20,101.9295376741,144.639999,0.0,1.0
2007-08-21,102.1338999152,144.929993,0.0,1.0
2007-08-22,103.3460051968,146.649994,0.0,1.0
2007-08-23,103.2543996887,146.520004,0.0,1.0
2007-08-24,104.529926933,148.330002,0.0,1.0
2007-08-27,103.5574209,146.949997,0.0,1.0
2007-08-28,101.2812040772,143.720001,0.0,1.0
2007-08-29,103.2684861762,146.539993,0.0,1.0
2007-08-30,102.9936492152,146.149994,0.0,1.0
2007-08-31,104.0084358518,147.589996,0.0,1.0
2007-09-04,105.0584609055,149.080002,0.0,1.0
2007-09-05,104.1493761304,147.789993,0.0,1.0
2007-09-06,104.3889866544,148.130005,0.0,1.0
2007-09-07,102.9372814194,146.070007,0.0,1.0
2007-09-10,102.7399522037,145.789993,0.0,1.0
2007-09-11,103.9379709979,147.490005,0.0,1.0
2007-09-12,104.2057544968,147.869995,0.0,1.0
2007-09-13,104.9386612811,148.910004,0.0,1.0
2007-09-14,104.9316071144,148.899994,0.0,1.0
2007-09-17,104.3678460002,148.100006,0.0,1.0
2007-09-18,107.4403908652,152.460007,0.0,1.0
2007-09-19,108.0746274039,153.360001,0.0,1.0
2007-09-20,107.3135370741,152.279999,0.0,1.0
2007-09-21,107.6015683571,151.970001,0.71872,1.0
2007-09-24,107.4033165223,151.690002,0.0,1.0
2007-09-25,107.1909009594,151.389999,0.0,1.0
2007-09-26,107.7573389203,152.190002,0.0,1.0
2007-09-27,108.3945749885,153.089996,0.0,1.0
2007-09-28,108.0334763908,152.580002,0.0,1.0
2007-10-01,109.2513141479,154.300003,0.0,1.0
2007-10-02,109.1026197845,154.089996,0.0,1.0
2007-10-03,108.8831280218,153.779999,0.0,1.0
2007-10-04,109.0530623131,154.020004,0.0,1.0
2007-10-05,110.3487857059,155.850006,0.0,1.0
2007-10-08,109.7611071091,155.020004,0.0,1.0
2007-10-09,110.7948468469,156.479996,0.0,1.0
2007-10-10,110.6107587402,156.220001,0.0,1.0
2007-10-11,110.0797251432,155.470001,0.0,1.0
2007-10-12,110.6886443758,156.330002,0.0,1.0
2007-10-15,109.7540202887,155.009995,0.0,1.0
2007-10-16,108.8831280218,153.779999,0.0,1.0
2007-10-17,109.215909784,154.25,0.0,1.0
2007-10-18,108.8194061143,153.690002,0.0,1.0
2007-10-19,105.9730632022,149.669998,0.0,1.0
2007-10-22,106.5890586345,150.539993,0.0,1.0
2007-10-23,107.4528747017,151.759995,0.0,1.0
2007-10-24,107.2546228669,151.479996,0.0,1.0
2007-10-25,107.5095189934,151.839996,0.0,1.0
2007-10-26,108.7698380223,153.619995,0.0,1.0
2007-10-29,109.1309479487,154.130005,0.0,1.0
2007-10-30,108.3733350607,153.059998,0.0,1.0
2007-10-31,109.4991234541,154.649994,0.0,1.0
2007-11-01,106.9360048328,151.029999,0.0,1.0
2007-11-02,107.056371032,151.199997,0.0,1.0
2007-11-05,106.2421237649,150.050003,0.0,1.0
2007-11-06,107.672377085,152.070007,0.0,1.0
2007-11-07,104.7269086095,147.910004,0.0,1.0
2007-11-08,104.1958750125,147.160004,0.0,1.0
2007-11-09,102.7656209843,145.139999,0.0,1.0
2007-11-12,101.746035062,143.699997,0.0,1.0
2007-11-13,104.8472748087,148.080002,0.0,1.0
2007-11-14,104.5569736102,147.669998,0.0,1.0
2007-11-15,103.0488346545,145.539993,0.0,1.0
2007-11-16,103.2258458535,145.789993,0.0,1.0
2007-11-19,101.7885163337,143.759995,0.0,1.0
2007-11-20,102.4115985863,144.639999,0.0,1.0
2007-11-21,100.3157817419,141.679993,0.0,1.0
2007-11-23,102.0504999886,144.130005,0.0,1.0
2007-11-26,99.798911873,140.949997,0.0,1.0
2007-11-27,100.945951523,142.570007,0.0,1.0
2007-11-28,104.1746343767,147.130005,0.0,1.0
2007-11-29,104.2100281199,147.179993,0.0,1.0
2007-11-30,105.2579422065,148.660004,0.0,1.0
2007-12-03,104.5640505179,147.679993,0.0,1.0
2007-12-04,103.6294370516,146.360001,0.0,1.0
2007-12-05,105.3641446776,148.809998,0.0,1.0
2007-12-06,106.8722829253,150.940002,0.0,1.0
2007-12-07,106.8510429975,150.910004,0.0,1.0
2007-12-10,107.6794539928,152.080002,0.0,1.0
2007-12-11,104.7269086095,147.910004,0.0,1.0
2007-12-12,105.7606476393,149.369995,0.0,1.0
2007-12-13,105.5411558766,149.059998,0.0,1.0
2007-12-14,104.2029512122,147.169998,0.0,1.0
2007-12-17,102.716063513,145.070007,0.0,1.0
2007-12-18,103.2895783816,145.880005,0.0,1.0
2007-12-19,103.2895783816,145.880005,0.0,1.0
2007-12-20,103.9409781779,146.800003,0.0,1.0
2007-12-21,105.4317041879,148.130005,0.77541,1.0
2007-12-24,106.2146240678,149.229996,0.0,1.0
2007-12-26,106.4423894241,149.550003,0.0,1.0
2007-12-27,105.104293668,147.669998,0.0,1.0
2007-12-28,104.8409492944,147.300003,0.0,1.0
2007-12-31,104.0651433674,146.210007,0.0,1.0
2008-01-02,103.1540919069,144.929993,0.0,1.0
2008-01-03,103.1042750191,144.860001,0.0,1.0
2008-01-04,100.5775562347,141.309998,0.0,1.0
2008-01-07,100.4921489415,141.190002,0.0,1.0
2008-01-08,98.8693577002,138.910004,0.0,1.0
2008-01-09,99.9085080008,140.369995,0.0,1.0
2008-01-10,100.5633176526,141.289993,0.0,1.0
2008-01-11,99.7519220319,140.149994,0.0,1.0
2008-01-14,100.5562044114,141.279999,0.0,1.0
2008-01-15,98.3426575648,138.169998,0.0,1.0
2008-01-16,97.4956722504,136.979996,0.0,1.0
2008-01-17,94.9689534661,133.429993,0.0,1.0
2008-01-18,93.9938579236,132.059998,0.0,1.0
2008-01-22,93.0401134927,130.720001,0.0,1.0
2008-01-23,95.2750121627,133.860001,0.0,1.0
2008-01-24,96.0792938304,134.990005,0.0,1.0
2008-01-25,94.6913705103,133.039993,0.0,1.0
2008-01-28,96.2572316226,135.240005,0.0,1.0
2008-01-29,96.7341041939,135.910004,0.0,1.0
2008-01-30,96.0223530251,134.910004,0.0,1.0
2008-01-31,97.7732544945,137.369995,0.0,1.0
2008-02-01,99.3462295597,139.580002,0.0,1.0
2008-02-04,98.0935510615,137.820007,0.0,1.0
2008-02-05,95.4671878252,134.130005,0.0,1.0
2008-02-06,94.6984951395,133.050003,0.0,1.0
2008-02-07,95.3248290505,133.929993,0.0,1.0
2008-02-08,94.7127330098,133.070007,0.0,1.0
2008-02-11,95.1967188223,133.75,0.0,1.0
2008-02-12,96.0792938304,134.990005,0.0,1.0
2008-02-13,97.0615033257,136.369995,0.0,1.0
2008-02-14,96.2074040585,135.169998,0.0,1.0
2008-02-15,96.1860522352,135.139999,0.0,1.0
2008-02-19,96.4565212381,135.520004,0.0,1.0
2008-02-20,96.7412174351,135.919998,0.0,1.0
2008-02-21,95.9369350556,134.789993,0.0,1.0
2008-02-22,96.5276899492,135.619995,0.0,1.0
2008-02-25,97.74478943,137.330002,0.0,1.0
2008-02-26,98.4778924221,138.360001,0.0,1.0
2008-02-27,98.3782472585,138.220001,0.0,1.0
2008-02-28,97.4173789101,136.869995,0.0,1.0
2008-02-29,95.2465463864,133.820007,0.0,1.0
2008-03-03,95.0187810301,133.5,0.0,1.0
2008-03-04,94.6557914928,132.990005,0.0,1.0
2008-03-05,95.2536603393,133.830002,0.0,1.0
2008-03-06,93.2821067549,131.059998,0.0,1.0
2008-03-07,92.3212490828,129.710007,0.0,1.0
2008-03-10,91.1041496019,128.0,0.0,1.0
2008-03-11,94.3782092488,132.600006,0.0,1.0
2008-03-12,93.4956342407,131.360001,0.0,1.0
2008-03-13,93.7020370974,131.649994,0.0,1.0
2008-03-14,92.2500696954,129.610001,0.0,1.0
2008-03-17,91.3176770878,128.300003,0.0,1.0
2008-03-18,95.1113122408,133.630005,0.0,1.0
2008-03-19,92.7554172957,130.320007,0.0,1.0
2008-03-20,94.4650044568,132.080002,0.64195,1.0
2008-03-24,96.3531594653,134.720001,0.0,1.0
2008-03-25,96.4461404065,134.850006,0.0,1.0
2008-03-26,95.2660366423,133.199997,0.0,1.0
2008-03-27,94.9656496621,132.779999,0.0,1.0
2008-03-28,94.0573294645,131.509995,0.0,1.0
2008-03-31,94.3863305864,131.970001,0.0,1.0
2008-04-01,97.704907313,136.610001,0.0,1.0
2008-04-02,97.7692733973,136.699997,0.0,1.0
2008-04-03,98.0124421069,137.039993,0.0,1.0
2008-04-04,97.9051648229,136.889999,0.0,1.0
2008-04-07,97.9552352797,136.960007,0.0,1.0
2008-04-08,97.8551058095,136.820007,0.0,1.0
2008-04-09,97.1470438371,135.830002,0.0,1.0
2008-04-10,97.2829352628,136.020004,0.0,1.0
2008-04-11,95.3947802543,133.380005,0.0,1.0
2008-04-14,95.0729269461,132.929993,0.0,1.0
2008-04-15,95.2946507841,133.240005,0.0,1.0
2008-04-16,97.8765614094,136.850006,0.0,1.0
2008-04-17,98.019601364,137.050003,0.0,1.0
2008-04-18,99.0423473746,138.479996,0.0,1.0
2008-04-21,99.0924171161,138.550003,0.0,1.0
2008-04-22,98.6561379951,137.940002,0.0,1.0
2008-04-23,98.4987909695,137.720001,0.0,1.0
2008-04-24,98.9279215616,138.320007,0.0,1.0
2008-04-25,99.8433902882,139.600006,0.0,1.0
2008-04-28,99.8648458881,139.630005,0.0,1.0
2008-04-29,99.4714779667,139.080002,0.0,1.0
2008-04-30,98.885000349,138.259995,0.0,1.0
2008-05-01,100.9305023831,141.119995,0.0,1.0
2008-05-02,101.2094344786,141.509995,0.0,1.0
2008-05-05,100.7230963441,140.830002,0.0,1.0
2008-05-06,101.5956538711,142.050003,0.0,1.0
2008-05-07,99.7861720177,139.520004,0.0,1.0
2008-05-08,99.5286962372,139.160004,0.0,1.0
2008-05-09,99.3427343547,138.899994,0.0,1.0
2008-05-12,100.4584720347,140.460007,0.0,1.0
2008-05-13,100.4727683774,140.479996,0.0,1.0
2008-05-14,100.6801851445,140.770004,0.0,1.0
2008-05-15,101.9389520509,142.529999,0.0,1.0
2008-05-16,102.0319329921,142.660004,0.0,1.0
2008-05-19,102.3108643725,143.050003,0.0,1.0
2008-05-20,101.48121733,141.889999,0.0,1.0
2008-05-21,99.7647164179,139.490005,0.0,1.0
2008-05-22,99.7790134758,139.509995,0.0,1.0
2008-05-23,98.441572699,137.639999,0.0,1.0
2008-05-27,99.1710909865,138.660004,0.0,1.0
2008-05-28,99.6288249922,139.300003,0.0,1.0
2008-05-29,100.1294701975,140.0,0.0,1.0
2008-05-30,100.3797981643,140.350006,0.0,1.0
2008-06-02,99.3427343547,138.899994,0.0,1.0
2008-06-03,98.763415279,138.089996,0.0,1.0
2008-06-04,98.7133562656,138.020004,0.0,1.0
2008-06-05,100.6873336734,140.779999,0.0,1.0
2008-06-06,97.4760342308,136.289993,0.0,1.0
2008-06-09,97.7120551267,136.619995,0.0,1.0
2008-06-10,97.2257169922,135.940002,0.0,1.0
2008-06-11,95.7952959894,133.940002,0.0,1.0
2008-06-12,96.1600497691,134.449997,0.0,1.0
2008-06-13,97.3759054758,136.149994,0.0,1.0
2008-06-16,97.4331237464,136.229996,0.0,1.0
2008-06-17,96.9610926828,135.570007,0.0,1.0
2008-06-18,96.0170098144,134.25,0.0,1.0
2008-06-19,96.1385941692,134.419998,0.0,1.0
2008-06-20,94.5860323778,131.580002,0.66922,1.0
2008-06-23,94.4925785326,131.449997,0.0,1.0
2008-06-24,94.3056816249,131.190002,0.0,1.0
2008-06-25,94.7513645618,131.809998,0.0,1.0
2008-06-26,92.1778869821,128.229996,0.0,1.0
2008-06-27,91.6746954796,127.529999,0.0,1.0
2008-06-30,91.998179993,127.980003,0.0,1.0
2008-07-01,92.2857206644,128.380005,0.0,1.0
2008-07-02,90.7042512846,126.18,0.0,1.0
2008-07-03,90.7977000979,126.309998,0.0,1.0
2008-07-07,89.8703853502,125.019997,0.0,1.0
2008-07-08,91.4662288163,127.239998,0.0,1.0
2008-07-09,89.7050531662,124.790001,0.0,1.0
2008-07-10,90.0716671269,125.300003,0.0,1.0
2008-07-11,89.0221438918,123.839996,0.0,1.0
2008-07-14,88.2170376316,122.720001,0.0,1.0
2008-07-15,86.9734282891,120.989998,0.0,1.0
2008-07-16,89.1084078185,123.959999,0.0,1.0
2008-07-17,89.9997780054,125.199997,0.0,1.0
2008-07-18,90.5604838243,125.980003,0.0,1.0
2008-07-21,90.6108031902,126.050003,0.0,1.0
2008-07-22,91.6387559508,127.480003,0.0,1.0
2008-07-23,92.1347575348,128.169998,0.0,1.0
2008-07-24,90.2226245058,125.510002,0.0,1.0
2008-07-25,90.2010597821,125.480003,0.0,1.0
2008-07-28,88.8783764315,123.639999,0.0,1.0
2008-07-29,90.7761353742,126.279999,0.0,1.0
2008-07-30,92.393543564,128.529999,0.0,1.0
2008-07-31,91.1715039771,126.830002,0.0,1.0
2008-08-01,90.6898771983,126.160004,0.0,1.0
2008-08-04,89.8488206265,124.989998,0.0,1.0
2008-08-05,92.2713408273,128.360001,0.0,1.0
2008-08-06,92.6810784846,128.929993,0.0,1.0
2008-08-07,91.3008966323,127.010002,0.0,1.0
2008-08-08,92.9973730795,129.369995,0.0,1.0
2008-08-11,93.9606381387,130.710007,0.0,1.0
2008-08-12,92.9830040251,129.350006,0.0,1.0
2008-08-13,92.4223032382,128.570007,0.0,1.0
2008-08-14,93.1195758161,129.539993,0.0,1.0
2008-08-15,93.5724537035,130.169998,0.0,1.0
2008-08-18,92.2929048322,128.389999,0.0,1.0
2008-08-19,91.2865167952,126.989998,0.0,1.0
2008-08-20,91.7106400404,127.580002,0.0,1.0
2008-08-21,91.8687873378,127.800003,0.0,1.0
2008-08-22,93.1986498242,129.649994,0.0,1.0
2008-08-25,91.3080815189,127.019997,0.0,1.0
2008-08-26,91.5740567478,127.389999,0.0,1.0
2008-08-27,92.4654326855,128.630005,0.0,1.0
2008-08-28,93.5868335406,130.190002,0.0,1.0
2008-08-29,92.5804397528,128.789993,0.0,1.0
2008-09-02,92.0053648796,127.989998,0.0,1.0
2008-09-03,91.9262908715,127.879997,0.0,1.0
2008-09-04,89.1587271844,124.029999,0.0,1.0
2008-09-05,89.4390772184,124.419998,0.0,1.0
2008-09-08,91.2865167952,126.989998,0.0,1.0
2008-09-09,88.5764616737,123.220001,0.0,1.0
2008-09-10,88.9358857159,123.720001,0.0,1.0
2008-09-11,90.2226245058,125.510002,0.0,1.0
2008-09-12,90.6395520816,126.089996,0.0,1.0
2008-09-15,86.3264635754,120.089996,0.0,1.0
2008-09-16,87.7713496627,122.099998,0.0,1.0
2008-09-17,83.8248758361,116.610001,0.0,1.0
2008-09-18,86.3120894892,120.07,0.0,1.0
2008-09-19,89.7200929058,124.120003,0.69092,1.0
2008-09-22,87.6888819521,121.309998,0.0,1.0
2008-09-23,85.6938207063,118.550003,0.0,1.0
2008-09-24,85.9685013808,118.93,0.0,1.0
2008-09-25,87.3130023354,120.790001,0.0,1.0
2008-09-26,87.3563711421,120.849998,0.0,1.0
2008-09-29,80.5109848304,111.379997,0.0,1.0
2008-09-30,83.8433221493,115.989998,0.0,1.0
2008-10-01,83.8939216204,116.059998,0.0,1.0
2008-10-02,80.8507248592,111.849998,0.0,1.0
2008-10-03,79.7592205371,110.339996,0.0,1.0
2008-10-06,75.6968094725,104.720001,0.0,1.0
2008-10-07,72.3066434638,100.029999,0.0,1.0
2008-10-08,70.4850646731,97.510002,0.0,1.0
2008-10-09,65.5624553715,90.699997,0.0,1.0
2008-10-10,63.9721884487,88.5,0.0,1.0
2008-10-13,73.2608041958,101.349998,0.0,1.0
2008-10-14,72.1765298153,99.849998,0.0,1.0
2008-10-15,65.0709176523,90.019997,0.0,1.0
2008-10-16,67.7816036035,93.769997,0.0,1.0
2008-10-17,67.3768092805,93.209999,0.0,1.0
2008-10-20,71.4247662448,98.809998,0.0,1.0
2008-10-21,69.2923621318,95.860001,0.0,1.0
2008-10-22,65.519085842,90.639999,0.0,1.0
2008-10-23,66.2780800769,91.690002,0.0,1.0
2008-10-24,62.9168287745,87.040001,0.0,1.0
2008-10-27,60.6832206593,83.949997,0.0,1.0
2008-10-28,67.7743787219,93.760002,0.0,1.0
2008-10-29,67.2828410028,93.080002,0.0,1.0
2008-10-30,69.6104173957,96.300003,0.0,1.0
2008-10-31,69.993526954,96.830002,0.0,1.0
2008-11-03,70.1959241155,97.110001,0.0,1.0
2008-11-04,72.5813299211,100.410004,0.0,1.0
2008-11-05,69.5309032183,96.190002,0.0,1.0
2008-11-06,65.6781141968,90.860001,0.0,1.0
2008-11-07,67.8466629578,93.860001,0.0,1.0
2008-11-10,66.9575550744,92.629997,0.0,1.0
2008-11-11,64.8902052556,89.769997,0.0,1.0
2008-11-12,62.0349515555,85.82,0.0,1.0
2008-11-13,65.9021954002,91.169998,0.0,1.0
2008-11-14,62.6132333937,86.620003,0.0,1.0
2008-11-17,61.7819549229,85.470001,0.0,1.0
2008-11-18,62.9457434808,87.080002,0.0,1.0
2008-11-19,58.9122413397,81.5,0.0,1.0
2008-11-20,54.5389991699,75.449997,0.0,1.0
2008-11-21,57.4809969889,79.519997,0.0,1.0
2008-11-24,61.4638996589,85.029999,0.0,1.0
2008-11-25,61.919298513,85.660004,0.0,1.0
2008-11-26,64.3119284774,88.970001,0.0,1.0
2008-11-28,65.1215164006,90.089996,0.0,1.0
2008-12-01,59.3531803106,82.110001,0.0,1.0
2008-12-02,61.6373821141,85.269997,0.0,1.0
2008-12-03,63.119225936,87.32,0.0,1.0
2008-12-04,61.6590719388,85.300003,0.0,1.0
2008-12-05,63.5601641841,87.93,0.0,1.0
2008-12-08,65.7793124161,91.0,0.0,1.0
2008-12-09,64.6950380356,89.5,0.0,1.0
2008-12-10,65.1359770066,90.110001,0.0,1.0
2008-12-11,63.5673941256,87.940002,0.0,1.0
2008-12-12,64.3263833006,88.989998,0.0,1.0
2008-12-15,63.4300512584,87.75,0.0,1.0
2008-12-16,66.4154178841,91.879997,0.0,1.0
2008-12-17,65.7720824746,90.989998,0.0,1.0
2008-12-18,64.5432403452,89.290001,0.0,1.0
2008-12-19,64.2680811443,88.190002,0.71934,1.0
2008-12-22,63.4445956344,87.059998,0.0,1.0
2008-12-23,62.7887289136,86.160004,0.0,1.0
2008-12-24,63.1531017432,86.660004,0.0,1.0
2008-12-26,63.5174745728,87.160004,0.0,1.0
2008-12-29,63.335288158,86.910004,0.0,1.0
2008-12-30,64.8365020297,88.970001,0.0,1.0
2008-12-31,65.7620068307,90.239998,0.0,1.0
2009-01-02,67.7441957525,92.959999,0.0,1.0
2009-01-05,67.6640330013,92.849998,0.0,1.0
2009-01-06,68.1158574962,93.470001,0.0,1.0
2009-01-07,66.0753674642,90.669998,0.0,1.0
2009-01-08,66.3450055443,91.040001,0.0,1.0
2009-01-09,64.9239478651,89.089996,0.0,1.0
2009-01-12,63.3644328831,86.949997,0.0,1.0
2009-01-13,63.4810351036,87.110001,0.0,1.0
2009-01-14,61.4842734548,84.370003,0.0,1.0
2009-01-15,61.5061350958,84.400002,0.0,1.0
2009-01-16,61.9871043159,85.059998,0.0,1.0
2009-01-20,58.7150377635,80.57,0.0,1.0
2009-01-21,61.2510748439,84.050003,0.0,1.0
2009-01-22,60.3037033006,82.75,0.0,1.0
2009-01-23,60.5660524667,83.110001,0.0,1.0
2009-01-26,60.9814367637,83.68,0.0,1.0
2009-01-27,61.6008698453,84.529999,0.0,1.0
2009-01-28,63.6850824307,87.389999,0.0,1.0
2009-01-29,61.6154476735,84.550003,0.0,1.0
2009-01-30,60.3620044109,82.830002,0.0,1.0
2009-02-02,60.1798179961,82.580002,0.0,1.0
2009-02-03,61.0251600458,83.739998,0.0,1.0
2009-02-04,60.7263772405,83.330002,0.0,1.0
2009-02-05,61.6300204004,84.57,0.0,1.0
2009-02-06,63.3862996254,86.980003,0.0,1.0
2009-02-09,63.4737454608,87.099998,0.0,1.0
2009-02-10,60.5660524667,83.110001,0.0,1.0
2009-02-11,60.9231356535,83.599998,0.0,1.0
2009-02-12,60.9668647655,83.660004,0.0,1.0
2009-02-13,60.3109922147,82.760002,0.0,1.0
2009-02-17,57.7312318523,79.220001,0.0,1.0
2009-02-18,57.5927687196,79.029999,0.0,1.0
2009-02-19,56.973335638,78.18,0.0,1.0
2009-02-20,56.4194874795,77.419998,0.0,1.0
2009-02-23,54.4008649184,74.650002,0.0,1.0
2009-02-24,56.4632158628,77.480003,0.0,1.0
2009-02-25,56.0186810106,76.870003,0.0,1.0
2009-02-26,55.1077489366,75.620003,0.0,1.0
2009-02-27,53.8761665863,73.93,0.0,1.0
2009-03-02,51.4494420836,70.599998,0.0,1.0
2009-03-03,51.0632083417,70.07,0.0,1.0
2009-03-04,52.2729283222,71.730003,0.0,1.0
2009-03-05,50.1377035407,68.800003,0.0,1.0
2009-03-06,50.2251493761,68.919998,0.0,1.0
2009-03-09,49.6348675784,68.110001,0.0,1.0
2009-03-10,52.5935727686,72.169998,0.0,1.0
2009-03-11,52.9360839572,72.639999,0.0,1.0
2009-03-12,55.0202972713,75.5,0.0,1.0
2009-03-13,55.4502542952,76.089996,0.0,1.0
2009-03-16,55.2826464373,75.860001,0.0,1.0
2009-03-17,56.973335638,78.18,0.0,1.0
2009-03-18,58.2486405416,79.93,0.0,1.0
2009-03-19,57.5271837965,78.940002,0.0,1.0
2009-03-20,56.3112184656,76.709999,0.56143,1.0
2009-03-23,60.3559965964,82.220001,0.0,1.0
2009-03-24,59.1667860106,80.599998,0.0,1.0
2009-03-25,59.7907526383,81.449997,0.0,1.0
2009-03-26,61.0093271281,83.110001,0.0,1.0
2009-03-27,59.9082082545,81.610001,0.0,1.0
2009-03-30,57.838104772,78.790001,0.0,1.0
2009-03-31,58.3739796875,79.519997,0.0,1.0
2009-04-01,59.5044624652,81.059998,0.0,1.0
2009-04-02,61.2442317538,83.43,0.0,1.0
2009-04-03,61.8535189987,84.260002,0.0,1.0
2009-04-06,61.369023758,83.599998,0.0,1.0
2009-04-07,59.9375721585,81.650002,0.0,1.0
2009-04-08,60.5835596955,82.529999,0.0,1.0
2009-04-09,62.9913388985,85.809998,0.0,1.0
2009-04-13,63.0060234198,85.830002,0.0,1.0
2009-04-14,61.9195831948,84.349998,0.0,1.0
2009-04-15,62.5802559872,85.25,0.0,1.0
2009-04-16,63.4978550486,86.5,0.0,1.0
2009-04-17,63.9236224812,87.080002,0.0,1.0
2009-04-20,61.2442317538,83.43,0.0,1.0
2009-04-21,62.4407794617,85.059998,0.0,1.0
2009-04-22,62.0590604544,84.540001,0.0,1.0
2009-04-23,62.6683476993,85.370003,0.0,1.0
2009-04-24,63.6153106647,86.660004,0.0,1.0
2009-04-27,63.0133598078,85.839996,0.0,1.0
2009-04-28,62.8151613469,85.57,0.0,1.0
2009-04-29,64.1511848462,87.389999,0.0,1.0
2009-04-30,64.1732064896,87.419998,0.0,1.0
2009-05-01,64.5182244708,87.889999,0.0,1.0
2009-05-04,66.7131199575,90.879997,0.0,1.0
2009-05-05,66.4855575925,90.57,0.0,1.0
2009-05-06,67.6380612795,92.139999,0.0,1.0
2009-05-07,66.6984413088,90.860001,0.0,1.0
2009-05-08,68.2546907851,92.980003,0.0,1.0
2009-05-11,66.9773892212,91.239998,0.0,1.0
2009-05-12,66.7791900262,90.970001,0.0,1.0
2009-05-13,65.0981478116,88.68,0.0,1.0
2009-05-14,65.6560495091,89.440002,0.0,1.0
2009-05-15,65.120169455,88.709999,0.0,1.0
2009-05-18,66.9700520991,91.230003,0.0,1.0
2009-05-19,66.8893033817,91.120003,0.0,1.0
2009-05-20,66.4415143057,90.510002,0.0,1.0
2009-05-21,65.4872090796,89.209999,0.0,1.0
2009-05-22,65.3477325541,89.019997,0.0,1.0
2009-05-26,67.0214376466,91.300003,0.0,1.0
2009-05-27,65.8248848001,89.669998,0.0,1.0
2009-05-28,66.7424838615,90.919998,0.0,1.0
2009-05-29,67.9243521867,92.529999,0.0,1.0
2009-06-01,69.5686882365,94.769997,0.0,1.0
2009-06-02,69.6274153105,94.849998,0.0,1.0
2009-06-03,68.7465231479,93.650002,0.0,1.0
2009-06-04,69.3925106849,94.529999,0.0,1.0
2009-06-05,69.4071952062,94.550003,0.0,1.0
2009-06-08,69.1209050331,94.160004,0.0,1.0
2009-06-09,69.4732594023,94.639999,0.0,1.0
2009-06-10,69.2970825848,94.400002,0.0,1.0
2009-06-11,69.6053944012,94.82,0.0,1.0
2009-06-12,69.7962564741,95.080002,0.0,1.0
2009-06-15,68.1959637111,92.900002,0.0,1.0
2009-06-16,67.271021655,91.639999,0.0,1.0
2009-06-17,67.2049574588,91.550003,0.0,1.0
2009-06-18,67.6967890876,92.220001,0.0,1.0
2009-06-19,67.9450473489,92.040001,0.51819,1.0
2009-06-22,65.9075803287,89.279999,0.0,1.0
2009-06-23,65.9592544412,89.349998,0.0,1.0
2009-06-24,66.5276814905,90.120003,0.0,1.0
2009-06-25,67.9745765732,92.080002,0.0,1.0
2009-06-26,67.7974012271,91.839996,0.0,1.0
2009-06-29,68.4322644173,92.699997,0.0,1.0
2009-06-30,67.8786053022,91.949997,0.0,1.0
2009-07-01,68.1591296116,92.330002,0.0,1.0
2009-07-02,66.2988320319,89.809998,0.0,1.0
2009-07-06,66.2914536014,89.800003,0.0,1.0
2009-07-07,65.0069607632,88.059998,0.0,1.0
2009-07-08,64.9626695104,88.0,0.0,1.0
2009-07-09,65.0881641001,88.169998,0.0,1.0
2009-07-10,64.933140286,87.959999,0.0,1.0
2009-07-13,66.5129135564,90.099998,0.0,1.0
2009-07-14,66.8894039693,90.610001,0.0,1.0
2009-07-15,68.8456669144,93.260002,0.0,1.0
2009-07-16,68.7349343531,93.110001,0.0,1.0
2009-07-17,69.4879077969,94.129997,0.0,1.0
2009-07-20,70.2261199504,95.129997,0.0,1.0
2009-07-21,70.5509355126,95.57,0.0,1.0
2009-07-22,70.5361734842,95.550003,0.0,1.0
2009-07-23,72.0938018663,97.660004,0.0,1.0
2009-07-24,72.3890822985,98.059998,0.0,1.0
2009-07-27,72.603163823,98.349998,0.0,1.0
2009-07-28,72.2635869706,97.889999,0.0,1.0
2009-07-29,72.0864182684,97.650002,0.0,1.0
2009-07-30,72.8393917121,98.669998,0.0,1.0
2009-07-31,72.9427414136,98.809998,0.0,1.0
2009-08-03,74.1460287003,100.44,0.0,1.0
2009-08-04,74.3379638602,100.7,0.0,1.0
2009-08-05,74.1238823357,100.41,0.0,1.0
2009-08-06,73.7400120158,99.89,0.0,1.0
2009-08-07,74.707069937,101.2,0.0,1.0
2009-08-10,74.5520453847,100.99,0.0,1.0
2009-08-11,73.6218980713,99.73,0.0,1.0
2009-08-12,74.4117850755,100.8,0.0,1.0
2009-08-13,74.9802084338,101.57,0.0,1.0
2009-08-14,74.404402954,100.79,0.0,1.0
2009-08-17,72.5736368133,98.31,0.0,1.0
2009-08-18,73.149442293,99.09,0.0,1.0
2009-08-19,73.7916868666,99.96,0.0,1.0
2009-08-20,74.5520453847,100.99,0.0,1.0
2009-08-21,76.0137054487,102.97,0.0,1.0
2009-08-24,76.0063233272,102.96,0.0,1.0
2009-08-25,76.1539657579,103.16,0.0,1.0
2009-08-26,76.1613478794,103.17,0.0,1.0
2009-08-27,76.3311366747,103.4,0.0,1.0
2009-08-28,76.3163724316,103.38,0.0,1.0
2009-08-31,75.6372172504,102.46,0.0,1.0
2009-09-01,73.9688577834,100.2,0.0,1.0
2009-09-02,73.6883371651,99.82,0.0,1.0
2009-09-03,74.3010532525,100.65,0.0,1.0
2009-09-04,75.341932389,102.06,0.0,1.0
2009-09-08,75.9915590841,102.94,0.0,1.0
2009-09-09,76.5747466854,103.73,0.0,1.0
2009-09-10,77.3572515681,104.79,0.0,1.0
2009-09-11,77.342487325,104.77,0.0,1.0
2009-09-14,77.7189755233,105.28,0.0,1.0
2009-09-15,78.0437888709,105.72,0.0,1.0
2009-09-16,79.2249283165,107.32,0.0,1.0
2009-09-17,79.106814372,107.16,0.0,1.0
2009-09-18,79.1572564084,106.72,0.50833,1.0
2009-09-21,78.9569897365,106.45,0.0,1.0
2009-09-22,79.4168613535,107.07,0.0,1.0
2009-09-23,78.7567230645,106.18,0.0,1.0
2009-09-24,77.8889008194,105.01,0.0,1.0
2009-09-25,77.4735329072,104.45,0.0,1.0
2009-09-28,78.8605650426,106.32,0.0,1.0
2009-09-29,78.6232119499,106.0,0.0,1.0
2009-09-30,78.3191032999,105.59,0.0,1.0
2009-10-01,76.3757748536,102.97,0.0,1.0
2009-10-02,76.0197452146,102.49,0.0,1.0
2009-10-05,77.1545896889,104.02,0.0,1.0
2009-10-06,78.2597650267,105.51,0.0,1.0
2009-10-07,78.474866267,105.8,0.0,1.0
2009-10-08,79.0756662828,106.61,0.0,1.0
2009-10-09,79.5577897523,107.26,0.0,1.0
2009-10-12,79.8693156865,107.68,0.0,1.0
2009-10-13,79.7061354352,107.46,0.0,1.0
2009-10-14,81.0783330023,109.31,0.0,1.0
2009-10-15,81.3750243681,109.71,0.0,1.0
2009-10-16,80.7668070682,108.89,0.0,1.0
2009-10-19,81.4343626413,109.79,0.0,1.0
2009-10-20,81.0041601608,109.21,0.0,1.0
2009-10-21,80.2772663145,108.23,0.0,1.0
2009-10-22,81.0931675706,109.33,0.0,1.0
2009-10-23,80.1660070523,108.08,0.0,1.0
2009-10-26,79.2981848072,106.91,0.0,1.0
2009-10-27,78.934737884,106.42,0.0,1.0
2009-10-28,77.4438637706,104.41,0.0,1.0
2009-10-29,79.1053354194,106.65,0.0,1.0
2009-10-30,76.8133946182,103.56,0.0,1.0
2009-11-02,77.3771082133,104.32,0.0,1.0
2009-11-03,77.6218785902,104.65,0.0,1.0
2009-11-04,77.8221452621,104.92,0.0,1.0
2009-11-05,79.2536811023,106.85,0.0,1.0
2009-11-06,79.4613650584,107.13,0.0,1.0
2009-11-09,81.2711823901,109.57,0.0,1.0
2009-11-10,81.2860169584,109.59,0.0,1.0
2009-11-11,81.7013848706,110.15,0.0,1.0
2009-11-12,80.8706490462,109.03,0.0,1.0
2009-11-13,81.3082688108,109.62,0.0,1.0
2009-11-16,82.4876169901,111.21,0.0,1.0
2009-11-17,82.584041684,111.34,0.0,1.0
2009-11-18,82.532120695,111.27,0.0,1.0
2009-11-19,81.4566144938,109.82,0.0,1.0
2009-11-20,81.1673404121,109.43,0.0,1.0
2009-11-23,82.1983429084,110.82,0.0,1.0
2009-11-24,82.3244367389,110.99,0.0,1.0
2009-11-25,82.6137108206,111.38,0.0,1.0
2009-11-27,81.2711823901,109.57,0.0,1.0
2009-11-30,81.5456219035,109.94,0.0,1.0
2009-12-01,82.5543725474,111.3,0.0,1.0
2009-12-02,82.5172861267,111.25,0.0,1.0
2009-12-03,81.8719824059,110.38,0.0,1.0
2009-12-04,82.3392713072,111.01,0.0,1.0
2009-12-07,82.2131774767,110.84,0.0,1.0
2009-12-08,81.3008515267,109.61,0.0,1.0
2009-12-09,81.6049601767,110.02,0.0,1.0
2009-12-10,82.0648317937,110.64,0.0,1.0
2009-12-11,82.4134441486,111.11,0.0,1.0
2009-12-14,82.9771577437,111.87,0.0,1.0
2009-12-15,82.5914589681,111.35,0.0,1.0
2009-12-16,82.7175527986,111.52,0.0,1.0
2009-12-17,81.723636723,110.18,0.0,1.0
2009-12-18,82.1836492685,110.21,0.59019,1.0
2009-12-21,83.0188337997,111.33,0.0,1.0
2009-12-22,83.3171139894,111.73,0.0,1.0
2009-12-23,83.4811680937,111.95,0.0,1.0
2009-12-24,83.8763893451,112.48,0.0,1.0
2009-12-28,84.0553574589,112.72,0.0,1.0
2009-12-29,83.936045383,112.56,0.0,1.0
2009-12-30,83.906217364,112.52,0.0,1.0
2009-12-31,83.1008608518,111.44,0.0,1.0
2010-01-04,84.5102347482,113.33,0.0,1.0
2010-01-05,84.7339448905,113.63,0.0,1.0
2010-01-06,84.7936009284,113.71,0.0,1.0
2010-01-07,85.151537156,114.19,0.0,1.0
2010-01-08,85.4349033363,114.57,0.0,1.0
2010-01-11,85.5542154121,114.73,0.0,1.0
2010-01-12,84.7563159047,113.66,0.0,1.0
2010-01-13,85.47218836,114.62,0.0,1.0
2010-01-14,85.703355507,114.93,0.0,1.0
2010-01-15,84.7414018952,113.64,0.0,1.0
2010-01-19,85.8002965687,115.06,0.0,1.0
2010-01-20,84.9278270138,113.89,0.0,1.0
2010-01-21,83.2947429751,111.7,0.0,1.0
2010-01-22,81.4379487942,109.21,0.0,1.0
2010-01-25,81.8555410598,109.77,0.0,1.0
2010-01-26,81.5125188416,109.31,0.0,1.0
2010-01-27,81.9002830883,109.83,0.0,1.0
2010-01-28,80.9607004907,108.57,0.0,1.0
2010-01-29,80.0807739311,107.39,0.0,1.0
2010-02-01,81.3260937231,109.06,0.0,1.0
2010-02-02,82.3104183491,110.38,0.0,1.0
2010-02-03,81.9002830883,109.83,0.0,1.0
2010-02-04,79.3723584805,106.44,0.0,1.0
2010-02-05,79.5364125848,106.66,0.0,1.0
2010-02-08,78.9622232197,105.89,0.0,1.0
2010-02-09,79.9540048504,107.22,0.0,1.0
2010-02-10,79.7974077508,107.01,0.0,1.0
2010-02-11,80.632592282,108.13,0.0,1.0
2010-02-12,80.5654792393,108.04,0.0,1.0
2010-02-16,81.8331700456,109.74,0.0,1.0
2010-02-17,82.2209342922,110.26,0.0,1.0
2010-02-18,82.7056396005,110.91,0.0,1.0
2010-02-19,82.8771507095,111.14,0.0,1.0
2010-02-22,82.892064719,111.16,0.0,1.0
2010-02-23,81.8853690788,109.81,0.0,1.0
2010-02-24,82.6385265578,110.82,0.0,1.0
2010-02-25,82.5266714866,110.67,0.0,1.0
2010-02-26,82.5788705198,110.74,0.0,1.0
2010-03-01,83.4364260652,111.89,0.0,1.0
2010-03-02,83.6675932123,112.2,0.0,1.0
2010-03-03,83.7421632597,112.3,0.0,1.0
2010-03-04,83.9957014209,112.64,0.0,1.0
2010-03-05,85.1962791845,114.25,0.0,1.0
2010-03-08,85.211193194,114.27,0.0,1.0
2010-03-09,85.3528762841,114.46,0.0,1.0
2010-03-10,85.733183526,114.97,0.0,1.0
2010-03-11,86.0911197536,115.45,0.0,1.0
2010-03-12,86.0985767584,115.46,0.0,1.0
2010-03-15,86.1209477726,115.49,0.0,1.0
2010-03-16,86.8069922089,116.41,0.0,1.0
2010-03-17,87.3215255361,117.1,0.0,1.0
2010-03-18,87.2767835077,117.04,0.0,1.0
2010-03-19,86.8371035941,115.97,0.48038,1.0
2010-03-22,87.3013530054,116.59,0.0,1.0
2010-03-23,87.9153602913,117.41,0.0,1.0
2010-03-24,87.4885503486,116.84,0.0,1.0
2010-03-25,87.3462803677,116.65,0.0,1.0
2010-03-26,87.2938651116,116.58,0.0,1.0
2010-03-29,87.8479692477,117.32,0.0,1.0
2010-03-30,87.9078723975,117.4,0.0,1.0
2010-03-31,87.6083566483,117.0,0.0,1.0
2010-04-01,88.2073881468,117.8,0.0,1.0
2010-04-05,88.9262259449,118.76,0.0,1.0
2010-04-06,89.1358869694,119.04,0.0,1.0
2010-04-07,88.6267101957,118.36,0.0,1.0
2010-04-08,88.9337138386,118.77,0.0,1.0
2010-04-09,89.5177695496,119.55,0.0,1.0
2010-04-12,89.6600395305,119.74,0.0,1.0
2010-04-13,89.7274305741,119.83,0.0,1.0
2010-04-14,90.7457841214,121.19,0.0,1.0
2010-04-15,90.8206630588,121.29,0.0,1.0
2010-04-16,89.3754995687,119.36,0.0,1.0
2010-04-19,89.7124547866,119.81,0.0,1.0
2010-04-20,90.5136594158,120.88,0.0,1.0
2010-04-21,90.3489257537,120.66,0.0,1.0
2010-04-22,90.618489928,121.02,0.0,1.0
2010-04-23,91.2100335327,121.81,0.0,1.0
2010-04-26,90.8655904211,121.35,0.0,1.0
2010-04-27,88.7165649204,118.48,0.0,1.0
2010-04-28,89.3904753562,119.38,0.0,1.0
2010-04-29,90.4986836283,120.86,0.0,1.0
2010-04-30,88.9636654136,118.81,0.0,1.0
2010-05-03,90.1168010481,120.35,0.0,1.0
2010-05-04,87.9977271223,117.52,0.0,1.0
2010-05-05,87.4735745612,116.82,0.0,1.0
2010-05-06,84.5682732913,112.940002,0.0,1.0
2010-05-07,83.3103056469,111.26,0.0,1.0
2010-05-10,86.9793735749,116.16,0.0,1.0
2010-05-11,86.7322730818,115.83,0.0,1.0
2010-05-12,87.9453118662,117.45,0.0,1.0
2010-05-13,86.8520793815,115.99,0.0,1.0
2010-05-14,85.2796216981,113.89,0.0,1.0
2010-05-17,85.3245490605,113.95,0.0,1.0
2010-05-18,84.1639255322,112.4,0.0,1.0
2010-05-19,83.6847003335,111.76,0.0,1.0
2010-05-20,80.5248091791,107.54,0.0,1.0
2010-05-21,81.7004084949,109.11,0.0,1.0
2010-05-24,80.6521033726,107.71,0.0,1.0
2010-05-25,80.7344702036,107.82,0.0,1.0
2010-05-26,80.2477571111,107.17,0.0,1.0
2010-05-27,82.9359109604,110.76,0.0,1.0
2010-05-28,81.8950937318,109.37,0.0,1.0
2010-06-01,80.5173212854,107.53,0.0,1.0
2010-06-02,82.61393153,110.33,0.0,1.0
2010-06-03,82.8984714918,110.71,0.0,1.0
2010-06-04,79.9856808305,106.82,0.0,1.0
2010-06-07,78.9897909644,105.49,0.0,1.0
2010-06-08,79.8359229559,106.62,0.0,1.0
2010-06-09,79.4091130133,106.05,0.0,1.0
2010-06-10,81.7303600698,109.15,0.0,1.0
2010-06-11,82.1272184375,109.68,0.0,1.0
2010-06-14,81.9999242441,109.51,0.0,1.0
2010-06-15,83.864409783,112.0,0.0,1.0
2010-06-16,83.8344582081,111.96,0.0,1.0
2010-06-17,83.9692402952,112.14,0.0,1.0
2010-06-18,84.0600534704,111.73,0.53128,1.0
2010-06-21,83.8193015048,111.41,0.0,1.0
2010-06-22,82.434977703,109.57,0.0,1.0
2010-06-23,82.1791787396,109.23,0.0,1.0
2010-06-24,80.8174254344,107.42,0.0,1.0
2010-06-25,81.155982886,107.87,0.0,1.0
2010-06-28,80.9001839226,107.53,0.0,1.0
2010-06-29,78.40238228,104.21,0.0,1.0
2010-06-30,77.6575558866,103.22,0.0,1.0
2010-07-01,77.3114749362,102.76,0.0,1.0
2010-07-02,76.8901589965,102.2,0.0,1.0
2010-07-06,77.3942334243,102.87,0.0,1.0
2010-07-07,79.8318470755,106.11,0.0,1.0
2010-07-08,80.6218144624,107.16,0.0,1.0
2010-07-09,81.2236943763,107.96,0.0,1.0
2010-07-12,81.2763588688,108.03,0.0,1.0
2010-07-13,82.5026891933,109.66,0.0,1.0
2010-07-14,82.4951656943,109.65,0.0,1.0
2010-07-15,82.5177361911,109.68,0.0,1.0
2010-07-16,80.2456395163,106.66,0.0,1.0
2010-07-19,80.7196199484,107.29,0.0,1.0
2010-07-20,81.6149163203,108.48,0.0,1.0
2010-07-21,80.5541029721,107.07,0.0,1.0
2010-07-22,82.3522192148,109.46,0.0,1.0
2010-07-23,83.0669516125,110.41,0.0,1.0
2010-07-26,83.9321539887,111.56,0.0,1.0
2010-07-27,83.9246304898,111.55,0.0,1.0
2010-07-28,83.3829385673,110.83,0.0,1.0
2010-07-29,82.9766696254,110.29,0.0,1.0
2010-07-30,82.9616226276,110.27,0.0,1.0
2010-08-02,84.8349738595,112.76,0.0,1.0
2010-08-03,84.4287049176,112.22,0.0,1.0
2010-08-04,84.9929673369,112.97,0.0,1.0
2010-08-05,84.9026853498,112.85,0.0,1.0
2010-08-06,84.5566043993,112.39,0.0,1.0
2010-08-09,85.0080143347,112.99,0.0,1.0
2010-08-10,84.5490809004,112.38,0.0,1.0
2010-08-11,82.231843232,109.3,0.0,1.0
2010-08-12,81.7277688042,108.63,0.0,1.0
2010-08-13,81.4870168386,108.31,0.0,1.0
2010-08-16,81.449399344,108.26,0.0,1.0
2010-08-17,82.4500247008,109.59,0.0,1.0
2010-08-18,82.6004946793,109.79,0.0,1.0
2010-08-19,81.1635063849,107.88,0.0,1.0
2010-08-20,80.9001839226,107.53,0.0,1.0
2010-08-23,80.5917204667,107.12,0.0,1.0
2010-08-24,79.3954841379,105.53,0.0,1.0
2010-08-25,79.7039475938,105.94,0.0,1.0
2010-08-26,79.1697791702,105.23,0.0,1.0
2010-08-27,80.3961094947,106.86,0.0,1.0
2010-08-30,79.2299671616,105.31,0.0,1.0
2010-08-31,79.2299671616,105.31,0.0,1.0
2010-09-01,81.5998693225,108.46,0.0,1.0
2010-09-02,82.3597427137,109.47,0.0,1.0
2010-09-03,83.4280795608,110.89,0.0,1.0
2010-09-07,82.4876421954,109.64,0.0,1.0
2010-09-08,83.0669516125,110.41,0.0,1.0
2010-09-09,83.4506500576,110.92,0.0,1.0
2010-09-10,83.8719659973,111.48,0.0,1.0
2010-09-13,84.8048798638,112.72,0.0,1.0
2010-09-14,84.7522153713,112.65,0.0,1.0
2010-09-15,85.075725825,113.08,0.0,1.0
2010-09-16,85.0531553283,113.05,0.0,1.0
2010-09-17,85.0848518292,112.49,0.60213,1.0
2010-09-20,86.3858203166,114.21,0.0,1.0
2010-09-21,86.2118536003,113.98,0.0,1.0
2010-09-22,85.7882824649,113.42,0.0,1.0
2010-09-23,85.0924155995,112.5,0.0,1.0
2010-09-24,86.8472103034,114.82,0.0,1.0
2010-09-27,86.4312029383,114.27,0.0,1.0
2010-09-28,86.7337537493,114.67,0.0,1.0
2010-09-29,86.5824783438,114.47,0.0,1.0
2010-09-30,86.3253101544,114.13,0.0,1.0
2010-10-01,86.6883711276,114.61,0.0,1.0
2010-10-04,86.037886884,113.75,0.0,1.0
2010-10-05,87.769990277,116.04,0.0,1.0
2010-10-06,87.7624265068,116.03,0.0,1.0
2010-10-07,87.6565337229,115.89,0.0,1.0
2010-10-08,88.1481787908,116.54,0.0,1.0
2010-10-11,88.2313802639,116.65,0.0,1.0
2010-10-12,88.5036759938,117.01,0.0,1.0
2010-10-13,89.1919790888,117.92,0.0,1.0
2010-10-14,88.8440456562,117.46,0.0,1.0
2010-10-15,89.0255761428,117.7,0.0,1.0
2010-10-18,89.4642748188,118.28,0.0,1.0
2010-10-19,88.2918904261,116.73,0.0,1.0
2010-10-20,89.1541602375,117.87,0.0,1.0
2010-10-21,89.3508182646,118.13,0.0,1.0
2010-10-22,89.5172212107,118.35,0.0,1.0
2010-10-25,89.7819531703,118.7,0.0,1.0
2010-10-26,89.7970807109,118.72,0.0,1.0
2010-10-27,89.5399125215,118.38,0.0,1.0
2010-10-28,89.5550400621,118.4,0.0,1.0
2010-10-29,89.6231139945,118.49,0.0,1.0
2010-11-01,89.6533690756,118.53,0.0,1.0
2010-11-02,90.3643634815,119.47,0.0,1.0
2010-11-03,90.7274244548,119.95,0.0,1.0
2010-11-04,92.4746553884,122.26,0.0,1.0
2010-11-05,92.8225888211,122.72,0.0,1.0
2010-11-08,92.6486221048,122.49,0.0,1.0
2010-11-09,91.9830103205,121.61,0.0,1.0
2010-11-10,92.353635064,122.1,0.0,1.0
2010-11-11,92.0057016313,121.64,0.0,1.0
2010-11-12,90.9165187117,120.2,0.0,1.0
2010-11-15,90.787934617,120.03,0.0,1.0
2010-11-16,89.3735095755,118.16,0.0,1.0
2010-11-17,89.4188921971,118.22,0.0,1.0
2010-11-18,90.734988225,119.96,0.0,1.0
2010-11-19,90.9845926441,120.29,0.0,1.0
2010-11-22,90.9089549414,120.19,0.0,1.0
2010-11-23,89.5928589134,118.45,0.0,1.0
2010-11-24,90.9165187117,120.2,0.0,1.0
2010-11-26,89.8575908731,118.8,0.0,1.0
2010-11-29,90.129886603,119.16,0.0,1.0
2010-11-30,89.6231139945,118.49,0.0,1.0
2010-12-01,91.529184104,121.01,0.0,1.0
2010-12-02,92.7015684967,122.56,0.0,1.0
2010-12-03,92.9511729158,122.89,0.0,1.0
2010-12-06,92.8528439022,122.76,0.0,1.0
2010-12-07,92.9057902941,122.83,0.0,1.0
2010-12-08,93.2461599565,123.28,0.0,1.0
2010-12-09,93.6092209297,123.76,0.0,1.0
2010-12-10,94.1538123896,124.48,0.0,1.0
2010-12-13,94.2143225518,124.56,0.0,1.0
2010-12-14,94.2975240248,124.67,0.0,1.0
2010-12-15,93.8663891191,124.1,0.0,1.0
2010-12-16,94.4109805789,124.82,0.0,1.0
2010-12-17,94.5113971931,124.3,0.65276,1.0
2010-12-20,94.7395019329,124.6,0.0,1.0
2010-12-21,95.3401777478,125.39,0.0,1.0
2010-12-22,95.6367139095,125.78,0.0,1.0
2010-12-23,95.4998510656,125.6,0.0,1.0
2010-12-27,95.5378685223,125.65,0.0,1.0
2010-12-28,95.6747313661,125.83,0.0,1.0
2010-12-29,95.7431627881,125.92,0.0,1.0
2010-12-30,95.5910929615,125.72,0.0,1.0
2010-12-31,95.6139034355,125.75,0.0,1.0
2011-01-03,96.602357308,127.05,0.0,1.0
2011-01-04,96.5491328687,126.98,0.0,1.0
2011-01-05,97.0509632963,127.64,0.0,1.0
2011-01-06,96.8608760131,127.39,0.0,1.0
2011-01-07,96.67078873,127.14,0.0,1.0
2011-01-10,96.5491328687,126.98,0.0,1.0
2011-01-11,96.8912899784,127.43,0.0,1.0
2011-01-12,97.765691481,128.58,0.0,1.0
2011-01-13,97.6060181632,128.37,0.0,1.0
2011-01-14,98.3131428566,129.3,0.0,1.0
2011-01-18,98.4804196658,129.52,0.0,1.0
2011-01-19,97.5147762672,128.25,0.0,1.0
2011-01-20,97.3855169147,128.08,0.0,1.0
2011-01-21,97.6060181632,128.37,0.0,1.0
2011-01-24,98.16107303,129.1,0.0,1.0
2011-01-25,98.2142974693,129.17,0.0,1.0
2011-01-26,98.5944720357,129.67,0.0,1.0
2011-01-27,98.8377837581,129.99,0.0,1.0
2011-01-28,97.1117912269,127.72,0.0,1.0
2011-01-31,97.8417263943,128.68,0.0,1.0
2011-02-01,99.4080456076,130.74,0.0,1.0
2011-02-02,99.2179583245,130.49,0.0,1.0
2011-02-03,99.4384595729,130.78,0.0,1.0
2011-02-04,99.719788752,131.15,0.0,1.0
2011-02-07,100.3432750408,131.97,0.0,1.0
2011-02-08,100.7994845205,132.57,0.0,1.0
2011-02-09,100.5713797806,132.27,0.0,1.0
2011-02-10,100.6093972373,132.32,0.0,1.0
2011-02-11,101.2100730521,133.11,0.0,1.0
2011-02-14,101.4533847746,133.43,0.0,1.0
2011-02-15,101.1340381388,133.01,0.0,1.0
2011-02-16,101.7727314103,133.85,0.0,1.0
2011-02-17,102.0768710634,134.25,0.0,1.0
2011-02-18,102.2897688205,134.53,0.0,1.0
2011-02-22,100.2368261623,131.83,0.0,1.0
2011-02-23,99.6209433648,131.02,0.0,1.0
2011-02-24,99.5525119428,130.93,0.0,1.0
2011-02-25,100.6170007286,132.33,0.0,1.0
2011-02-28,101.2404870174,133.15,0.0,1.0
2011-03-01,99.5525119428,130.93,0.0,1.0
2011-03-02,99.7654097,131.21,0.0,1.0
2011-03-03,101.4837987399,133.47,0.0,1.0
2011-03-04,100.7234496072,132.47,0.0,1.0
2011-03-07,99.9326865092,131.43,0.0,1.0
2011-03-08,100.8070880118,132.58,0.0,1.0
2011-03-09,100.6626216766,132.39,0.0,1.0
2011-03-10,98.7997663015,129.94,0.0,1.0
2011-03-11,99.4840805209,130.84,0.0,1.0
2011-03-14,98.8834047061,130.05,0.0,1.0
2011-03-15,97.7504844984,128.56,0.0,1.0
2011-03-16,95.9408535626,126.18,0.0,1.0
2011-03-17,97.2106366142,127.85,0.0,1.0
2011-03-18,97.5629215743,127.76,0.55332,1.0
2011-03-21,99.0749330389,129.74,0.0,1.0
2011-03-22,98.7312940697,129.29,0.0,1.0
2011-03-23,99.0138416666,129.66,0.0,1.0
2011-03-24,99.9607579374,130.9,0.0,1.0
2011-03-25,100.2662147989,131.3,0.0,1.0
2011-03-28,100.0218493097,130.98,0.0,1.0
2011-03-29,100.6938544051,131.86,0.0,1.0
2011-03-30,101.3887687651,132.77,0.0,1.0
2011-03-31,101.2513131774,132.59,0.0,1.0
2011-04-01,101.6789527835,133.15,0.0,1.0
2011-04-04,101.7629534204,133.26,0.0,1.0
2011-04-05,101.7476805774,133.24,0.0,1.0
2011-04-06,102.068410282,133.66,0.0,1.0
2011-04-07,101.8087719497,133.32,0.0,1.0
2011-04-08,101.4574965589,132.86,0.0,1.0
2011-04-11,101.1520396974,132.46,0.0,1.0
2011-04-12,100.3960339651,131.47,0.0,1.0
2011-04-13,100.3883975435,131.46,0.0,1.0
2011-04-14,100.4647617589,131.56,0.0,1.0
2011-04-15,100.8313099927,132.04,0.0,1.0
2011-04-18,99.7011196051,130.56,0.0,1.0
2011-04-19,100.2738512204,131.31,0.0,1.0
2011-04-20,101.6407706758,133.1,0.0,1.0
2011-04-21,102.1600473404,133.78,0.0,1.0
2011-04-25,102.0531374389,133.64,0.0,1.0
2011-04-26,102.9313259158,134.79,0.0,1.0
2011-04-27,103.6033310112,135.67,0.0,1.0
2011-04-28,103.9393335589,136.11,0.0,1.0
2011-04-29,104.1836990481,136.43,0.0,1.0
2011-05-02,104.0233341958,136.22,0.0,1.0
2011-05-03,103.6491495404,135.73,0.0,1.0
2011-05-04,102.961871602,134.83,0.0,1.0
2011-05-05,102.0302281743,133.61,0.0,1.0
2011-05-06,102.480777045,134.2,0.0,1.0
2011-05-09,102.877870965,134.72,0.0,1.0
2011-05-10,103.7560594419,135.87,0.0,1.0
2011-05-11,102.664051162,134.44,0.0,1.0
2011-05-12,103.1527821404,135.08,0.0,1.0
2011-05-13,102.3585943004,134.04,0.0,1.0
2011-05-16,101.7094984697,133.19,0.0,1.0
2011-05-17,101.6942256266,133.17,0.0,1.0
2011-05-18,102.6029597897,134.36,0.0,1.0
2011-05-19,102.8473252789,134.68,0.0,1.0
2011-05-20,102.0302281743,133.61,0.0,1.0
2011-05-23,100.8465828358,132.06,0.0,1.0
2011-05-24,100.7625821989,131.95,0.0,1.0
2011-05-25,101.0985847466,132.39,0.0,1.0
2011-05-26,101.5644064604,133.0,0.0,1.0
2011-05-27,101.9538639589,133.51,0.0,1.0
2011-05-31,103.0153265527,134.9,0.0,1.0
2011-06-01,100.7014908266,131.87,0.0,1.0
2011-06-02,100.5945809251,131.73,0.0,1.0
2011-06-03,99.5942097035,130.42,0.0,1.0
2011-06-06,98.5403835312,129.04,0.0,1.0
2011-06-07,98.4792921589,128.96,0.0,1.0
2011-06-08,98.0669253959,128.42,0.0,1.0
2011-06-09,98.8152947066,129.4,0.0,1.0
2011-06-10,97.4407388297,127.6,0.0,1.0
2011-06-13,97.5171030451,127.7,0.0,1.0
2011-06-14,98.7542033343,129.32,0.0,1.0
2011-06-15,96.9978263805,127.02,0.0,1.0
2011-06-16,97.2116461836,127.3,0.0,1.0
2011-06-17,97.5000127337,127.05,0.62762,1.0
2011-06-20,97.9988321613,127.7,0.0,1.0
2011-06-21,99.3418075433,129.45,0.0,1.0
2011-06-22,98.7432242302,128.67,0.0,1.0
2011-06-23,98.4592808637,128.3,0.0,1.0
2011-06-24,97.3158332527,126.81,0.0,1.0
2011-06-27,98.1830116423,127.94,0.0,1.0
2011-06-28,99.4645938639,129.61,0.0,1.0
2011-06-29,100.3164239634,130.72,0.0,1.0
2011-06-30,101.2756920934,131.97,0.0,1.0
2011-07-01,102.7721503762,133.92,0.0,1.0
2011-07-05,102.6877347808,133.81,0.0,1.0
2011-07-06,102.8105211014,133.97,0.0,1.0
2011-07-07,103.877227262,135.36,0.0,1.0
2011-07-08,103.1405093381,134.4,0.0,1.0
2011-07-11,101.2756920934,131.97,0.0,1.0
2011-07-12,100.8382658261,131.4,0.0,1.0
2011-07-13,101.1759282079,131.84,0.0,1.0
2011-07-14,100.4775810092,130.93,0.0,1.0
2011-07-15,101.0608160323,131.69,0.0,1.0
2011-07-18,100.2320083679,130.61,0.0,1.0
2011-07-19,101.8589271164,132.73,0.0,1.0
2011-07-20,101.7975339561,132.65,0.0,1.0
2011-07-21,103.2095766435,134.49,0.0,1.0
2011-07-22,103.2786439488,134.58,0.0,1.0
2011-07-25,102.7030830708,133.83,0.0,1.0
2011-07-26,102.3193758188,133.33,0.0,1.0
2011-07-27,100.2243342229,130.6,0.0,1.0
2011-07-28,99.9327167114,130.22,0.0,1.0
2011-07-29,99.2497178028,129.33,0.0,1.0
2011-08-01,98.8276398256,128.78,0.0,1.0
2011-08-02,96.3028461074,125.49,0.0,1.0
2011-08-03,96.8246879702,126.17,0.0,1.0
2011-08-04,92.2892682515,120.26,0.0,1.0
2011-08-05,92.1511336408,120.08,0.0,1.0
2011-08-08,86.1499522195,112.26,0.0,1.0
2011-08-09,90.1558559304,117.48,0.0,1.0
2011-08-10,86.1729746546,112.29,0.0,1.0
2011-08-11,90.0407437548,117.33,0.0,1.0
2011-08-12,90.6470012129,118.12,0.0,1.0
2011-08-15,92.5655374729,120.62,0.0,1.0
2011-08-16,91.7751005338,119.59,0.0,1.0
2011-08-17,91.8364936941,119.67,0.0,1.0
2011-08-18,87.8766348535,114.51,0.0,1.0
2011-08-19,86.441569731,112.64,0.0,1.0
2011-08-22,86.5106370364,112.73,0.0,1.0
2011-08-23,89.3577448462,116.44,0.0,1.0
2011-08-24,90.6163046328,118.08,0.0,1.0
2011-08-25,89.2349585256,116.28,0.0,1.0
2011-08-26,90.5318890373,117.97,0.0,1.0
2011-08-29,93.1334242059,121.36,0.0,1.0
2011-08-30,93.3789968472,121.68,0.0,1.0
2011-08-31,93.7934006794,122.22,0.0,1.0
2011-09-01,92.8111101142,120.94,0.0,1.0
2011-09-02,90.4397992969,117.85,0.0,1.0
2011-09-06,89.7798228234,116.99,0.0,1.0
2011-09-07,92.3122906866,120.29,0.0,1.0
2011-09-08,91.3530225566,119.04,0.0,1.0
2011-09-09,88.9586893041,115.92,0.0,1.0
2011-09-12,89.5342501821,116.67,0.0,1.0
2011-09-13,90.3553837014,117.74,0.0,1.0
2011-09-14,91.6062693429,119.37,0.0,1.0
2011-09-15,93.1871432212,121.43,0.0,1.0
2011-09-16,93.7358096435,121.52,0.62495446,1.0
2011-09-19,92.8024626252,120.31,0.0,1.0
2011-09-20,92.694472061,120.17,0.0,1.0
2011-09-21,89.9638535115,116.63,0.0,1.0
2011-09-22,87.0558218924,112.86,0.0,1.0
2011-09-23,87.5803474895,113.54,0.0,1.0
2011-09-26,89.6630226544,116.24,0.0,1.0
2011-09-27,90.6657921782,117.54,0.0,1.0
2011-09-28,88.814525365,115.14,0.0,1.0
2011-09-29,89.5164640317,116.05,0.0,1.0
2011-09-30,87.2795166323,113.15,0.0,1.0
2011-10-03,84.7957336579,109.93,0.0,1.0
2011-10-04,86.6547140829,112.34,0.0,1.0
2011-10-05,88.259145321,114.42,0.0,1.0
2011-10-06,89.8558629474,116.49,0.0,1.0
2011-10-07,89.2542012331,115.71,0.0,1.0
2011-10-10,92.2393689695,119.58,0.0,1.0
2011-10-11,92.3319323101,119.7,0.0,1.0
2011-10-12,93.1418615409,120.75,0.0,1.0
2011-10-13,92.9567348596,120.51,0.0,1.0
2011-10-14,94.5457388743,122.57,0.0,1.0
2011-10-17,92.7407537314,120.23,0.0,1.0
2011-10-18,94.553452486,122.58,0.0,1.0
2011-10-19,93.4349787863,121.13,0.0,1.0
2011-10-20,93.8438002076,121.66,0.0,1.0
2011-10-21,95.6256445153,123.97,0.0,1.0
2011-10-24,96.7981134971,125.49,0.0,1.0
2011-10-25,94.9159922369,123.05,0.0,1.0
2011-10-26,95.8801937022,124.3,0.0,1.0
2011-10-27,99.2201875777,128.63,0.0,1.0
2011-10-28,99.1970467425,128.6,0.0,1.0
2011-10-31,96.8058271088,125.5,0.0,1.0
2011-11-01,94.1060630061,122.0,0.0,1.0
2011-11-02,95.6410717388,123.99,0.0,1.0
2011-11-03,97.3843479879,126.25,0.0,1.0
2011-11-04,96.7903998853,125.48,0.0,1.0
2011-11-07,97.3920615996,126.26,0.0,1.0
2011-11-08,98.6416666986,127.88,0.0,1.0
2011-11-09,95.0008419659,123.16,0.0,1.0
2011-11-10,95.8956209256,124.32,0.0,1.0
2011-11-11,97.7006060685,126.66,0.0,1.0
2011-11-14,96.7749726619,125.46,0.0,1.0
2011-11-15,97.2532165886,126.08,0.0,1.0
2011-11-16,95.7104942443,124.08,0.0,1.0
2011-11-17,94.1909127351,122.11,0.0,1.0
2011-11-18,94.0906357827,121.98,0.0,1.0
2011-11-21,92.3010778632,119.66,0.0,1.0
2011-11-22,91.9385381123,119.19,0.0,1.0
2011-11-23,89.9098582295,116.56,0.0,1.0
2011-11-25,89.7401587716,116.34,0.0,1.0
2011-11-28,92.3396459218,119.71,0.0,1.0
2011-11-29,92.6019087204,120.05,0.0,1.0
2011-11-30,96.412432911,124.99,0.0,1.0
2011-12-01,96.3970056875,124.97,0.0,1.0
2011-12-02,96.3121559586,124.86,0.0,1.0
2011-12-05,97.3612071527,126.22,0.0,1.0
2011-12-06,97.3920615996,126.26,0.0,1.0
2011-12-07,97.7546013506,126.73,0.0,1.0
2011-12-08,95.6102172919,123.95,0.0,1.0
2011-12-09,97.2300757535,126.05,0.0,1.0
2011-12-12,95.8107711967,124.21,0.0,1.0
2011-12-13,94.9159922369,123.05,0.0,1.0
2011-12-14,93.9055091014,121.74,0.0,1.0
2011-12-15,94.2449080171,122.18,0.0,1.0
2011-12-16,94.3838533051,121.59,0.77013,1.0
2011-12-19,93.3747324128,120.29,0.0,1.0
2011-12-20,96.2002709112,123.93,0.0,1.0
2011-12-21,96.3865701529,124.17,0.0,1.0
2011-12-22,97.2404416772,125.27,0.0,1.0
2011-12-23,98.1098381382,126.39,0.0,1.0
2011-12-27,98.1874628223,126.49,0.0,1.0
2011-12-28,96.8988930675,124.83,0.0,1.0
2011-12-29,97.9002514914,126.12,0.0,1.0
2011-12-30,97.4189784504,125.5,0.0,1.0
2012-01-03,98.9714721309,127.5,0.0,1.0
2012-01-04,99.126721499,127.7,0.0,1.0
2012-01-05,99.3906454246,128.04,0.0,1.0
2012-01-06,99.1344839674,127.71,0.0,1.0
2012-01-09,99.3751204878,128.02,0.0,1.0
2012-01-10,100.2367544805,129.13,0.0,1.0
2012-01-11,100.2910917593,129.2,0.0,1.0
2012-01-12,100.5317282798,129.51,0.0,1.0
2012-01-13,100.0116428968,128.84,0.0,1.0
2012-01-17,100.399766317,129.34,0.0,1.0
2012-01-18,101.5097992985,130.77,0.0,1.0
2012-01-19,102.0454096183,131.46,0.0,1.0
2012-01-20,102.42577057,131.95,0.0,1.0
2012-01-23,102.1618466443,131.61,0.0,1.0
2012-01-24,102.0454096183,131.46,0.0,1.0
2012-01-25,102.8992811425,132.56,0.0,1.0
2012-01-26,102.3714332912,131.88,0.0,1.0
2012-01-27,102.3248584808,131.82,0.0,1.0
2012-01-30,101.9755474027,131.37,0.0,1.0
2012-01-31,101.9367350606,131.32,0.0,1.0
2012-02-01,102.8294189269,132.47,0.0,1.0
2012-02-02,102.9924307634,132.68,0.0,1.0
2012-02-03,104.4362498862,134.54,0.0,1.0
2012-02-06,104.3663876706,134.45,0.0,1.0
2012-02-07,104.6303115963,134.79,0.0,1.0
2012-02-08,104.9408103324,135.19,0.0,1.0
2012-02-09,105.0727722952,135.36,0.0,1.0
2012-02-10,104.296525455,134.36,0.0,1.0
2012-02-13,105.0727722952,135.36,0.0,1.0
2012-02-14,104.9408103324,135.19,0.0,1.0
2012-02-15,104.451774823,134.56,0.0,1.0
2012-02-16,105.608382615,136.05,0.0,1.0
2012-02-17,105.8878314775,136.41,0.0,1.0
2012-02-21,105.9344062879,136.47,0.0,1.0
2012-02-22,105.5928576782,136.03,0.0,1.0
2012-02-23,106.0586057823,136.63,0.0,1.0
2012-02-24,106.2914798344,136.93,0.0,1.0
2012-02-27,106.4700166077,137.16,0.0,1.0
2012-02-28,106.7805153438,137.56,0.0,1.0
2012-02-29,106.36134205,137.02,0.0,1.0
2012-03-01,106.9124773066,137.73,0.0,1.0
2012-03-02,106.5864536337,137.31,0.0,1.0
2012-03-05,106.1517554032,136.75,0.0,1.0
2012-03-06,104.5992617227,134.75,0.0,1.0
2012-03-07,105.3289337525,135.69,0.0,1.0
2012-03-08,106.3768669868,137.04,0.0,1.0
2012-03-09,106.7882778122,137.57,0.0,1.0
2012-03-12,106.7960402806,137.58,0.0,1.0
2012-03-13,108.7211324444,140.06,0.0,1.0
2012-03-14,108.6046954183,139.91,0.0,1.0
2012-03-15,109.2334553589,140.72,0.0,1.0
2012-03-16,109.3839618588,140.3,0.61389,1.0
2012-03-19,109.8127657007,140.85,0.0,1.0
2012-03-20,109.4931119276,140.44,0.0,1.0
2012-03-21,109.3137939574,140.21,0.0,1.0
2012-03-22,108.5263541749,139.2,0.0,1.0
2012-03-23,108.8771936819,139.65,0.0,1.0
2012-03-26,110.4052946459,141.61,0.0,1.0
2012-03-27,110.0622515724,141.17,0.0,1.0
2012-03-28,109.5165012281,140.47,0.0,1.0
2012-03-29,109.3293868243,140.23,0.0,1.0
2012-03-30,109.7815799667,140.81,0.0,1.0
2012-04-02,110.5846126162,141.84,0.0,1.0
2012-04-03,110.1324194738,141.26,0.0,1.0
2012-04-04,109.0409187852,139.86,0.0,1.0
2012-04-05,108.9863437508,139.79,0.0,1.0
2012-04-09,107.7623036929,138.22,0.0,1.0
2012-04-10,105.9535311234,135.9,0.0,1.0
2012-04-11,106.8111388072,137.0,0.0,1.0
2012-04-12,108.2067004018,138.79,0.0,1.0
2012-04-13,106.9202888761,137.14,0.0,1.0
2012-04-16,106.8501209747,137.05,0.0,1.0
2012-04-17,108.432796973,139.08,0.0,1.0
2012-04-18,108.066364599,138.61,0.0,1.0
2012-04-19,107.3724820185,137.72,0.0,1.0
2012-04-20,107.5517999887,137.95,0.0,1.0
2012-04-23,106.6474137039,136.79,0.0,1.0
2012-04-24,107.0528282454,137.31,0.0,1.0
2012-04-25,108.5185577414,139.19,0.0,1.0
2012-04-26,109.2748117899,140.16,0.0,1.0
2012-04-27,109.4541297602,140.39,0.0,1.0
2012-04-30,109.0487152187,139.87,0.0,1.0
2012-05-01,109.7270049323,140.74,0.0,1.0
2012-05-02,109.3995547258,140.32,0.0,1.0
2012-05-03,108.5653363424,139.25,0.0,1.0
2012-05-04,106.8111388072,137.0,0.0,1.0
2012-05-07,106.8891031421,137.1,0.0,1.0
2012-05-08,106.4602993002,136.55,0.0,1.0
2012-05-09,105.8287881875,135.74,0.0,1.0
2012-05-10,106.0470883252,136.02,0.0,1.0
2012-05-11,105.7274345522,135.61,0.0,1.0
2012-05-14,104.5579695287,134.11,0.0,1.0
2012-05-15,103.95764415,133.34,0.0,1.0
2012-05-16,103.5600260421,132.83,0.0,1.0
2012-05-17,102.0241286446,130.86,0.0,1.0
2012-05-18,101.1509280938,129.74,0.0,1.0
2012-05-21,102.889532762,131.97,0.0,1.0
2012-05-22,103.0688507322,132.2,0.0,1.0
2012-05-23,103.1234257666,132.27,0.0,1.0
2012-05-24,103.3261330374,132.53,0.0,1.0
2012-05-25,102.9908863973,132.1,0.0,1.0
2012-05-29,104.2383157557,133.7,0.0,1.0
2012-05-30,102.7258076587,131.76,0.0,1.0
2012-05-31,102.4997110875,131.47,0.0,1.0
2012-06-01,99.9190916024,128.16,0.0,1.0
2012-06-04,99.8723130015,128.1,0.0,1.0
2012-06-05,100.62856705,129.07,0.0,1.0
2012-06-06,102.889532762,131.97,0.0,1.0
2012-06-07,102.9519042299,132.05,0.0,1.0
2012-06-08,103.7705297463,133.1,0.0,1.0
2012-06-11,102.4529324865,131.41,0.0,1.0
2012-06-12,103.6301939435,132.92,0.0,1.0
2012-06-13,102.9674970968,132.07,0.0,1.0
2012-06-14,104.0589977854,133.47,0.0,1.0
2012-06-15,105.1179561605,134.14,0.68826,1.0
2012-06-18,105.3217035036,134.4,0.0,1.0
2012-06-19,106.3404402191,135.7,0.0,1.0
2012-06-20,106.1680386211,135.48,0.0,1.0
2012-06-21,103.7857619942,132.44,0.0,1.0
2012-06-22,104.585078494,133.46,0.0,1.0
2012-06-25,102.9080811317,131.32,0.0,1.0
2012-06-26,103.4252859257,131.98,0.0,1.0
2012-06-27,104.3578218421,133.17,0.0,1.0
2012-06-28,104.0600372637,132.79,0.0,1.0
2012-06-29,106.65389767,136.1,0.0,1.0
2012-07-02,106.9751915571,136.51,0.0,1.0
2012-07-03,107.6804708217,137.41,0.0,1.0
2012-07-05,107.1946117728,136.79,0.0,1.0
2012-07-06,106.1758750573,135.49,0.0,1.0
2012-07-09,106.0426556407,135.32,0.0,1.0
2012-07-10,105.1179561605,134.14,0.0,1.0
2012-07-11,105.1336290331,134.16,0.0,1.0
2012-07-12,104.6242606754,133.51,0.0,1.0
2012-07-13,106.3796224004,135.75,0.0,1.0
2012-07-16,106.1288564397,135.43,0.0,1.0
2012-07-17,106.8576450131,136.36,0.0,1.0
2012-07-18,107.6491250766,137.37,0.0,1.0
2012-07-19,107.9312367824,137.73,0.0,1.0
2012-07-20,106.9438458121,136.47,0.0,1.0
2012-07-23,105.8624176064,135.09,0.0,1.0
2012-07-24,104.9533909988,133.93,0.0,1.0
2012-07-25,104.9769003076,133.96,0.0,1.0
2012-07-26,106.7087527239,136.17,0.0,1.0
2012-07-27,108.6756982283,138.68,0.0,1.0
2012-07-30,108.6756982283,138.68,0.0,1.0
2012-07-31,107.9155639099,137.71,0.0,1.0
2012-08-01,107.8215266746,137.59,0.0,1.0
2012-08-02,107.0770652287,136.64,0.0,1.0
2012-08-03,109.2007394586,139.35,0.0,1.0
2012-08-06,109.4123232379,139.62,0.0,1.0
2012-08-07,109.960873777,140.32,0.0,1.0
2012-08-08,110.0940931936,140.49,0.0,1.0
2012-08-09,110.1881304289,140.61,0.0,1.0
2012-08-10,110.3683684632,140.84,0.0,1.0
2012-08-13,110.3135134093,140.77,0.0,1.0
2012-08-14,110.3291862818,140.79,0.0,1.0
2012-08-15,110.4545692622,140.95,0.0,1.0
2012-08-16,111.2695586345,141.99,0.0,1.0
2012-08-17,111.4184509237,142.18,0.0,1.0
2012-08-20,111.42628736,142.19,0.0,1.0
2012-08-21,111.0893206003,141.76,0.0,1.0
2012-08-22,111.1363392179,141.82,0.0,1.0
2012-08-23,110.2273126103,140.66,0.0,1.0
2012-08-24,110.8934096934,141.51,0.0,1.0
2012-08-27,110.9169190023,141.54,0.0,1.0
2012-08-28,110.8072088944,141.4,0.0,1.0
2012-08-29,110.8934096934,141.51,0.0,1.0
2012-08-30,110.0940931936,140.49,0.0,1.0
2012-08-31,110.6191344239,141.16,0.0,1.0
2012-09-04,110.5172607524,141.03,0.0,1.0
2012-09-05,110.4232235171,140.91,0.0,1.0
2012-09-06,112.6644442911,143.77,0.0,1.0
2012-09-07,113.1032847223,144.33,0.0,1.0
2012-09-10,112.460696948,143.51,0.0,1.0
2012-09-11,112.7741543989,143.91,0.0,1.0
2012-09-12,113.15030334,144.39,0.0,1.0
2012-09-13,114.8743193199,146.59,0.0,1.0
2012-09-14,115.3836876776,147.24,0.0,1.0
2012-09-17,114.991865864,146.74,0.0,1.0
2012-09-18,114.8978286287,146.62,0.0,1.0
2012-09-19,114.9605201189,146.7,0.0,1.0
2012-09-20,114.9683565552,146.71,0.0,1.0
2012-09-21,114.9209069336,145.87,0.77945,1.0
2012-09-24,114.7475841151,145.65,0.0,1.0
2012-09-25,113.5264460761,144.1,0.0,1.0
2012-09-26,112.8883029719,143.29,0.0,1.0
2012-09-27,113.9518748123,144.64,0.0,1.0
2012-09-28,113.4240280471,143.97,0.0,1.0
2012-10-01,113.7234038244,144.35,0.0,1.0
2012-10-02,113.8415784733,144.5,0.0,1.0
2012-10-03,114.3063987591,145.09,0.0,1.0
2012-10-04,115.1257429917,146.13,0.0,1.0
2012-10-05,115.1336213016,146.14,0.0,1.0
2012-10-08,114.7397058052,145.64,0.0,1.0
2012-10-09,113.6052291754,144.2,0.0,1.0
2012-10-10,112.880424662,143.28,0.0,1.0
2012-10-11,112.9434511414,143.36,0.0,1.0
2012-10-12,112.5731705747,142.89,0.0,1.0
2012-10-15,113.5106894563,144.08,0.0,1.0
2012-10-16,114.6609227059,145.54,0.0,1.0
2012-10-17,115.1808911612,146.2,0.0,1.0
2012-10-18,114.8815153839,145.82,0.0,1.0
2012-10-19,112.9670860712,143.39,0.0,1.0
2012-10-22,112.982842691,143.41,0.0,1.0
2012-10-23,111.4150590152,141.42,0.0,1.0
2012-10-24,111.099926618,141.02,0.0,1.0
2012-10-25,111.4229373251,141.43,0.0,1.0
2012-10-26,111.3599108457,141.35,0.0,1.0
2012-10-31,111.3599108457,141.35,0.0,1.0
2012-11-01,112.5259007152,142.83,0.0,1.0
2012-11-02,111.5253553542,141.56,0.0,1.0
2012-11-05,111.7538263421,141.85,0.0,1.0
2012-11-06,112.6283187442,142.96,0.0,1.0
2012-11-07,110.0757463273,139.72,0.0,1.0
2012-11-08,108.7521902592,138.04,0.0,1.0
2012-11-09,108.8467299783,138.16,0.0,1.0
2012-11-12,108.9333913876,138.27,0.0,1.0
2012-11-13,108.555232511,137.79,0.0,1.0
2012-11-14,107.0898668642,135.93,0.0,1.0
2012-11-15,106.9086657358,135.7,0.0,1.0
2012-11-16,107.4365125011,136.37,0.0,1.0
2012-11-19,109.6109260415,139.13,0.0,1.0
2012-11-20,109.658195901,139.19,0.0,1.0
2012-11-21,109.8630319592,139.45,0.0,1.0
2012-11-23,111.3599108457,141.35,0.0,1.0
2012-11-26,111.1235615478,141.05,0.0,1.0
2012-11-27,110.5563232329,140.33,0.0,1.0
2012-11-28,111.4465722549,141.46,0.0,1.0
2012-11-29,111.9665407102,142.12,0.0,1.0
2012-11-30,111.99017564,142.15,0.0,1.0
2012-12-03,111.438693945,141.45,0.0,1.0
2012-12-04,111.2811277464,141.25,0.0,1.0
2012-12-05,111.4780854946,141.5,0.0,1.0
2012-12-06,111.8562443712,141.98,0.0,1.0
2012-12-07,112.1950116981,142.41,0.0,1.0
2012-12-10,112.2422815577,142.47,0.0,1.0
2012-12-11,113.0064776208,143.44,0.0,1.0
2012-12-12,113.0616257903,143.51,0.0,1.0
2012-12-13,112.3683345166,142.63,0.0,1.0
2012-12-14,111.9507840903,142.1,0.0,1.0
2012-12-17,113.2664618485,143.77,0.0,1.0
2012-12-18,114.5269914371,145.37,0.0,1.0
2012-12-19,113.6761339648,144.29,0.0,1.0
2012-12-20,114.3300336889,145.12,0.0,1.0
2012-12-21,113.2994168189,142.79,1.02183,1.0
2012-12-24,112.9502905258,142.35,0.0,1.0
2012-12-26,112.4742092169,141.75,0.0,1.0
2012-12-27,112.3234501358,141.56,0.0,1.0
2012-12-28,111.1094427982,140.03,0.0,1.0
2012-12-31,112.9978986566,142.41,0.0,1.0
2013-01-02,115.8940599522,146.06,0.0,1.0
2013-01-03,115.6322152323,145.73,0.0,1.0
2013-01-04,116.1400352951,146.37,0.0,1.0
2013-01-07,115.8226477558,145.97,0.0,1.0
2013-01-08,115.4893908396,145.55,0.0,1.0
2013-01-09,115.7829743134,145.92,0.0,1.0
2013-01-10,116.7033981772,147.08,0.0,1.0
2013-01-11,116.6954634887,147.07,0.0,1.0
2013-01-14,116.6161166039,146.97,0.0,1.0
2013-01-15,116.6954634887,147.07,0.0,1.0
2013-01-16,116.6795941118,147.05,0.0,1.0
2013-01-17,117.4333895175,148.0,0.0,1.0
2013-01-18,117.6952342373,148.33,0.0,1.0
2013-01-22,118.3300093158,149.13,0.0,1.0
2013-01-23,118.5204418394,149.37,0.0,1.0
2013-01-24,118.5521805933,149.41,0.0,1.0
2013-01-25,119.2186944257,150.25,0.0,1.0
2013-01-28,119.075870033,150.07,0.0,1.0
2013-01-29,119.5440166534,150.66,0.0,1.0
2013-01-30,119.075870033,150.07,0.0,1.0
2013-01-31,118.7822865592,149.7,0.0,1.0
2013-02-01,120.0042285853,151.24,0.0,1.0
2013-02-04,118.6553315435,149.54,0.0,1.0
2013-02-05,119.8534695041,151.05,0.0,1.0
2013-02-06,119.9407510774,151.16,0.0,1.0
2013-02-07,119.7820573078,150.96,0.0,1.0
2013-02-08,120.4485711402,151.8,0.0,1.0
2013-02-11,120.4247670748,151.77,0.0,1.0
2013-02-12,120.6231342868,152.02,0.0,1.0
2013-02-13,120.726285237,152.15,0.0,1.0
2013-02-14,120.8373708758,152.29,0.0,1.0
2013-02-15,120.6945464831,152.11,0.0,1.0
2013-02-19,121.5991009699,153.25,0.0,1.0
2013-02-20,120.0835754701,151.34,0.0,1.0
2013-02-21,119.3535841299,150.42,0.0,1.0
2013-02-22,120.5199833365,151.89,0.0,1.0
2013-02-25,118.2268583656,149.0,0.0,1.0
2013-02-26,119.0361965906,150.02,0.0,1.0
2013-02-27,120.5358527135,151.91,0.0,1.0
2013-02-28,120.2978120591,151.61,0.0,1.0
2013-03-01,120.6945464831,152.11,0.0,1.0
2013-03-04,121.3372562501,152.92,0.0,1.0
2013-03-05,122.424308572,154.29,0.0,1.0
2013-03-06,122.5909370301,154.5,0.0,1.0
2013-03-07,122.8131083075,154.78,0.0,1.0
2013-03-08,123.3367977473,155.44,0.0,1.0
2013-03-11,123.8049443676,156.03,0.0,1.0
2013-03-12,123.5272302708,155.68,0.0,1.0
2013-03-13,123.7017934174,155.9,0.0,1.0
2013-03-14,124.3603725613,156.73,0.0,1.0
2013-03-15,124.1966958073,155.83,0.69372,1.0
2013-03-18,123.5112747819,154.97,0.0,1.0
2013-03-19,123.2243543526,154.61,0.0,1.0
2013-03-20,124.0851156404,155.69,0.0,1.0
2013-03-21,123.0251040545,154.36,0.0,1.0
2013-03-22,124.0133855331,155.6,0.0,1.0
2013-03-25,123.495334758,154.95,0.0,1.0
2013-03-26,124.4836162366,156.19,0.0,1.0
2013-03-27,124.4836162366,156.19,0.0,1.0
2013-03-28,124.8661768089,156.67,0.0,1.0
2013-04-01,124.3720360696,156.05,0.0,1.0
2013-04-02,124.9857269878,156.82,0.0,1.0
2013-04-03,123.7184950919,155.23,0.0,1.0
2013-04-04,124.2206058431,155.86,0.0,1.0
2013-04-05,123.6627050084,155.16,0.0,1.0
2013-04-08,124.4995562604,156.21,0.0,1.0
2013-04-09,124.9299369043,156.75,0.0,1.0
2013-04-10,126.4601791937,158.67,0.0,1.0
2013-04-11,126.8746198137,159.19,0.0,1.0
2013-04-12,126.5637893487,158.8,0.0,1.0
2013-04-15,123.6308249607,155.12,0.0,1.0
2013-04-16,125.4559576913,157.41,0.0,1.0
2013-04-17,123.6228549488,155.11,0.0,1.0
2013-04-18,122.8497637922,154.14,0.0,1.0
2013-04-19,123.91774539,155.48,0.0,1.0
2013-04-22,124.4676762127,156.17,0.0,1.0
2013-04-23,125.7508481324,157.78,0.0,1.0
2013-04-24,125.8305482517,157.88,0.0,1.0
2013-04-25,126.3406290148,158.52,0.0,1.0
2013-04-26,126.1174686809,158.24,0.0,1.0
2013-04-29,126.9622899449,159.3,0.0,1.0
2013-04-30,127.265150398,159.68,0.0,1.0
2013-05-01,126.1493487286,158.28,0.0,1.0
2013-05-02,127.3209404814,159.75,0.0,1.0
2013-05-03,128.6120824131,161.37,0.0,1.0
2013-05-06,128.9388529019,161.78,0.0,1.0
2013-05-07,129.5923938797,162.6,0.0,1.0
2013-05-08,130.182174762,163.34,0.0,1.0
2013-05-09,129.8155542135,162.88,0.0,1.0
2013-05-10,130.2379648455,163.41,0.0,1.0
2013-05-13,130.3415750005,163.54,0.0,1.0
2013-05-14,131.6885070156,165.23,0.0,1.0
2013-05-15,132.3978380768,166.12,0.0,1.0
2013-05-16,131.7761771468,165.34,0.0,1.0
2013-05-17,133.0513790546,166.94,0.0,1.0
2013-05-20,133.0434090426,166.93,0.0,1.0
2013-05-21,133.2346893288,167.17,0.0,1.0
2013-05-22,132.2464078503,165.93,0.0,1.0
2013-05-23,131.8638472779,165.45,0.0,1.0
2013-05-24,131.752267111,165.31,0.0,1.0
2013-05-28,132.5412982915,166.3,0.0,1.0
2013-05-29,131.6805370037,165.22,0.0,1.0
2013-05-30,132.166707731,165.83,0.0,1.0
2013-05-31,130.2698448932,163.45,0.0,1.0
2013-06-03,130.9871459663,164.35,0.0,1.0
2013-06-04,130.3575150244,163.56,0.0,1.0
2013-06-05,128.5323822938,161.27,0.0,1.0
2013-06-06,129.6960040347,162.73,0.0,1.0
2013-06-07,131.3457965029,164.8,0.0,1.0
2013-06-10,131.3457965029,164.8,0.0,1.0
2013-06-11,129.9908944759,163.1,0.0,1.0
2013-06-12,128.9149428662,161.75,0.0,1.0
2013-06-13,130.8755657994,164.21,0.0,1.0
2013-06-14,130.0546545713,163.18,0.0,1.0
2013-06-17,131.0588760736,164.44,0.0,1.0
2013-06-18,132.0949776237,165.74,0.0,1.0
2013-06-19,130.2698448932,163.45,0.0,1.0
2013-06-20,127.0419900641,159.4,0.0,1.0
2013-06-21,127.4477593111,159.07,0.83912,1.0
2013-06-24,125.8373362508,157.06,0.0,1.0
2013-06-25,127.0471565598,158.57,0.0,1.0
2013-06-26,128.305049199,160.14,0.0,1.0
2013-06-27,129.0581823715,161.08,0.0,1.0
2013-06-28,128.5293867398,160.42,0.0,1.0
2013-07-01,129.2825199123,161.36,0.0,1.0
2013-07-02,129.1623390869,161.21,0.0,1.0
2013-07-03,129.2184234721,161.28,0.0,1.0
2013-07-05,130.6125210467,163.02,0.0,1.0
2013-07-08,131.3576421642,163.95,0.0,1.0
2013-07-09,132.3030646574,165.13,0.0,1.0
2013-07-10,132.3511369875,165.19,0.0,1.0
2013-07-11,134.1538493686,167.44,0.0,1.0
2013-07-12,134.2099337538,167.51,0.0,1.0
2013-07-15,134.7227052755,168.15,0.0,1.0
2013-07-16,134.2179458088,167.52,0.0,1.0
2013-07-17,134.5624641749,167.95,0.0,1.0
2013-07-18,135.2995732374,168.87,0.0,1.0
2013-07-19,135.5399348882,169.17,0.0,1.0
2013-07-22,135.8043327041,169.5,0.0,1.0
2013-07-23,135.5158987231,169.14,0.0,1.0
2013-07-24,135.0191513115,168.52,0.0,1.0
2013-07-25,135.3476455676,168.93,0.0,1.0
2013-07-26,135.491862558,169.11,0.0,1.0
2013-07-29,135.0752356967,168.59,0.0,1.0
2013-07-30,135.0752356967,168.59,0.0,1.0
2013-07-31,135.171380357,168.71,0.0,1.0
2013-08-01,136.7337310872,170.66,0.0,1.0
2013-08-02,136.966080683,170.95,0.0,1.0
2013-08-05,136.7657793073,170.7,0.0,1.0
2013-08-06,135.9886099697,169.73,0.0,1.0
2013-08-07,135.5479469432,169.18,0.0,1.0
2013-08-08,136.0446943549,169.8,0.0,1.0
2013-08-09,135.6521036586,169.31,0.0,1.0
2013-08-12,135.491862558,169.11,0.0,1.0
2013-08-13,135.8924653094,169.61,0.0,1.0
2013-08-14,135.1954165221,168.74,0.0,1.0
2013-08-15,133.3045715357,166.38,0.0,1.0
2013-08-16,132.8639085093,165.83,0.0,1.0
2013-08-19,132.0146306764,164.77,0.0,1.0
2013-08-20,132.6636071336,165.58,0.0,1.0
2013-08-21,131.8463775209,164.56,0.0,1.0
2013-08-22,133.0481857749,166.06,0.0,1.0
2013-08-23,133.4968608564,166.62,0.0,1.0
2013-08-26,133.0001134447,166.0,0.0,1.0
2013-08-27,130.8608947526,163.33,0.0,1.0
2013-08-28,131.3255939441,163.91,0.0,1.0
2013-08-29,131.5339073748,164.17,0.0,1.0
2013-08-30,131.1172805134,163.65,0.0,1.0
2013-09-03,131.7101725854,164.39,0.0,1.0
2013-09-04,132.799812069,165.75,0.0,1.0
2013-09-05,132.9680652246,165.96,0.0,1.0
2013-09-06,133.0321616648,166.04,0.0,1.0
2013-09-09,134.3060784141,167.63,0.0,1.0
2013-09-10,135.2995732374,168.87,0.0,1.0
2013-09-11,135.7242121538,169.4,0.0,1.0
2013-09-12,135.3636696776,168.95,0.0,1.0
2013-09-13,135.6681277686,169.33,0.0,1.0
2013-09-16,136.4533091613,170.31,0.0,1.0
2013-09-17,137.0622253433,171.07,0.0,1.0
2013-09-18,138.6486122386,173.05,0.0,1.0
2013-09-19,138.4162626428,172.76,0.0,1.0
2013-09-20,137.4531735683,170.72,0.83795,1.0
2013-09-23,136.8171144826,169.93,0.0,1.0
2013-09-24,136.4950592493,169.53,0.0,1.0
2013-09-25,136.1005415885,169.04,0.0,1.0
2013-09-26,136.6238813426,169.69,0.0,1.0
2013-09-27,135.9958736377,168.91,0.0,1.0
2013-09-30,135.2712493628,168.01,0.0,1.0
2013-10-01,136.3420830135,169.34,0.0,1.0
2013-10-02,136.2132609202,169.18,0.0,1.0
2013-10-03,134.9572455103,167.62,0.0,1.0
2013-10-04,135.979770876,168.89,0.0,1.0
2013-10-07,134.8042692745,167.43,0.0,1.0
2013-10-08,133.2342500122,165.48,0.0,1.0
2013-10-09,133.3308665822,165.6,0.0,1.0
2013-10-10,136.2052095393,169.17,0.0,1.0
2013-10-11,137.08281005,170.26,0.0,1.0
2013-10-14,137.6303039466,170.94,0.0,1.0
2013-10-15,136.6319327234,169.7,0.0,1.0
2013-10-16,138.5401099807,172.07,0.0,1.0
2013-10-17,139.4660187764,173.22,0.0,1.0
2013-10-18,140.4080303338,174.39,0.0,1.0
2013-10-21,140.4160817146,174.4,0.0,1.0
2013-10-22,141.2292711787,175.41,0.0,1.0
2013-10-23,140.5529551887,174.57,0.0,1.0
2013-10-24,141.019935277,175.15,0.0,1.0
2013-10-25,141.6640457436,175.95,0.0,1.0
2013-10-28,141.8894844069,176.23,0.0,1.0
2013-10-29,142.6463142051,177.17,0.0,1.0
2013-10-30,141.9377926919,176.29,0.0,1.0
2013-10-31,141.5352236503,175.79,0.0,1.0
2013-11-01,141.8733816452,176.21,0.0,1.0
2013-11-04,142.3725672568,176.83,0.0,1.0
2013-11-05,141.9216899302,176.27,0.0,1.0
2013-11-06,142.6463142051,177.17,0.0,1.0
2013-11-07,140.8428048987,174.93,0.0,1.0
2013-11-08,142.7429307751,177.29,0.0,1.0
2013-11-11,142.7670849176,177.32,0.0,1.0
2013-11-12,142.4772352077,176.96,0.0,1.0
2013-11-13,143.6205312858,178.38,0.0,1.0
2013-11-14,144.3371041799,179.27,0.0,1.0
2013-11-15,144.9651118848,180.05,0.0,1.0
2013-11-18,144.4578748924,179.42,0.0,1.0
2013-11-19,144.1438710399,179.03,0.0,1.0
2013-11-20,143.6929937133,178.47,0.0,1.0
2013-11-21,144.8523925532,179.91,0.0,1.0
2013-11-22,145.5770168281,180.81,0.0,1.0
2013-11-25,145.4320919731,180.63,0.0,1.0
2013-11-26,145.4723488773,180.68,0.0,1.0
2013-11-27,145.8266096339,181.12,0.0,1.0
2013-11-29,145.7299930639,181.0,0.0,1.0
2013-12-02,145.3515781648,180.53,0.0,1.0
2013-12-03,144.7235704599,179.75,0.0,1.0
2013-12-04,144.7074676982,179.73,0.0,1.0
2013-12-05,144.0714086124,178.94,0.0,1.0
2013-12-06,145.6816847789,180.94,0.0,1.0
2013-12-09,146.0520482972,181.4,0.0,1.0
2013-12-10,145.5287085431,180.75,0.0,1.0
2013-12-11,143.8942782341,178.72,0.0,1.0
2013-12-12,143.419246765,178.13,0.0,1.0
2013-12-13,143.4031440034,178.11,0.0,1.0
2013-12-16,144.2968472758,179.22,0.0,1.0
2013-12-17,143.8379185683,178.65,0.0,1.0
2013-12-18,146.2935897222,181.7,0.0,1.0
2013-12-19,146.1245107247,181.49,0.0,1.0
2013-12-20,146.9701069966,181.56,0.98025,1.0
2013-12-23,147.7553075021,182.53,0.0,1.0
2013-12-24,148.079101525,182.93,0.0,1.0
2013-12-26,148.8319226283,183.86,0.0,1.0
2013-12-27,148.8238277777,183.85,0.0,1.0
2013-12-30,148.799543226,183.82,0.0,1.0
2013-12-31,149.5037952258,184.69,0.0,1.0
2014-01-02,148.0710066745,182.92,0.0,1.0
2014-01-03,148.0467221227,182.89,0.0,1.0
2014-01-06,147.6176950424,182.36,0.0,1.0
2014-01-07,148.5243183065,183.48,0.0,1.0
2014-01-08,148.5566977088,183.52,0.0,1.0
2014-01-09,148.6538359157,183.64,0.0,1.0
2014-01-10,149.0585784443,184.14,0.0,1.0
2014-01-13,147.075340054,181.69,0.0,1.0
2014-01-14,148.6781204674,183.67,0.0,1.0
2014-01-15,149.4795106741,184.66,0.0,1.0
2014-01-16,149.2852342604,184.42,0.0,1.0
2014-01-17,148.6538359157,183.64,0.0,1.0
2014-01-21,149.0909578466,184.18,0.0,1.0
2014-01-22,149.1880960535,184.3,0.0,1.0
2014-01-23,147.965773617,182.79,0.0,1.0
2014-01-24,144.8087818937,178.89,0.0,1.0
2014-01-27,144.0964350433,178.01,0.0,1.0
2014-01-28,144.954489204,179.07,0.0,1.0
2014-01-29,143.5621749055,177.35,0.0,1.0
2014-01-30,145.0840068132,179.23,0.0,1.0
2014-01-31,144.234047503,178.18,0.0,1.0
2014-02-03,140.9880124234,174.17,0.0,1.0
2014-02-04,141.9755841933,175.39,0.0,1.0
2014-02-05,141.7974974807,175.17,0.0,1.0
2014-02-06,143.6674079629,177.48,0.0,1.0
2014-02-07,145.4482750889,179.68,0.0,1.0
2014-02-10,145.7154051578,180.01,0.0,1.0
2014-02-11,147.3100907206,181.98,0.0,1.0
2014-02-12,147.3829443758,182.07,0.0,1.0
2014-02-13,148.1438603296,183.01,0.0,1.0
2014-02-14,148.9614402374,184.02,0.0,1.0
2014-02-18,149.13952695,184.24,0.0,1.0
2014-02-19,148.1519551802,183.02,0.0,1.0
2014-02-20,149.026199042,184.1,0.0,1.0
2014-02-21,148.85620718,183.89,0.0,1.0
2014-02-24,149.6818819384,184.91,0.0,1.0
2014-02-25,149.6252179844,184.84,0.0,1.0
2014-02-26,149.633312835,184.85,0.0,1.0
2014-02-27,150.4185133405,185.82,0.0,1.0
2014-02-28,150.7989713174,186.29,0.0,1.0
2014-03-03,149.7385458924,184.98,0.0,1.0
2014-03-04,151.8432070413,187.58,0.0,1.0
2014-03-05,151.980819501,187.75,0.0,1.0
2014-03-06,152.3288980757,188.18,0.0,1.0
2014-03-07,152.3936568802,188.26,0.0,1.0
2014-03-10,152.3127083745,188.16,0.0,1.0
2014-03-11,151.5598872713,187.23,0.0,1.0
2014-03-12,151.6003615241,187.28,0.0,1.0
2014-03-13,149.9004429039,185.18,0.0,1.0
2014-03-14,149.4795106741,184.66,0.0,1.0
2014-03-17,150.8313507197,186.33,0.0,1.0
2014-03-18,151.9079658459,187.66,0.0,1.0
2014-03-19,151.0984807886,186.66,0.0,1.0
2014-03-20,151.980819501,187.75,0.0,1.0
2014-03-21,151.3936271353,186.2,0.82461,1.0
2014-03-24,150.7675632637,185.43,0.0,1.0
2014-03-25,151.4830648313,186.31,0.0,1.0
2014-03-26,150.3935510807,184.97,0.0,1.0
2014-03-27,150.0764537951,184.58,0.0,1.0
2014-03-28,150.8163474615,185.49,0.0,1.0
2014-03-31,152.0522138055,187.01,0.0,1.0
2014-04-01,153.0604205598,188.25,0.0,1.0
2014-04-02,153.5726546365,188.88,0.0,1.0
2014-04-03,153.3693871458,188.63,0.0,1.0
2014-04-04,151.556241128,186.4,0.0,1.0
2014-04-07,149.8813170039,184.34,0.0,1.0
2014-04-08,150.4992501759,185.1,0.0,1.0
2014-04-09,152.1172594025,187.09,0.0,1.0
2014-04-10,148.9218944474,183.16,0.0,1.0
2014-04-11,147.5803290083,181.51,0.0,1.0
2014-04-14,148.7430190555,182.94,0.0,1.0
2014-04-15,149.7674872091,184.2,0.0,1.0
2014-04-16,151.3367122379,186.13,0.0,1.0
2014-04-17,151.5481104283,186.39,0.0,1.0
2014-04-21,152.0766059044,187.04,0.0,1.0
2014-04-22,152.767715373,187.89,0.0,1.0
2014-04-23,152.4099645893,187.45,0.0,1.0
2014-04-24,152.7189311753,187.83,0.0,1.0
2014-04-25,151.466803432,186.29,0.0,1.0
2014-04-28,151.9465147103,186.88,0.0,1.0
2014-04-29,152.6538855782,187.75,0.0,1.0
2014-04-30,153.1092047576,188.31,0.0,1.0
2014-05-01,153.1254661568,188.33,0.0,1.0
2014-05-02,152.9059372668,188.06,0.0,1.0
2014-05-05,153.1986424535,188.42,0.0,1.0
2014-05-06,151.865207714,186.78,0.0,1.0
2014-05-07,152.7595846734,187.88,0.0,1.0
2014-05-08,152.5969706808,187.68,0.0,1.0
2014-05-09,152.8246302705,187.96,0.0,1.0
2014-05-12,154.312548303,189.79,0.0,1.0
2014-05-13,154.4507701967,189.96,0.0,1.0
2014-05-14,153.7190072299,189.06,0.0,1.0
2014-05-15,152.3693110911,187.4,0.0,1.0
2014-05-16,152.8978065671,188.05,0.0,1.0
2014-05-19,153.4588248417,188.74,0.0,1.0
2014-05-20,152.4912715856,187.55,0.0,1.0
2014-05-21,153.7759221273,189.13,0.0,1.0
2014-05-22,154.1499343104,189.59,0.0,1.0
2014-05-23,154.7678674823,190.35,0.0,1.0
2014-05-27,155.7191593392,191.52,0.0,1.0
2014-05-28,155.6053295444,191.38,0.0,1.0
2014-05-29,156.4102688079,192.37,0.0,1.0
2014-05-30,156.6623204964,192.68,0.0,1.0
2014-06-02,156.8411958883,192.9,0.0,1.0
2014-06-03,156.759888892,192.8,0.0,1.0
2014-06-04,157.0769861776,193.19,0.0,1.0
2014-06-05,158.1014543312,194.45,0.0,1.0
2014-06-06,158.8576093969,195.38,0.0,1.0
2014-06-09,159.0202233895,195.58,0.0,1.0
2014-06-10,159.0364847888,195.6,0.0,1.0
2014-06-11,158.4835972139,194.92,0.0,1.0
2014-06-12,157.3615606647,193.54,0.0,1.0
2014-06-13,157.841271943,194.13,0.0,1.0
2014-06-16,157.9713631371,194.29,0.0,1.0
2014-06-17,158.4104209172,194.83,0.0,1.0
2014-06-18,159.5731109645,196.26,0.0,1.0
2014-06-19,159.7519863564,196.48,0.0,1.0
2014-06-20,160.07452308,195.94,0.93669,1.0
2014-06-23,160.0255056697,195.88,0.0,1.0
2014-06-24,159.0614965994,194.7,0.0,1.0
2014-06-25,159.7804186179,195.58,0.0,1.0
2014-06-26,159.6660446604,195.44,0.0,1.0
2014-06-27,159.9764882593,195.82,0.0,1.0
2014-06-30,159.8947925754,195.72,0.0,1.0
2014-07-01,160.9650060348,197.03,0.0,1.0
2014-07-02,161.1283974026,197.23,0.0,1.0
2014-07-03,161.9208455367,198.2,0.0,1.0
2014-07-07,161.3571453176,197.51,0.0,1.0
2014-07-08,160.3196101318,196.24,0.0,1.0
2014-07-09,161.0385321503,197.12,0.0,1.0
2014-07-10,160.4013058157,196.34,0.0,1.0
2014-07-11,160.6218841623,196.61,0.0,1.0
2014-07-14,161.4306714332,197.6,0.0,1.0
2014-07-15,161.1283974026,197.23,0.0,1.0
2014-07-16,161.7247758953,197.96,0.0,1.0
2014-07-17,159.886623007,195.71,0.0,1.0
2014-07-18,161.5205366855,197.71,0.0,1.0
2014-07-21,161.218262655,197.34,0.0,1.0
2014-07-22,161.9208455367,198.2,0.0,1.0
2014-07-23,162.280306546,198.64,0.0,1.0
2014-07-24,162.2884761144,198.65,0.0,1.0
2014-07-25,161.5287062539,197.72,0.0,1.0
2014-07-28,161.594062801,197.8,0.0,1.0
2014-07-29,160.8996494877,196.95,0.0,1.0
2014-07-30,160.9241581928,196.98,0.0,1.0
2014-07-31,157.7461960882,193.09,0.0,1.0
2014-08-01,157.2641915531,192.5,0.0,1.0
2014-08-04,158.3997615596,193.89,0.0,1.0
2014-08-05,156.8638827018,192.01,0.0,1.0
2014-08-06,156.9129001122,192.07,0.0,1.0
2014-08-07,156.0632649994,191.03,0.0,1.0
2014-08-08,157.8687396141,193.24,0.0,1.0
2014-08-11,158.3262354441,193.8,0.0,1.0
2014-08-12,158.1056570975,193.53,0.0,1.0
2014-08-13,159.1758705569,194.84,0.0,1.0
2014-08-14,159.927470849,195.76,0.0,1.0
2014-08-15,159.8947925754,195.72,0.0,1.0
2014-08-18,161.2346017917,197.36,0.0,1.0
2014-08-19,162.0760673362,198.39,0.0,1.0
2014-08-20,162.509054461,198.92,0.0,1.0
2014-08-21,162.9828894277,199.5,0.0,1.0
2014-08-22,162.7296328075,199.19,0.0,1.0
2014-08-25,163.5547592152,200.2,0.0,1.0
2014-08-26,163.6609636043,200.33,0.0,1.0
2014-08-27,163.5956070571,200.25,0.0,1.0
2014-08-28,163.5057418048,200.14,0.0,1.0
2014-08-29,163.9714072032,200.71,0.0,1.0
2014-09-02,163.8897115193,200.61,0.0,1.0
2014-09-03,163.7998462669,200.5,0.0,1.0
2014-09-04,163.5629287836,200.21,0.0,1.0
2014-09-05,164.2981899389,201.11,0.0,1.0
2014-09-08,163.8733723825,200.59,0.0,1.0
2014-09-09,162.8358371966,199.32,0.0,1.0
2014-09-10,163.4485548261,200.07,0.0,1.0
2014-09-11,163.6364548991,200.3,0.0,1.0
2014-09-12,162.6806153972,199.13,0.0,1.0
2014-09-15,162.5580718713,198.98,0.0,1.0
2014-09-16,163.7835071302,200.48,0.0,1.0
2014-09-17,164.0040854768,200.75,0.0,1.0
2014-09-18,164.8782292947,201.82,0.0,1.0
2014-09-19,164.7305153286,200.7,0.93919,1.0
2014-09-22,163.4583065655,199.15,0.0,1.0
2014-09-23,162.5226175397,198.01,0.0,1.0
2014-09-24,163.7948263029,199.56,0.0,1.0
2014-09-25,161.1519151949,196.34,0.0,1.0
2014-09-26,162.4323317565,197.9,0.0,1.0
2014-09-29,162.1368510116,197.54,0.0,1.0
2014-09-30,161.710045491,197.02,0.0,1.0
2014-10-01,159.5185632991,194.35,0.0,1.0
2014-10-02,159.5431866945,194.38,0.0,1.0
2014-10-03,161.2996555674,196.52,0.0,1.0
2014-10-06,161.1108762026,196.29,0.0,1.0
2014-10-07,158.6239132656,193.26,0.0,1.0
2014-10-08,161.3981491491,196.64,0.0,1.0
2014-10-09,158.1971077451,192.74,0.0,1.0
2014-10-10,156.3913920813,190.54,0.0,1.0
2014-10-13,153.8223511596,187.41,0.0,1.0
2014-10-14,154.0603773153,187.7,0.0,1.0
2014-10-15,153.0179869094,186.43,0.0,1.0
2014-10-16,152.8866621339,186.27,0.0,1.0
2014-10-17,154.6923777977,188.47,0.0,1.0
2014-10-20,156.194404918,190.3,0.0,1.0
2014-10-21,159.2887449418,194.07,0.0,1.0
2014-10-22,158.1560687527,192.69,0.0,1.0
2014-10-23,159.9946156104,194.93,0.0,1.0
2014-10-24,161.2257853812,196.43,0.0,1.0
2014-10-27,161.0041748225,196.16,0.0,1.0
2014-10-28,162.8509294786,198.41,0.0,1.0
2014-10-29,162.6046955244,198.11,0.0,1.0
2014-10-30,163.6470859304,199.38,0.0,1.0
2014-10-31,165.5184639819,201.66,0.0,1.0
2014-11-03,165.6087497651,201.77,0.0,1.0
2014-11-04,165.0342038721,201.07,0.0,1.0
2014-11-05,166.076594278,202.34,0.0,1.0
2014-11-06,166.7414259542,203.15,0.0,1.0
2014-11-07,166.8973741252,203.34,0.0,1.0
2014-11-10,167.4226732274,203.98,0.0,1.0
2014-11-11,167.5868291968,204.18,0.0,1.0
2014-11-12,167.4062576304,203.96,0.0,1.0
2014-11-13,167.5950369953,204.19,0.0,1.0
2014-11-14,167.6360759876,204.24,0.0,1.0
2014-11-17,167.7427773678,204.37,0.0,1.0
2014-11-18,168.7112975875,205.55,0.0,1.0
2014-11-19,168.4404402379,205.22,0.0,1.0
2014-11-20,168.7359209829,205.58,0.0,1.0
2014-11-21,169.6387788148,206.68,0.0,1.0
2014-11-24,170.1148311261,207.26,0.0,1.0
2014-11-25,169.9917141491,207.11,0.0,1.0
2014-11-26,170.4267274681,207.64,0.0,1.0
2014-11-28,170.0655843353,207.2,0.0,1.0
2014-12-01,168.8836613554,205.76,0.0,1.0
2014-12-02,169.9752985521,207.09,0.0,1.0
2014-12-03,170.6319224298,207.89,0.0,1.0
2014-12-04,170.443143065,207.66,0.0,1.0
2014-12-05,170.722208213,208.0,0.0,1.0
2014-12-08,169.5813242255,206.61,0.0,1.0
2014-12-09,169.4664150469,206.47,0.0,1.0
2014-12-10,166.7496337527,203.16,0.0,1.0
2014-12-11,167.5950369953,204.19,0.0,1.0
2014-12-12,164.8864634996,200.89,0.0,1.0
2014-12-15,163.7537873105,199.51,0.0,1.0
2014-12-16,162.440539555,197.91,0.0,1.0
2014-12-17,165.6251653621,201.79,0.0,1.0
2014-12-18,169.7208559787,206.779999,0.0,1.0
2014-12-19,170.4389735034,206.52,1.13492,1.0
2014-12-22,171.2229993838,207.47,0.0,1.0
2014-12-23,171.4540806959,207.75,0.0,1.0
2014-12-24,171.470586504,207.77,0.0,1.0
2014-12-26,172.0235310723,208.44,0.0,1.0
2014-12-29,172.2546123844,208.72,0.0,1.0
2014-12-30,171.3302871359,207.6,0.0,1.0
2014-12-31,169.6301889109,205.54,0.0,1.0
2015-01-02,169.5394069669,205.43,0.0,1.0
2015-01-05,166.4775795812,201.72,0.0,1.0
2015-01-06,164.9095278203,199.82,0.0,1.0
2015-01-07,166.9645009174,202.31,0.0,1.0
2015-01-08,169.9272934551,205.9,0.0,1.0
2015-01-09,168.5655642943,204.25,0.0,1.0
2015-01-12,167.2450996536,202.65,0.0,1.0
2015-01-13,166.7746841253,202.08,0.0,1.0
2015-01-14,165.7678298368,200.86,0.0,1.0
2015-01-15,164.2492954999,199.02,0.0,1.0
2015-01-16,166.4033034451,201.63,0.0,1.0
2015-01-20,166.7581783173,202.06,0.0,1.0
2015-01-21,167.5999745258,203.08,0.0,1.0
2015-01-22,170.0923515352,206.1,0.0,1.0
2015-01-23,169.1597733827,204.97,0.0,1.0
2015-01-26,169.5559127749,205.45,0.0,1.0
2015-01-27,167.3193757896,202.74,0.0,1.0
2015-01-28,165.1736207484,200.14,0.0,1.0
2015-01-29,166.7004079893,201.99,0.0,1.0
2015-01-30,164.6041703721,199.45,0.0,1.0
2015-02-02,166.6426376613,201.92,0.0,1.0
2015-02-03,169.0524856306,204.84,0.0,1.0
2015-02-04,168.4087591182,204.06,0.0,1.0
2015-02-05,170.1088573432,206.12,0.0,1.0
2015-02-06,169.6384418149,205.55,0.0,1.0
2015-02-09,168.8791746465,204.63,0.0,1.0
2015-02-10,170.6783077195,206.81,0.0,1.0
2015-02-11,170.7773425676,206.93,0.0,1.0
2015-02-12,172.4196704645,208.92,0.0,1.0
2015-02-13,173.1294202089,209.78,0.0,1.0
2015-02-17,173.401766041,210.11,0.0,1.0
2015-02-18,173.418271849,210.13,0.0,1.0
2015-02-19,173.294478289,209.98,0.0,1.0
2015-02-20,174.3343441936,211.24,0.0,1.0
2015-02-23,174.3095854815,211.21,0.0,1.0
2015-02-24,174.8047597218,211.81,0.0,1.0
2015-02-25,174.6562074497,211.63,0.0,1.0
2015-02-26,174.4498848496,211.38,0.0,1.0
2015-02-27,173.8556757613,210.66,0.0,1.0
2015-03-02,174.9533119939,211.99,0.0,1.0
2015-03-03,174.2353093455,211.12,0.0,1.0
2015-03-04,173.5008008891,210.23,0.0,1.0
2015-03-05,173.6906234582,210.460007,0.0,1.0
2015-03-06,171.2477580958,207.5,0.0,1.0
2015-03-09,171.9575078402,208.36,0.0,1.0
2015-03-10,169.1680262867,204.98,0.0,1.0
2015-03-11,168.7718868944,204.5,0.0,1.0
2015-03-12,170.9176419356,207.1,0.0,1.0
2015-03-13,169.8695231271,205.83,0.0,1.0
2015-03-16,172.1390717283,208.58,0.0,1.0
2015-03-17,171.62739168,207.96,0.0,1.0
2015-03-18,173.6906176812,210.46,0.0,1.0
2015-03-19,172.8983388968,209.5,0.0,1.0
2015-03-20,174.4175417188,210.41,0.93081,1.0
2015-03-23,174.0776757804,210.0,0.0,1.0
2015-03-24,173.0995250308,208.82,0.0,1.0
2015-03-25,170.5629646123,205.76,0.0,1.0
2015-03-26,170.1567833688,205.27,0.0,1.0
2015-03-27,170.546385786,205.74,0.0,1.0
2015-03-30,172.6270284822,208.25,0.0,1.0
2015-03-31,171.1183552921,206.43,0.0,1.0
2015-04-01,170.5132281335,205.7,0.0,1.0
2015-04-02,171.1266447053,206.44,0.0,1.0
2015-04-06,172.2788731307,207.83,0.0,1.0
2015-04-07,171.8229554084,207.28,0.0,1.0
2015-04-08,172.4032143277,207.98,0.0,1.0
2015-04-09,173.1658403358,208.9,0.0,1.0
2015-04-10,174.1108334329,210.04,0.0,1.0
2015-04-13,173.3233391853,209.09,0.0,1.0
2015-04-14,173.6549157106,209.49,0.0,1.0
2015-04-15,174.4341205451,210.43,0.0,1.0
2015-04-16,174.3843840663,210.37,0.0,1.0
2015-04-17,172.3783460883,207.95,0.0,1.0
2015-04-20,173.9533345834,209.85,0.0,1.0
2015-04-21,173.7460992551,209.6,0.0,1.0
2015-04-22,174.5999088077,210.63,0.0,1.0
2015-04-23,175.0392477038,211.16,0.0,1.0
2015-04-24,175.4454289472,211.65,0.0,1.0
2015-04-27,174.7159605916,210.77,0.0,1.0
2015-04-28,175.2713512715,211.44,0.0,1.0
2015-04-29,174.5501723289,210.57,0.0,1.0
2015-04-30,172.801106158,208.46,0.0,1.0
2015-05-01,174.6745135259,210.72,0.0,1.0
2015-05-04,175.1718783139,211.32,0.0,1.0
2015-05-05,173.1658403358,208.9,0.0,1.0
2015-05-06,172.4529508064,208.04,0.0,1.0
2015-05-07,173.1409720964,208.87,0.0,1.0
2015-05-08,175.4205607078,211.62,0.0,1.0
2015-05-11,174.5833299815,210.61,0.0,1.0
2015-05-12,174.0610969541,209.98,0.0,1.0
2015-05-13,174.0942546067,210.02,0.0,1.0
2015-05-14,175.9096360827,212.21,0.0,1.0
2015-05-15,176.1002925847,212.44,0.0,1.0
2015-05-18,176.6473938514,213.1,0.0,1.0
2015-05-19,176.5893679595,213.03,0.0,1.0
2015-05-20,176.4650267625,212.88,0.0,1.0
2015-05-21,176.9789703767,213.5,0.0,1.0
2015-05-22,176.556210307,212.99,0.0,1.0
2015-05-26,174.6579346997,210.7,0.0,1.0
2015-05-27,176.3158173261,212.7,0.0,1.0
2015-05-28,176.116871411,212.46,0.0,1.0
2015-05-29,175.0226688775,211.14,0.0,1.0
2015-06-01,175.3791136422,211.57,0.0,1.0
2015-06-02,175.2050359664,211.36,0.0,1.0
2015-06-03,175.6692431018,211.92,0.0,1.0
2015-06-04,174.1854381511,210.13,0.0,1.0
2015-06-05,173.8870192784,209.77,0.0,1.0
2015-06-08,172.7679485055,208.42,0.0,1.0
2015-06-09,172.7928167449,208.45,0.0,1.0
2015-06-10,174.8734594411,210.96,0.0,1.0
2015-06-11,175.4454289472,211.65,0.0,1.0
2015-06-12,174.0196498885,209.93,0.0,1.0
2015-06-15,173.3316285985,209.1,0.0,1.0
2015-06-16,174.2849111087,210.25,0.0,1.0
2015-06-17,174.5667511552,210.59,0.0,1.0
2015-06-18,176.3241067393,212.71,0.0,1.0
2015-06-19,175.6029858227,210.81,1.03007,1.0
2015-06-22,176.5026168871,211.89,0.0,1.0
2015-06-23,176.6358955633,212.05,0.0,1.0
2015-06-24,175.3530883048,210.51,0.0,1.0
2015-06-25,174.7866539309,209.83,0.0,1.0
2015-06-26,174.8449633517,209.9,0.0,1.0
2015-06-29,171.1548100042,205.47,0.0,1.0
2015-06-30,171.5046665292,205.89,0.0,1.0
2015-07-01,172.9040926294,207.57,0.0,1.0
2015-07-02,172.6958446978,207.32,0.0,1.0
2015-07-06,172.1544000757,206.67,0.0,1.0
2015-07-07,173.270608989,208.01,0.0,1.0
2015-07-08,170.3717977814,204.53,0.0,1.0
2015-07-09,170.5967055475,204.8,0.0,1.0
2015-07-10,172.829123374,207.48,0.0,1.0
2015-07-13,174.72834451,209.76,0.0,1.0
2015-07-14,175.5280165673,210.72,0.0,1.0
2015-07-15,175.4530473119,210.63,0.0,1.0
2015-07-16,176.8191537431,212.27,0.0,1.0
2015-07-17,176.9857520883,212.47,0.0,1.0
2015-07-20,177.1107008473,212.62,0.0,1.0
2015-07-21,176.3943279626,211.76,0.0,1.0
2015-07-22,176.0028218513,211.29,0.0,1.0
2015-07-23,175.044881366,210.14,0.0,1.0
2015-07-24,173.2122995682,207.94,0.0,1.0
2015-07-27,172.2127094966,206.74,0.0,1.0
2015-07-28,174.3534982332,209.31,0.0,1.0
2015-07-29,175.5696661536,210.77,0.0,1.0
2015-07-30,175.6113157399,210.82,0.0,1.0
2015-07-31,175.3031088012,210.45,0.0,1.0
2015-08-03,174.7033547582,209.73,0.0,1.0
2015-08-04,174.3618281505,209.32,0.0,1.0
2015-08-05,175.011561697,210.1,0.0,1.0
2015-08-06,173.5538261759,208.35,0.0,1.0
2015-08-07,173.1956397336,207.92,0.0,1.0
2015-08-10,175.4530473119,210.63,0.0,1.0
2015-08-11,173.8120536111,208.66,0.0,1.0
2015-08-12,174.0286314599,208.92,0.0,1.0
2015-08-13,173.8453732801,208.7,0.0,1.0
2015-08-14,174.3951478195,209.36,0.0,1.0
2015-08-17,175.3947378911,210.56,0.0,1.0
2015-08-18,174.8699531035,209.93,0.0,1.0
2015-08-19,173.4955167551,208.28,0.0,1.0
2015-08-20,169.9386420838,204.01,0.0,1.0
2015-08-21,164.6241548699,197.63,0.0,1.0
2015-08-24,157.8519321351,189.5,0.0,1.0
2015-08-25,155.9610409163,187.23,0.0,1.0
2015-08-26,162.1668292773,194.68,0.0,1.0
2015-08-27,165.8986322112,199.16,0.0,1.0
2015-08-28,165.9652715493,199.24,0.0,1.0
2015-08-31,164.5491856146,197.54,0.0,1.0
2015-09-01,159.7428233538,191.77,0.0,1.0
2015-09-02,162.7749132375,195.41,0.0,1.0
2015-09-03,162.9748312518,195.65,0.0,1.0
2015-09-04,160.4258765693,192.59,0.0,1.0
2015-09-08,164.4825462765,197.46,0.0,1.0
2015-09-09,162.2334686154,194.76,0.0,1.0
2015-09-10,163.1414295971,195.85,0.0,1.0
2015-09-11,163.8827922335,196.74,0.0,1.0
2015-09-14,163.2497185215,195.98,0.0,1.0
2015-09-15,165.3072080855,198.45,0.0,1.0
2015-09-16,166.714964103,200.14,0.0,1.0
2015-09-17,166.3484477434,199.7,0.0,1.0
2015-09-18,163.5941022909,195.36,1.03343,1.0
2015-09-21,164.4984922913,196.44,0.0,1.0
2015-09-22,162.3715009941,193.9,0.0,1.0
2015-09-23,162.1202815496,193.6,0.0,1.0
2015-09-24,161.5592247901,192.93,0.0,1.0
2015-09-25,161.5089809012,192.87,0.0,1.0
2015-09-28,157.3554860846,187.91,0.0,1.0
2015-09-29,157.4978437699,188.08,0.0,1.0
2015-09-30,160.4371112711,191.59,0.0,1.0
2015-10-01,160.8893062713,192.13,0.0,1.0
2015-10-02,163.2926389575,195.0,0.0,1.0
2015-10-05,166.1984105328,198.47,0.0,1.0
2015-10-06,165.6289797918,197.79,0.0,1.0
2015-10-07,166.9855647924,199.41,0.0,1.0
2015-10-08,168.4928814597,201.21,0.0,1.0
2015-10-09,168.5933692375,201.33,0.0,1.0
2015-10-12,168.7524748857,201.52,0.0,1.0
2015-10-13,167.6889792371,200.25,0.0,1.0
2015-10-14,166.8850770145,199.29,0.0,1.0
2015-10-15,169.4475153489,202.35,0.0,1.0
2015-10-16,170.2179216456,203.27,0.0,1.0
2015-10-19,170.3016614604,203.37,0.0,1.0
2015-10-20,170.0839379418,203.11,0.0,1.0
2015-10-21,169.0288162747,201.85,0.0,1.0
2015-10-22,171.8424740537,205.21,0.0,1.0
2015-10-23,173.7768637767,207.52,0.0,1.0
2015-10-26,173.333042758,206.99,0.0,1.0
2015-10-27,172.9813355356,206.57,0.0,1.0
2015-10-28,174.9659691476,208.94,0.0,1.0
2015-10-29,174.9240992401,208.89,0.0,1.0
2015-10-30,174.1201970176,207.93,0.0,1.0
2015-11-02,176.1801964629,210.39,0.0,1.0
2015-11-03,176.6910093335,211.0,0.0,1.0
2015-11-04,176.1718224814,210.38,0.0,1.0
2015-11-05,175.9792209072,210.15,0.0,1.0
2015-11-06,175.8871071109,210.04,0.0,1.0
2015-11-09,174.2458067399,208.08,0.0,1.0
2015-11-10,174.6477578511,208.56,0.0,1.0
2015-11-11,173.9610913694,207.74,0.0,1.0
2015-11-12,171.5326367387,204.84,0.0,1.0
2015-11-13,169.6066209972,202.54,0.0,1.0
2015-11-16,172.1858072945,205.62,0.0,1.0
2015-11-17,172.0601975723,205.47,0.0,1.0
2015-11-18,174.7901155364,208.73,0.0,1.0
2015-11-19,174.6393838696,208.55,0.0,1.0
2015-11-20,175.2758064625,209.31,0.0,1.0
2015-11-23,175.0748309069,209.07,0.0,1.0
2015-11-24,175.3093023884,209.35,0.0,1.0
2015-11-25,175.284180444,209.32,0.0,1.0
2015-11-27,175.4851559996,209.56,0.0,1.0
2015-11-30,174.7566196104,208.69,0.0,1.0
2015-12-01,176.423041926,210.68,0.0,1.0
2015-12-02,174.6226359067,208.53,0.0,1.0
2015-12-03,172.1774333131,205.61,0.0,1.0
2015-12-04,175.5353998885,209.62,0.0,1.0
2015-12-07,174.4719042399,208.35,0.0,1.0
2015-12-08,173.299546832,206.95,0.0,1.0
2015-12-09,171.951335813,205.34,0.0,1.0
2015-12-10,172.3951568317,205.87,0.0,1.0
2015-12-11,169.0539382192,201.88,0.0,1.0
2015-12-14,169.9080843306,202.9,0.0,1.0
2015-12-15,171.6917423869,205.03,0.0,1.0
2015-12-16,174.2039368324,208.03,0.0,1.0
2015-12-17,171.5493847017,204.86,0.0,1.0
2015-12-18,168.5109273898,200.02,1.21155,1.0
2015-12-21,169.9010035331,201.67,0.0,1.0
2015-12-22,171.4427243466,203.5,0.0,1.0
2015-12-23,173.5657497292,206.02,0.0,1.0
2015-12-24,173.2793097966,205.68,0.0,1.0
2015-12-28,172.8833487134,205.21,0.0,1.0
2015-12-29,174.7283588673,207.4,0.0,1.0
2015-12-30,173.4899273941,205.93,0.0,1.0
2015-12-31,171.7544383909,203.87,0.0,1.0
2016-01-04,169.3534011495,201.020004,0.0,1.0
2016-01-05,169.6398385547,201.360001,0.0,1.0
2016-01-06,167.4999688192,198.820007,0.0,1.0
2016-01-07,163.4813816894,194.050003,0.0,1.0
2016-01-08,161.6869155465,191.919998,0.0,1.0
2016-01-11,161.846987448,192.110001,0.0,1.0
2016-01-12,163.1528190798,193.660004,0.0,1.0
2016-01-13,159.0836854116,188.830002,0.0,1.0
2016-01-14,161.6953360381,191.929993,0.0,1.0
2016-01-15,158.224362244,187.809998,0.0,1.0
2016-01-19,158.4349798415,188.059998,0.0,1.0
2016-01-20,156.4046228319,185.649994,0.0,1.0
2016-01-21,157.2807987772,186.690002,0.0,1.0
2016-01-22,160.5074620555,190.520004,0.0,1.0
2016-01-25,158.0811431202,187.639999,0.0,1.0
2016-01-26,160.2378656334,190.199997,0.0,1.0
2016-01-27,158.4939586661,188.130005,0.0,1.0
2016-01-28,159.3195762783,189.110001,0.0,1.0
2016-01-29,163.2033647758,193.720001,0.0,1.0
2016-02-01,163.1443859512,193.649994,0.0,1.0
2016-02-02,160.2041727151,190.160004,0.0,1.0
2016-02-03,161.1645881172,191.300003,0.0,1.0
2016-02-04,161.4173317615,191.600006,0.0,1.0
2016-02-05,158.3423072561,187.949997,0.0,1.0
2016-02-08,156.2108580121,185.419998,0.0,1.0
2016-02-09,156.2192785037,185.429993,0.0,1.0
2016-02-10,156.0844925085,185.270004,0.0,1.0
2016-02-11,154.0541363414,182.860001,0.0,1.0
2016-02-12,157.2302530812,186.630005,0.0,1.0
2016-02-16,159.8840297546,189.779999,0.0,1.0
2016-02-17,162.4956930182,192.880005,0.0,1.0
2016-02-18,161.8301338279,192.089996,0.0,1.0
2016-02-19,161.7543148627,192.0,0.0,1.0
2016-02-22,164.0963817042,194.779999,0.0,1.0
2016-02-23,162.0239112847,192.320007,0.0,1.0
2016-02-24,162.7652768032,193.199997,0.0,1.0
2016-02-25,164.7366541457,195.539993,0.0,1.0
2016-02-26,164.3575449976,195.089996,0.0,1.0
2016-02-29,163.068566986,193.559998,0.0,1.0
2016-03-01,166.9018097875,198.110001,0.0,1.0
2016-03-02,167.651607592,199.0,0.0,1.0
2016-03-03,168.3087336537,199.779999,0.0,1.0
2016-03-04,168.8563343523,200.429993,0.0,1.0
2016-03-07,168.9911321421,200.589996,0.0,1.0
2016-03-08,167.1461203033,198.399994,0.0,1.0
2016-03-09,167.9717505526,199.380005,0.0,1.0
2016-03-10,168.1065357053,199.539993,0.0,1.0
2016-03-11,170.8192920458,202.759995,0.0,1.0
2016-03-14,170.6002539567,202.5,0.0,1.0
2016-03-15,170.3222370431,202.169998,0.0,1.0
2016-03-16,171.3079257144,203.339996,0.0,1.0
2016-03-17,172.3947200996,204.630005,0.0,1.0
2016-03-18,173.0683627932,204.380005,1.049604,1.0
2016-03-21,173.3139279782,204.669998,0.0,1.0
2016-03-22,173.2207803148,204.559998,0.0,1.0
2016-03-23,172.0776120673,203.210007,0.0,1.0
2016-03-24,172.0013901811,203.119995,0.0,1.0
2016-03-28,172.1030142819,203.240005,0.0,1.0
2016-03-29,173.6949840607,205.119995,0.0,1.0
2016-03-30,174.4571089277,206.020004,0.0,1.0
2016-03-31,174.0337104578,205.520004,0.0,1.0
2016-04-01,175.2192210928,206.919998,0.0,1.0
2016-04-04,174.6518688367,206.25,0.0,1.0
2016-04-05,172.9074688343,204.190002,0.0,1.0
2016-04-06,174.7958226229,206.419998,0.0,1.0
2016-04-07,172.7042333348,203.949997,0.0,1.0
2016-04-08,173.169974192,204.5,0.0,1.0
2016-04-11,172.7635150481,204.020004,0.0,1.0
2016-04-12,174.372424153,205.919998,0.0,1.0
2016-04-13,176.1337634814,208.0,0.0,1.0
2016-04-14,176.1422272168,208.009995,0.0,1.0
2016-04-15,175.9474673078,207.779999,0.0,1.0
2016-04-18,177.1837959207,209.240005,0.0,1.0
2016-04-19,177.7426725863,209.899994,0.0,1.0
2016-04-20,177.9120421358,210.100006,0.0,1.0
2016-04-21,176.9551573598,208.970001,0.0,1.0
2016-04-22,176.9551573598,208.970001,0.0,1.0
2016-04-25,176.6503104615,208.610001,0.0,1.0
2016-04-26,176.9128149724,208.919998,0.0,1.0
2016-04-27,177.2769444309,209.350006,0.0,1.0
2016-04-28,175.6680226241,207.449997,0.0,1.0
2016-04-29,174.7196142855,206.330002,0.0,1.0
2016-05-02,176.10836042,207.970001,0.0,1.0
2016-05-03,174.5756604993,206.160004,0.0,1.0
2016-05-04,173.6018363974,205.009995,0.0,1.0
2016-05-05,173.5679696005,204.970001,0.0,1.0
2016-05-06,174.2030673054,205.720001,0.0,1.0
2016-05-09,174.3470210916,205.889999,0.0,1.0
2016-05-10,176.5148195639,208.449997,0.0,1.0
2016-05-11,174.8635680717,206.5,0.0,1.0
2016-05-12,174.9143741945,206.559998,0.0,1.0
2016-05-13,173.3901371624,204.759995,0.0,1.0
2016-05-16,175.100670368,206.779999,0.0,1.0
2016-05-17,173.4663582018,204.850006,0.0,1.0
2016-05-18,173.5171643246,204.910004,0.0,1.0
2016-05-19,172.9159325697,204.199997,0.0,1.0
2016-05-20,174.0083073964,205.490005,0.0,1.0
2016-05-23,173.7712059469,205.210007,0.0,1.0
2016-05-24,176.0236756452,207.869995,0.0,1.0
2016-05-25,177.2176627176,209.279999,0.0,1.0
2016-05-26,177.2684679936,209.339996,0.0,1.0
2016-05-27,178.0305928606,210.240005,0.0,1.0
2016-05-31,177.6918664635,209.839996,0.0,1.0
2016-06-01,178.055995922,210.270004,0.0,1.0
2016-06-02,178.5979459634,210.910004,0.0,1.0
2016-06-03,178.0644596574,210.279999,0.0,1.0
2016-06-06,178.9705383106,211.350006,0.0,1.0
2016-06-07,179.2499702923,211.679993,0.0,1.0
2016-06-08,179.8342618744,212.369995,0.0,1.0
2016-06-09,179.5886966894,212.080002,0.0,1.0
2016-06-10,177.8866390744,210.070007,0.0,1.0
2016-06-13,176.5148195639,208.449997,0.0,1.0
2016-06-14,176.1676294314,208.039993,0.0,1.0
2016-06-15,175.9220642464,207.75,0.0,1.0
2016-06-16,176.4470741151,208.369995,0.0,1.0
2016-06-17,175.793728783,206.520004,1.078442,1.0
2016-06-20,176.9258516105,207.850006,0.0,1.0
2016-06-21,177.4280673514,208.440002,0.0,1.0
2016-06-22,177.1386563333,208.100006,0.0,1.0
2016-06-23,179.4454527183,210.809998,0.0,1.0
2016-06-24,173.0017316716,203.240005,0.0,1.0
2016-06-27,169.9032957594,199.600006,0.0,1.0
2016-06-28,172.9676761062,203.199997,0.0,1.0
2016-06-29,175.9128994278,206.660004,0.0,1.0
2016-06-30,178.3133298908,209.479996,0.0,1.0
2016-07-01,178.6878679053,209.919998,0.0,1.0
2016-07-05,177.4025324871,208.410004,0.0,1.0
2016-07-06,178.4665561009,209.660004,0.0,1.0
2016-07-07,178.355893389,209.529999,0.0,1.0
2016-07-08,181.0116920729,212.649994,0.0,1.0
2016-07-11,181.6501062412,213.399994,0.0,1.0
2016-07-12,182.969498076,214.949997,0.0,1.0
2016-07-13,182.9439623605,214.919998,0.0,1.0
2016-07-14,183.9654224761,216.119995,0.0,1.0
2016-07-15,183.7185749562,215.830002,0.0,1.0
2016-07-18,184.2122836154,216.410004,0.0,1.0
2016-07-19,184.025013757,216.190002,0.0,1.0
2016-07-20,184.7911056516,217.089996,0.0,1.0
2016-07-21,184.0931129707,216.270004,0.0,1.0
2016-07-22,184.9187961462,217.240005,0.0,1.0
2016-07-25,184.4165676371,216.649994,0.0,1.0
2016-07-26,184.5016946335,216.75,0.0,1.0
2016-07-27,184.3059176934,216.520004,0.0,1.0
2016-07-28,184.5187224162,216.770004,0.0,1.0
2016-07-29,184.8166413671,217.119995,0.0,1.0
2016-08-01,184.6634279252,216.940002,0.0,1.0
2016-08-02,183.4802345179,215.550003,0.0,1.0
2016-08-03,184.0164939071,216.179993,0.0,1.0
2016-08-04,184.2122836154,216.410004,0.0,1.0
2016-08-05,185.7189316892,218.179993,0.0,1.0
2016-08-08,185.6082817455,218.050003,0.0,1.0
2016-08-09,185.7189316892,218.179993,0.0,1.0
2016-08-10,185.2592785953,217.639999,0.0,1.0
2016-08-11,186.1190054192,218.649994,0.0,1.0
2016-08-12,185.9572848957,218.460007,0.0,1.0
2016-08-15,186.4935434337,219.089996,0.0,1.0
2016-08-16,185.5316754502,217.960007,0.0,1.0
2016-08-17,185.8806649809,218.369995,0.0,1.0
2016-08-18,186.2977673448,218.860001,0.0,1.0
2016-08-19,186.0253704899,218.539993,0.0,1.0
2016-08-22,186.0168634083,218.529999,0.0,1.0
2016-08-23,186.3914014228,218.970001,0.0,1.0
2016-08-24,185.438040521,217.850006,0.0,1.0
2016-08-25,185.3103500263,217.699997,0.0,1.0
2016-08-26,184.9613468761,217.289993,0.0,1.0
2016-08-29,185.8721578993,218.360001,0.0,1.0
2016-08-30,185.5657182473,218.0,0.0,1.0
2016-08-31,185.037966791,217.380005,0.0,1.0
2016-09-01,185.0464738726,217.389999,0.0,1.0
2016-09-02,185.8806649809,218.369995,0.0,1.0
2016-09-06,186.4424728539,219.029999,0.0,1.0
2016-09-07,186.4254450712,219.009995,0.0,1.0
2016-09-08,185.9998356257,218.509995,0.0,1.0
2016-09-09,181.5479642304,213.279999,0.0,1.0
2016-09-12,184.1526914833,216.339996,0.0,1.0
2016-09-13,181.5054007322,213.229996,0.0,1.0
2016-09-14,181.4373015184,213.149994,0.0,1.0
2016-09-15,183.2504020125,215.279999,0.0,1.0
2016-09-16,182.5456472487,213.369995,1.082068,1.0
2016-09-19,182.5798763764,213.410004,0.0,1.0
2016-09-20,182.5884266001,213.419998,0.0,1.0
2016-09-21,184.6417199711,215.820007,0.0,1.0
2016-09-22,185.8052365406,217.179993,0.0,1.0
2016-09-23,184.7871593284,215.990005,0.0,1.0
2016-09-26,183.2899718599,214.240005,0.0,1.0
2016-09-27,184.427836047,215.570007,0.0,1.0
2016-09-28,185.3432523978,216.639999,0.0,1.0
2016-09-29,183.6663972998,214.679993,0.0,1.0
2016-09-30,185.0523736832,216.300003,0.0,1.0
2016-10-03,184.607491699,215.779999,0.0,1.0
2016-10-04,183.6663972998,214.679993,0.0,1.0
2016-10-05,184.4791664778,215.630005,0.0,1.0
2016-10-06,184.607491699,215.779999,0.0,1.0
2016-10-07,183.9743901505,215.039993,0.0,1.0
2016-10-10,184.9325995413,216.160004,0.0,1.0
2016-10-11,182.5969776794,213.429993,0.0,1.0
2016-10-12,182.8365396519,213.710007,0.0,1.0
2016-10-13,182.237654398,213.009995,0.0,1.0
2016-10-14,182.3317633246,213.119995,0.0,1.0
2016-10-17,181.6986754647,212.380005,0.0,1.0
2016-10-18,182.8365396519,213.710007,0.0,1.0
2016-10-19,183.3241881545,214.279999,0.0,1.0
2016-10-20,182.9819790092,213.880005,0.0,1.0
2016-10-21,183.067524879,213.979996,0.0,1.0
2016-10-24,183.8460649293,214.889999,0.0,1.0
2016-10-25,183.2300783724,214.169998,0.0,1.0
2016-10-26,182.8622040117,213.740005,0.0,1.0
2016-10-27,182.374542676,213.169998,0.0,1.0
2016-10-28,181.8355509097,212.539993,0.0,1.0
2016-10-31,181.844114822,212.550003,0.0,1.0
2016-11-01,180.5265830053,211.009995,0.0,1.0
2016-11-02,179.4400612264,209.740005,0.0,1.0
2016-11-03,178.6187418247,208.779999,0.0,1.0
2016-11-04,178.4219720367,208.550003,0.0,1.0
2016-11-07,182.35742854,213.149994,0.0,1.0
2016-11-08,183.1787487972,214.110001,0.0,1.0
2016-11-09,185.12081825,216.380005,0.0,1.0
2016-11-10,185.5828015373,216.919998,0.0,1.0
2016-11-11,185.1550336891,216.419998,0.0,1.0
2016-11-14,185.3004730464,216.589996,0.0,1.0
2016-11-15,186.7463309398,218.279999,0.0,1.0
2016-11-16,186.3955578822,217.869995,0.0,1.0
2016-11-17,187.3537664174,218.990005,0.0,1.0
2016-11-18,186.9345496485,218.5,0.0,1.0
2016-11-21,188.3461784143,220.149994,0.0,1.0
2016-11-22,188.714065608,220.580002,0.0,1.0
2016-11-23,188.8167256139,220.699997,0.0,1.0
2016-11-25,189.5182708736,221.520004,0.0,1.0
2016-11-28,188.6285069051,220.479996,0.0,1.0
2016-11-29,188.9963940989,220.910004,0.0,1.0
2016-11-30,188.5429610353,220.380005,0.0,1.0
2016-12-01,187.8499788324,219.570007,0.0,1.0
2016-12-02,187.9440757815,219.679993,0.0,1.0
2016-12-05,189.0733888894,221.0,0.0,1.0
2016-12-06,189.6722613102,221.699997,0.0,1.0
2016-12-07,192.1533225294,224.600006,0.0,1.0
2016-12-08,192.6238568959,225.149994,0.0,1.0
2016-12-09,193.7873862985,226.509995,0.0,1.0
2016-12-12,193.5649512951,226.25,0.0,1.0
2016-12-13,194.8568059189,227.759995,0.0,1.0
2016-12-14,193.2484073652,225.880005,0.0,1.0
2016-12-15,194.044049574,226.809998,0.0,1.0
2016-12-16,193.6666941667,225.039993,1.32893,1.0
2016-12-19,194.0883873995,225.529999,0.0,1.0
2016-12-20,194.8370945663,226.399994,0.0,1.0
2016-12-21,194.2949327975,225.770004,0.0,1.0
2016-12-22,193.9593043785,225.380005,0.0,1.0
2016-12-23,194.2433001055,225.710007,0.0,1.0
2016-12-27,194.7252267457,226.270004,0.0,1.0
2016-12-28,193.1159187737,224.399994,0.0,1.0
2016-12-29,193.0728997059,224.350006,0.0,1.0
2016-12-30,192.3672116068,223.529999,0.0,1.0
2017-01-03,193.8388220731,225.240005,0.0,1.0
2017-01-04,194.9920072724,226.580002,0.0,1.0
2017-01-05,194.8370945663,226.399994,0.0,1.0
2017-01-06,195.53418195,227.210007,0.0,1.0
2017-01-09,194.8887410278,226.460007,0.0,1.0
2017-01-10,194.8887410278,226.460007,0.0,1.0
2017-01-11,195.4395164208,227.100006,0.0,1.0
2017-01-12,194.9489752958,226.529999,0.0,1.0
2017-01-13,195.3964844442,227.050003,0.0,1.0
2017-01-17,194.7080115454,226.25,0.0,1.0
2017-01-18,195.1383054936,226.75,0.0,1.0
2017-01-19,194.415415103,225.910004,0.0,1.0
2017-01-20,195.1297039176,226.740005,0.0,1.0
2017-01-23,194.6219475923,226.149994,0.0,1.0
2017-01-24,195.869810369,227.600006,0.0,1.0
2017-01-25,197.5651693854,229.570007,0.0,1.0
2017-01-26,197.3586239873,229.330002,0.0,1.0
2017-01-27,197.048811484,228.970001,0.0,1.0
2017-01-30,195.8267783924,227.550003,0.0,1.0
2017-01-31,195.8095631921,227.529999,0.0,1.0
2017-02-01,195.8870126605,227.619995,0.0,1.0
2017-02-02,196.0161085902,227.770004,0.0,1.0
2017-02-03,197.3672247027,229.339996,0.0,1.0
2017-02-06,197.0143810835,228.929993,0.0,1.0
2017-02-07,197.0229947077,228.940002,0.0,1.0
2017-02-08,197.2811736584,229.240005,0.0,1.0
2017-02-09,198.451574058,230.600006,0.0,1.0
2017-02-10,199.2346995772,231.509995,0.0,1.0
2017-02-13,200.3190480719,232.770004,0.0,1.0
2017-02-14,201.1193887913,233.699997,0.0,1.0
2017-02-15,202.1693068854,234.919998,0.0,1.0
2017-02-16,201.9971918879,234.720001,0.0,1.0
2017-02-17,202.3156051066,235.089996,0.0,1.0
2017-02-21,203.5204359068,236.490005,0.0,1.0
2017-02-22,203.339707285,236.279999,0.0,1.0
2017-02-23,203.4774039302,236.440002,0.0,1.0
2017-02-24,203.7355828809,236.740005,0.0,1.0
2017-02-27,204.0539969602,237.110001,0.0,1.0
2017-02-28,203.5032207065,236.470001,0.0,1.0
2017-03-01,206.3517649222,239.779999,0.0,1.0
2017-03-02,205.0522815017,238.270004,0.0,1.0
2017-03-03,205.1813645226,238.419998,0.0,1.0
2017-03-06,204.5703548615,237.710007,0.0,1.0
2017-03-07,203.959331431,237.0,0.0,1.0
2017-03-08,203.5806710354,236.559998,0.0,1.0
2017-03-09,203.8388499861,236.860001,0.0,1.0
2017-03-10,204.5531388006,237.690002,0.0,1.0
2017-03-13,204.6564059059,237.809998,0.0,1.0
2017-03-14,203.8732674778,236.899994,0.0,1.0
2017-03-15,205.6374752471,238.949997,0.0,1.0
2017-03-16,205.2329980752,238.479996,0.0,1.0
2017-03-17,204.8742370536,237.029999,1.033118,1.0
2017-03-20,204.6495132739,236.770004,0.0,1.0
2017-03-21,202.0219162514,233.729996,0.0,1.0
2017-03-22,202.4973052126,234.279999,0.0,1.0
2017-03-23,202.2812204998,234.029999,0.0,1.0
2017-03-24,202.1342846237,233.860001,0.0,1.0
2017-03-27,201.9268381134,233.619995,0.0,1.0
2017-03-28,203.3962245326,235.320007,0.0,1.0
2017-03-29,203.5863669791,235.539993,0.0,1.0
2017-03-30,204.2346211176,236.289993,0.0,1.0
2017-03-31,203.7592451215,235.740005,0.0,1.0
2017-04-03,203.4048635994,235.330002,0.0,1.0
2017-04-04,203.5345092411,235.479996,0.0,1.0
2017-04-05,202.9294746382,234.779999,0.0,1.0
2017-04-06,203.4999408731,235.440002,0.0,1.0
2017-04-07,203.2924952271,235.199997,0.0,1.0
2017-04-10,203.4135018019,235.339996,0.0,1.0
2017-04-11,203.1714886522,235.059998,0.0,1.0
2017-04-12,202.2812204998,234.029999,0.0,1.0
2017-04-13,200.9674219885,232.509995,0.0,1.0
2017-04-17,202.7479703942,234.570007,0.0,1.0
2017-04-18,202.1429228262,233.869995,0.0,1.0
2017-04-19,201.7712631705,233.440002,0.0,1.0
2017-04-20,203.4135018019,235.339996,0.0,1.0
2017-04-21,202.7652476635,234.589996,0.0,1.0
2017-04-24,204.9952436284,237.169998,0.0,1.0
2017-04-25,206.1880355649,238.550003,0.0,1.0
2017-04-26,206.0583769581,238.399994,0.0,1.0
2017-04-27,206.2312551005,238.600006,0.0,1.0
2017-04-28,205.7817954404,238.080002,0.0,1.0
2017-05-01,206.3003909722,238.679993,0.0,1.0
2017-05-02,206.3781909765,238.770004,0.0,1.0
2017-05-03,206.1275257949,238.479996,0.0,1.0
2017-05-04,206.3695398089,238.759995,0.0,1.0
2017-05-05,207.1820200578,239.699997,0.0,1.0
2017-05-08,207.1474525541,239.660004,0.0,1.0
2017-05-09,206.9572962782,239.440002,0.0,1.0
2017-05-10,207.3289559339,239.869995,0.0,1.0
2017-05-11,206.9054385401,239.380005,0.0,1.0
2017-05-12,206.5596952206,238.979996,0.0,1.0
2017-05-15,207.7006285546,240.300003,0.0,1.0
2017-05-16,207.510473143,240.080002,0.0,1.0
2017-05-17,203.8283939583,235.820007,0.0,1.0
2017-05-18,204.6495132739,236.770004,0.0,1.0
2017-05-19,205.9805899189,238.309998,0.0,1.0
2017-05-22,207.026445115,239.520004,0.0,1.0
2017-05-23,207.4845438418,240.050003,0.0,1.0
2017-05-24,207.9685718698,240.610001,0.0,1.0
2017-05-25,208.9625563628,241.759995,0.0,1.0
2017-05-26,208.9193497923,241.710007,0.0,1.0
2017-05-30,208.7378325831,241.5,0.0,1.0
2017-05-31,208.6859739807,241.440002,0.0,1.0
2017-06-01,210.3455037108,243.360001,0.0,1.0
2017-06-02,211.0456155874,244.169998,0.0,1.0
2017-06-05,210.8900406445,243.990005,0.0,1.0
2017-06-06,210.2158580692,243.210007,0.0,1.0
2017-06-07,210.6048079592,243.660004,0.0,1.0
2017-06-08,210.7085242997,243.779999,0.0,1.0
2017-06-09,210.3887232464,243.410004,0.0,1.0
2017-06-12,210.3455037108,243.360001,0.0,1.0
2017-06-13,211.3740686725,244.550003,0.0,1.0
2017-06-14,211.1061253573,244.240005,0.0,1.0
2017-06-15,210.6998852329,243.770004,0.0,1.0
2017-06-16,210.7457842189,242.639999,1.183108,1.0
2017-06-19,212.5002663307,244.660004,0.0,1.0
2017-06-20,211.0671454846,243.009995,0.0,1.0
2017-06-21,211.0150340206,242.949997,0.0,1.0
2017-06-22,210.9194922834,242.839996,0.0,1.0
2017-06-23,211.1713805722,243.130005,0.0,1.0
2017-06-26,211.3103386857,243.289993,0.0,1.0
2017-06-27,209.6079819347,241.330002,0.0,1.0
2017-06-28,211.4840597786,243.490005,0.0,1.0
2017-06-29,209.625356476,241.350006,0.0,1.0
2017-06-30,210.0162028783,241.800003,0.0,1.0
2017-07-03,210.3723132264,242.210007,0.0,1.0
2017-07-05,210.8587004973,242.770004,0.0,1.0
2017-07-06,208.9305111895,240.550003,0.0,1.0
2017-07-07,210.28545268,242.110001,0.0,1.0
2017-07-10,210.5112756827,242.37,0.0,1.0
2017-07-11,210.3549360795,242.19,0.0,1.0
2017-07-12,211.9357031783,244.01,0.0,1.0
2017-07-13,212.2918100522,244.42,0.0,1.0
2017-07-14,213.2819608724,245.56,0.0,1.0
2017-07-17,213.2559042718,245.53,0.0,1.0
2017-07-18,213.3688162075,245.66,0.0,1.0
2017-07-19,214.5239921643,246.99,0.0,1.0
2017-07-20,214.6195330329,247.1,0.0,1.0
2017-07-21,214.4284512957,246.88,0.0,1.0
2017-07-24,214.3763380946,246.82,0.0,1.0
2017-07-25,214.8974701052,247.42,0.0,1.0
2017-07-26,214.9061556388,247.43,0.0,1.0
2017-07-27,214.706388368,247.2,0.0,1.0
2017-07-28,214.4545078962,246.91,0.0,1.0
2017-07-31,214.3329104271,246.77,0.0,1.0
2017-08-01,214.8106147701,247.32,0.0,1.0
2017-08-02,214.9148411723,247.44,0.0,1.0
2017-08-03,214.4979355638,246.96,0.0,1.0
2017-08-04,214.8887845717,247.41,0.0,1.0
2017-08-07,215.2883191132,247.87,0.0,1.0
2017-08-08,214.7585015691,247.26,0.0,1.0
2017-08-09,214.7498160356,247.25,0.0,1.0
2017-08-10,211.7185648406,243.76,0.0,1.0
2017-08-11,212.0312440469,244.12,0.0,1.0
2017-08-14,214.1331431564,246.54,0.0,1.0
2017-08-15,214.1070865558,246.51,0.0,1.0
2017-08-16,214.4805644968,246.94,0.0,1.0
2017-08-17,211.1366340954,243.09,0.0,1.0
2017-08-18,210.806583822,242.71,0.0,1.0
2017-08-21,210.9716089587,242.9,0.0,1.0
2017-08-22,213.1777344703,245.44,0.0,1.0
2017-08-23,212.4134075214,244.56,0.0,1.0
2017-08-24,211.9183321113,243.99,0.0,1.0
2017-08-25,212.4134075214,244.56,0.0,1.0
2017-08-28,212.4220930549,244.57,0.0,1.0
2017-08-29,212.6652879932,244.85,0.0,1.0
2017-08-30,213.6728098803,246.01,0.0,1.0
2017-08-31,214.9582688398,247.49,0.0,1.0
2017-09-01,215.2622625127,247.84,0.0,1.0
2017-09-05,213.7162375479,246.06,0.0,1.0
2017-09-06,214.4458223627,246.9,0.0,1.0
2017-09-07,214.4197657622,246.87,0.0,1.0
2017-09-08,214.1678852904,246.58,0.0,1.0
2017-09-11,216.4521806035,249.21,0.0,1.0
2017-09-12,217.1817654184,250.05,0.0,1.0
2017-09-13,217.2859918205,250.17,0.0,1.0
2017-09-14,217.2165075524,250.09,0.0,1.0
2017-09-15,217.5071029213,249.19,1.234574,1.0
2017-09-18,217.9697168486,249.72,0.0,1.0
2017-09-19,218.1879309653,249.97,0.0,1.0
2017-09-20,218.2664880473,250.06,0.0,1.0
2017-09-21,217.6816742146,249.39,0.0,1.0
2017-09-22,217.7253170379,249.44,0.0,1.0
2017-09-25,217.28016024,248.93,0.0,1.0
2017-09-26,217.41108871,249.08,0.0,1.0
2017-09-27,218.2577594826,250.05,0.0,1.0
2017-09-28,218.5196164226,250.35,0.0,1.0
2017-09-29,219.2877301132,251.23,0.0,1.0
2017-10-02,220.2391436619,252.32,0.0,1.0
2017-10-03,220.7104861538,252.86,0.0,1.0
2017-10-04,220.9723430938,253.16,0.0,1.0
2017-10-05,222.2816277938,254.66,0.0,1.0
2017-10-06,222.0284994185,254.37,0.0,1.0
2017-10-09,221.6618997025,253.95,0.0,1.0
2017-10-10,222.2467135351,254.62,0.0,1.0
2017-10-11,222.5958561218,255.02,0.0,1.0
2017-10-12,222.2641706645,254.64,0.0,1.0
2017-10-13,222.5347561691,254.95,0.0,1.0
2017-10-16,222.8315273678,255.29,0.0,1.0
2017-10-17,222.9886415318,255.47,0.0,1.0
2017-10-18,223.2068556484,255.72,0.0,1.0
2017-10-19,223.2679556011,255.79,0.0,1.0
2017-10-20,224.420126137,257.11,0.0,1.0
2017-10-23,223.5472696704,256.11,0.0,1.0
2017-10-24,223.9400550804,256.56,0.0,1.0
2017-10-25,222.8315273678,255.29,0.0,1.0
2017-10-26,223.1195700018,255.62,0.0,1.0
2017-10-27,224.943840017,257.71,0.0,1.0
2017-10-30,224.1058978091,256.75,0.0,1.0
2017-10-31,224.4550403957,257.15,0.0,1.0
2017-11-01,224.7518115944,257.49,0.0,1.0
2017-11-02,224.839097241,257.59,0.0,1.0
2017-11-03,225.5897538023,258.45,0.0,1.0
2017-11-06,225.938896389,258.85,0.0,1.0
2017-11-07,225.781782225,258.67,0.0,1.0
2017-11-08,226.1658390703,259.11,0.0,1.0
2017-11-09,225.3453539917,258.17,0.0,1.0
2017-11-10,225.2755254744,258.09,0.0,1.0
2017-11-13,225.4850110263,258.33,0.0,1.0
2017-11-14,224.9612971464,257.73,0.0,1.0
2017-11-15,223.8353123044,256.44,0.0,1.0
2017-11-16,225.7381394017,258.62,0.0,1.0
2017-11-17,225.074768487,257.86,0.0,1.0
2017-11-20,225.4588253323,258.3,0.0,1.0
2017-11-21,226.933952761,259.99,0.0,1.0
2017-11-22,226.7331957736,259.76,0.0,1.0
2017-11-24,227.2569096536,260.36,0.0,1.0
2017-11-27,227.143438313,260.23,0.0,1.0
2017-11-28,229.4477793849,262.87,0.0,1.0
2017-11-29,229.3081223502,262.71,0.0,1.0
2017-11-30,231.3156922235,265.01,0.0,1.0
2017-12-01,230.8356211668,264.46,0.0,1.0
2017-12-04,230.5563070975,264.14,0.0,1.0
2017-12-05,229.7270934542,263.19,0.0,1.0
2017-12-06,229.7707362775,263.24,0.0,1.0
2017-12-07,230.4952071448,264.07,0.0,1.0
2017-12-08,231.7521204568,265.51,0.0,1.0
2017-12-11,232.4504056301,266.31,0.0,1.0
2017-12-12,232.8606481694,266.78,0.0,1.0
2017-12-13,232.8344624754,266.75,0.0,1.0
2017-12-14,231.8830489268,265.66,0.0,1.0
2017-12-15,233.8044966711,266.51,1.351333,1.0
2017-12-18,235.2871037003,268.2,0.0,1.0
2017-12-19,234.3835029665,267.17,0.0,1.0
2017-12-20,234.2606834493,267.03,0.0,1.0
2017-12-21,234.7431886955,267.58,0.0,1.0
2017-12-22,234.6817789369,267.51,0.0,1.0
2017-12-26,234.4010486118,267.19,0.0,1.0
2017-12-27,234.5150953064,267.32,0.0,1.0
2017-12-28,234.9976005526,267.87,0.0,1.0
2017-12-29,234.1115454641,266.86,0.0,1.0
2018-01-02,235.7871545919,268.77,0.0,1.0
2018-01-03,237.2785344438,270.47,0.0,1.0
2018-01-04,238.2786362269,271.61,0.0,1.0
2018-01-05,239.8665171281,273.42,0.0,1.0
2018-01-08,240.305158261,273.92,0.0,1.0
2018-01-09,240.8490732658,274.54,0.0,1.0
2018-01-10,240.4806147142,274.12,0.0,1.0
2018-01-11,242.2351792459,276.12,0.0,1.0
2018-01-12,243.8142873244,277.92,0.0,1.0
2018-01-16,242.9808691718,276.97,0.0,1.0
2018-01-17,245.2968943537,279.61,0.0,1.0
2018-01-18,244.8845716887,279.14,0.0,1.0
2018-01-19,245.9987201663,280.41,0.0,1.0
2018-01-22,247.9989237325,282.69,0.0,1.0
2018-01-23,248.525293092,283.29,0.0,1.0
2018-01-24,248.4287920427,283.18,0.0,1.0
2018-01-25,248.5340659146,283.3,0.0,1.0
2018-01-26,251.4115517466,286.58,0.0,1.0
2018-01-29,249.7447154415,284.68,0.0,1.0
2018-01-30,247.1830512252,281.76,0.0,1.0
2018-01-31,247.3058707425,281.9,0.0,1.0
2018-02-01,247.0251404174,281.58,0.0,1.0
2018-02-02,241.6474001277,275.45,0.0,1.0
2018-02-05,231.5411084252,263.93,0.0,1.0
2018-02-06,236.1029762076,269.13,0.0,1.0
2018-02-07,234.8221440995,267.67,0.0,1.0
2018-02-08,226.0142301503,257.63,0.0,1.0
2018-02-09,229.4093125192,261.5,0.0,1.0
2018-02-12,232.77807642,265.34,0.0,1.0
2018-02-13,233.3570827155,266.0,0.0,1.0
2018-02-14,236.5065260499,269.59,0.0,1.0
2018-02-15,239.5243770444,273.03,0.0,1.0
2018-02-16,239.5945596257,273.11,0.0,1.0
2018-02-20,238.0944069511,271.4,0.0,1.0
2018-02-21,236.9100758922,270.05,0.0,1.0
2018-02-22,237.2171246852,270.4,0.0,1.0
2018-02-23,240.998211251,274.71,0.0,1.0
2018-02-26,243.7967416791,277.9,0.0,1.0
2018-02-27,240.7525722166,274.43,0.0,1.0
2018-02-28,238.3137275175,271.65,0.0,1.0
2018-03-01,234.8484625674,267.7,0.0,1.0
2018-03-02,236.0591120943,269.08,0.0,1.0
2018-03-05,238.7874599411,272.19,0.0,1.0
2018-03-06,239.3927847045,272.88,0.0,1.0
2018-03-07,239.3050564779,272.78,0.0,1.0
2018-03-08,240.4630690689,274.1,0.0,1.0
2018-03-09,244.6477054769,278.87,0.0,1.0
2018-03-12,244.3406566839,278.52,0.0,1.0
2018-03-13,242.7615486054,276.72,0.0,1.0
2018-03-14,241.5158077879,275.3,0.0,1.0
2018-03-15,241.2526231081,275.0,0.0,1.0
2018-03-16,241.512982939,274.2,1.09678,1.0
2018-03-19,238.2452471012,270.49,0.0,1.0
2018-03-20,238.6504111135,270.95,0.0,1.0
2018-03-21,238.1923996214,270.43,0.0,1.0
2018-03-22,232.2382502244,263.67,0.0,1.0
2018-03-23,227.2882029446,258.05,0.0,1.0
2018-03-26,233.5065897409,265.11,0.0,1.0
2018-03-27,229.5342208384,260.6,0.0,1.0
2018-03-28,228.8560115136,259.83,0.0,1.0
2018-03-29,231.7802387323,263.15,0.0,1.0
2018-04-02,226.7773439726,257.47,0.0,1.0
2018-04-03,229.6839553647,260.77,0.0,1.0
2018-04-04,232.141363178,263.56,0.0,1.0
2018-04-05,233.9734091463,265.64,0.0,1.0
2018-04-06,228.7591244672,259.72,0.0,1.0
2018-04-09,229.8865373708,261.0,0.0,1.0
2018-04-10,233.5418213941,265.15,0.0,1.0
2018-04-11,232.3175214441,263.76,0.0,1.0
2018-04-12,234.2288386322,265.93,0.0,1.0
2018-04-13,233.5418213941,265.15,0.0,1.0
2018-04-16,235.4619464955,267.33,0.0,1.0
2018-04-17,237.981009702,270.19,0.0,1.0
2018-04-18,238.1571679682,270.39,0.0,1.0
2018-04-19,236.8359809718,268.89,0.0,1.0
2018-04-20,234.8277767373,266.61,0.0,1.0
2018-04-23,234.792545084,266.57,0.0,1.0
2018-04-24,231.630504206,262.98,0.0,1.0
2018-04-25,232.2030185711,263.63,0.0,1.0
2018-04-26,234.563539338,266.31,0.0,1.0
2018-04-27,234.7837371707,266.56,0.0,1.0
2018-04-30,232.9781149423,264.51,0.0,1.0
2018-05-01,233.3920868679,264.98,0.0,1.0
2018-05-02,231.8242782988,263.2,0.0,1.0
2018-05-03,231.3134193269,262.62,0.0,1.0
2018-05-04,234.308109852,266.02,0.0,1.0
2018-05-07,235.1008220499,266.92,0.0,1.0
2018-05-08,235.1008220499,266.92,0.0,1.0
2018-05-09,237.3732636836,269.5,0.0,1.0
2018-05-10,239.5928578376,272.02,0.0,1.0
2018-05-11,240.3239146422,272.85,0.0,1.0
2018-05-14,240.4384175152,272.98,0.0,1.0
2018-05-15,238.7825298131,271.1,0.0,1.0
2018-05-16,239.7866319304,272.24,0.0,1.0
2018-05-17,239.5840499243,272.01,0.0,1.0
2018-05-18,238.9851118192,271.33,0.0,1.0
2018-05-21,240.7819261343,273.37,0.0,1.0
2018-05-22,240.1125247228,272.61,0.0,1.0
2018-05-23,240.773118221,273.36,0.0,1.0
2018-05-24,240.2798750757,272.8,0.0,1.0
2018-05-25,239.7073607106,272.15,0.0,1.0
2018-05-29,236.9504838448,269.02,0.0,1.0
2018-05-30,240.1125247228,272.61,0.0,1.0
2018-05-31,238.6416032002,270.94,0.0,1.0
2018-06-01,240.9845081404,273.6,0.0,1.0
2018-06-04,242.1295368706,274.9,0.0,1.0
2018-06-05,242.3056951368,275.1,0.0,1.0
2018-06-06,244.3315151979,277.4,0.0,1.0
2018-06-07,244.305091458,277.37,0.0,1.0
2018-06-08,245.0273403494,278.19,0.0,1.0
2018-06-11,245.3532331418,278.56,0.0,1.0
2018-06-12,245.6703180209,278.92,0.0,1.0
2018-06-13,244.8864137364,278.03,0.0,1.0
2018-06-14,245.5029676681,278.73,0.0,1.0
2018-06-15,245.1908152204,277.13,1.2456,1.0
2018-06-18,244.6865076222,276.56,0.0,1.0
2018-06-19,243.7486724397,275.5,0.0,1.0
2018-06-20,244.1645050206,275.97,0.0,1.0
2018-06-21,242.6338872227,274.24,0.0,1.0
2018-06-22,243.0762623088,274.74,0.0,1.0
2018-06-25,239.7672966648,271.0,0.0,1.0
2018-06-26,240.2981467681,271.6,0.0,1.0
2018-06-27,238.3074588807,269.35,0.0,1.0
2018-06-28,239.6699741459,270.89,0.0,1.0
2018-06-29,240.015026713,271.28,0.0,1.0
2018-07-02,240.5281818129,271.86,0.0,1.0
2018-07-03,239.6788216476,270.9,0.0,1.0
2018-07-05,241.6341195281,273.11,0.0,1.0
2018-07-06,243.6778924259,275.42,0.0,1.0
2018-07-09,245.872072853,277.9,0.0,1.0
2018-07-10,246.7568230252,278.9,0.0,1.0
2018-07-11,244.9519326739,276.86,0.0,1.0
2018-07-12,247.1726556061,279.37,0.0,1.0
2018-07-13,247.367300644,279.59,0.0,1.0
2018-07-16,247.1461131009,279.34,0.0,1.0
2018-07-17,248.1458807955,280.47,0.0,1.0
2018-07-18,248.6678833971,281.06,0.0,1.0
2018-07-19,247.7300482146,280.0,0.0,1.0
2018-07-20,247.4469281595,279.68,0.0,1.0
2018-07-23,247.906998249,280.2,0.0,1.0
2018-07-24,249.1544959918,281.61,0.0,1.0
2018-07-25,251.2778964051,284.01,0.0,1.0
2018-07-26,250.6851137897,283.34,0.0,1.0
2018-07-27,248.9863934591,281.42,0.0,1.0
2018-07-30,247.685810706,279.95,0.0,1.0
2018-07-31,248.9067659436,281.33,0.0,1.0
2018-08-01,248.4909333627,280.86,0.0,1.0
2018-08-02,249.8446011261,282.39,0.0,1.0
2018-08-03,250.9151488345,283.6,0.0,1.0
2018-08-06,251.8352890136,284.64,0.0,1.0
2018-08-07,252.6669541754,285.58,0.0,1.0
2018-08-08,252.5607841548,285.46,0.0,1.0
2018-08-09,252.2157315876,285.07,0.0,1.0
2018-08-10,250.5258587587,283.16,0.0,1.0
2018-08-13,249.5880235762,282.1,0.0,1.0
2018-08-14,251.1805738861,283.9,0.0,1.0
2018-08-15,249.3049035211,281.78,0.0,1.0
2018-08-16,251.3221339137,284.06,0.0,1.0
2018-08-17,252.2068840859,285.06,0.0,1.0
2018-08-20,252.7465816909,285.67,0.0,1.0
2018-08-21,253.3393643063,286.34,0.0,1.0
2018-08-22,253.188956777,286.17,0.0,1.0
2018-08-23,252.8527517116,285.79,0.0,1.0
2018-08-24,254.3745220078,287.51,0.0,1.0
2018-08-27,256.3829048986,289.78,0.0,1.0
2018-08-28,256.5067699227,289.92,0.0,1.0
2018-08-29,257.8869801914,291.48,0.0,1.0
2018-08-30,256.8429749882,290.3,0.0,1.0
2018-08-31,256.8518224899,290.31,0.0,1.0
2018-09-04,256.4094474038,289.81,0.0,1.0
2018-09-05,255.7193422695,289.03,0.0,1.0
2018-09-06,254.9496096197,288.16,0.0,1.0
2018-09-07,254.4541495233,287.6,0.0,1.0
2018-09-10,254.8965246094,288.1,0.0,1.0
2018-09-11,255.7370372729,289.05,0.0,1.0
2018-09-12,255.798969785,289.12,0.0,1.0
2018-09-13,257.3118925794,290.83,0.0,1.0
2018-09-14,257.3561300881,290.88,0.0,1.0
2018-09-17,255.9936148229,289.34,0.0,1.0
2018-09-18,257.3826725932,290.91,0.0,1.0
2018-09-19,257.6569451466,291.22,0.0,1.0
2018-09-20,259.744955553,293.58,0.0,1.0
2018-09-21,259.5083733569,291.99,1.3226,1.0
2018-09-24,258.6462783463,291.02,0.0,1.0
2018-09-25,258.4063137557,290.75,0.0,1.0
2018-09-26,257.6330945194,289.88,0.0,1.0
2018-09-27,258.3529882911,290.69,0.0,1.0
2018-09-28,258.3796510234,290.72,0.0,1.0
2018-10-01,259.2772963438,291.73,0.0,1.0
2018-10-02,259.1262075275,291.56,0.0,1.0
2018-10-03,259.2684087663,291.72,0.0,1.0
2018-10-04,257.2420411125,289.44,0.0,1.0
2018-10-05,255.8022535689,287.82,0.0,1.0
2018-10-08,255.8022535689,287.82,0.0,1.0
2018-10-09,255.4289753169,287.4,0.0,1.0
2018-10-10,247.3412798563,278.3,0.0,1.0
2018-10-11,241.8931948921,272.17,0.0,1.0
2018-10-12,245.2526991604,275.95,0.0,1.0
2018-10-15,243.8751246589,274.4,0.0,1.0
2018-10-16,249.2076711164,280.4,0.0,1.0
2018-10-17,249.2521090036,280.45,0.0,1.0
2018-10-18,245.6526401447,276.4,0.0,1.0
2018-10-19,245.5193264833,276.25,0.0,1.0
2018-10-22,244.4172668821,275.01,0.0,1.0
2018-10-23,243.173006042,273.61,0.0,1.0
2018-10-24,235.8052043531,265.32,0.0,1.0
2018-10-25,240.0356912094,270.08,0.0,1.0
2018-10-26,235.8140919305,265.33,0.0,1.0
2018-10-29,234.5076180484,263.86,0.0,1.0
2018-10-30,237.9826608233,267.77,0.0,1.0
2018-10-31,240.524507968,270.63,0.0,1.0
2018-11-01,243.0841302677,273.51,0.0,1.0
2018-11-02,241.6443427241,271.89,0.0,1.0
2018-11-05,242.9774793385,273.39,0.0,1.0
2018-11-06,244.5150302338,275.12,0.0,1.0
2018-11-07,249.7498133396,281.01,0.0,1.0
2018-11-08,249.2965468907,280.5,0.0,1.0
2018-11-09,246.8613506751,277.76,0.0,1.0
2018-11-12,242.2486979893,272.57,0.0,1.0
2018-11-13,241.7954315404,272.06,0.0,1.0
2018-11-14,240.1423421386,270.2,0.0,1.0
2018-11-15,242.6486389736,273.02,0.0,1.0
2018-11-16,243.2796569711,273.73,0.0,1.0
2018-11-19,239.1647086214,269.1,0.0,1.0
2018-11-20,234.7386950616,264.12,0.0,1.0
2018-11-21,235.5385770302,265.02,0.0,1.0
2018-11-23,233.9654758252,263.25,0.0,1.0
2018-11-26,237.7426962327,267.5,0.0,1.0
2018-11-27,238.5425782013,268.4,0.0,1.0
2018-11-28,244.0351010526,274.58,0.0,1.0
2018-11-29,243.5018464068,273.98,0.0,1.0
2018-11-30,244.9860718375,275.65,0.0,1.0
2018-12-03,248.2300375992,279.3,0.0,1.0
2018-12-04,240.1867800257,270.25,0.0,1.0
2018-12-06,239.8223893511,269.84,0.0,1.0
2018-12-07,234.249878303,263.57,0.0,1.0
2018-12-10,234.6942571744,264.07,0.0,1.0
2018-12-11,234.747582639,264.13,0.0,1.0
2018-12-12,235.9296304371,265.46,0.0,1.0
2018-12-13,235.8496422402,265.37,0.0,1.0
2018-12-14,231.4947292999,260.47,0.0,1.0
2018-12-17,226.9531772336,255.36,0.0,1.0
2018-12-18,226.7043250655,255.08,0.0,1.0
2018-12-19,223.3092704876,251.26,0.0,1.0
2018-12-20,219.674251319,247.17,0.0,1.0
2018-12-21,215.1997115865,240.7,1.4354,1.0
2018-12-24,209.5135040015,234.34,0.0,1.0
2018-12-26,220.0991483106,246.18,0.0,1.0
2018-12-27,221.7889175457,248.07,0.0,1.0
2018-12-28,221.5028190509,247.75,0.0,1.0
2018-12-31,223.442924469,249.92,0.0,1.0
2019-01-02,223.6753794961,250.18,0.0,1.0
2019-01-03,218.3378544517,244.21,0.0,1.0
2019-01-04,225.651247226,252.39,0.0,1.0
2019-01-07,227.4304222408,254.38,0.0,1.0
2019-01-08,229.5672203741,256.77,0.0,1.0
2019-01-09,230.6400897298,257.97,0.0,1.0
2019-01-10,231.4536823245,258.88,0.0,1.0
2019-01-11,231.5430881041,258.98,0.0,1.0
2019-01-14,230.1304767859,257.4,0.0,1.0
2019-01-15,232.7679472851,260.35,0.0,1.0
2019-01-16,233.3312036969,260.98,0.0,1.0
2019-01-17,235.1014381337,262.96,0.0,1.0
2019-01-18,238.230640421,266.46,0.0,1.0
2019-01-22,235.012032354,262.86,0.0,1.0
2019-01-23,235.503764142,263.41,0.0,1.0
2019-01-24,235.6289322335,263.55,0.0,1.0
2019-01-25,237.6226811194,265.78,0.0,1.0
2019-01-28,235.8166843708,263.76,0.0,1.0
2019-01-29,235.503764142,263.41,0.0,1.0
2019-01-30,239.2319851529,267.58,0.0,1.0
2019-01-31,241.3330209744,269.93,0.0,1.0
2019-02-01,241.4492484879,270.06,0.0,1.0
2019-02-04,243.147958301,271.96,0.0,1.0
2019-02-05,244.1671841889,273.1,0.0,1.0
2019-02-06,243.8453233822,272.74,0.0,1.0
2019-02-07,241.5207731116,270.14,0.0,1.0
2019-02-08,241.8158121844,270.47,0.0,1.0
2019-02-11,241.9499208539,270.62,0.0,1.0
2019-02-12,245.0612419852,274.1,0.0,1.0
2019-02-13,245.856953424,274.99,0.0,1.0
2019-02-14,245.3115781682,274.38,0.0,1.0
2019-02-15,247.9848109794,277.37,0.0,1.0
2019-02-19,248.4139587216,277.85,0.0,1.0
2019-02-20,248.9146310876,278.41,0.0,1.0
2019-02-21,248.0295138692,277.42,0.0,1.0
2019-02-22,249.567293279,279.14,0.0,1.0
2019-02-25,249.9070352416,279.52,0.0,1.0
2019-02-26,249.7282236823,279.32,0.0,1.0
2019-02-27,249.6209367467,279.2,0.0,1.0
2019-02-28,249.1560266926,278.68,0.0,1.0
2019-03-01,250.7116872583,280.42,0.0,1.0
2019-03-04,249.799748306,279.4,0.0,1.0
2019-03-05,249.4600063434,279.02,0.0,1.0
2019-03-06,247.9490486675,277.33,0.0,1.0
2019-03-07,245.8748345799,275.01,0.0,1.0
2019-03-08,245.3831027919,274.46,0.0,1.0
2019-03-11,248.9414528215,278.44,0.0,1.0
2019-03-12,249.8802135077,279.49,0.0,1.0
2019-03-13,251.534220431,281.34,0.0,1.0
2019-03-14,251.3732900276,281.16,0.0,1.0
2019-03-15,252.6098613658,281.31,1.2331,1.0
2019-03-18,253.5257977299,282.33,0.0,1.0
2019-03-19,253.5886561078,282.4,0.0,1.0
2019-03-20,252.8253758044,281.55,0.0,1.0
2019-03-21,255.6809421161,284.73,0.0,1.0
2019-03-22,250.760029101,279.25,0.0,1.0
2019-03-25,250.5714539672,279.04,0.0,1.0
2019-03-26,252.4392457685,281.12,0.0,1.0
2019-03-27,251.119219832,279.65,0.0,1.0
2019-03-28,252.0710752692,280.71,0.0,1.0
2019-03-29,253.6604942541,282.48,0.0,1.0
2019-04-01,256.6687166264,285.83,0.0,1.0
2019-04-02,256.7944333823,285.97,0.0,1.0
2019-04-03,257.1985229547,286.42,0.0,1.0
2019-04-04,257.8809853437,287.18,0.0,1.0
2019-04-05,259.129173134,288.57,0.0,1.0
2019-04-08,259.3267280361,288.79,0.0,1.0
2019-04-09,257.9977223312,287.31,0.0,1.0
2019-04-10,258.8777396223,288.29,0.0,1.0
2019-04-11,258.8059014761,288.21,0.0,1.0
2019-04-12,260.5569562898,290.16,0.0,1.0
2019-04-15,260.3863406926,289.97,0.0,1.0
2019-04-16,260.5569562898,290.16,0.0,1.0
2019-04-17,259.9193927423,289.45,0.0,1.0
2019-04-18,260.431239534,290.02,0.0,1.0
2019-04-22,260.6557337409,290.27,0.0,1.0
2019-04-23,262.9994532609,292.88,0.0,1.0
2019-04-24,262.4157683229,292.23,0.0,1.0
2019-04-25,262.254132494,292.05,0.0,1.0
2019-04-26,263.4753809795,293.41,0.0,1.0
2019-04-29,263.8884503202,293.87,0.0,1.0
2019-04-30,264.0231468443,294.02,0.0,1.0
2019-05-01,262.0386180553,291.81,0.0,1.0
2019-05-02,261.472892654,291.18,0.0,1.0
2019-05-03,264.0321266126,294.03,0.0,1.0
2019-05-06,262.9455746512,292.82,0.0,1.0
2019-05-07,258.5544679643,287.93,0.0,1.0
2019-05-08,258.1952772333,287.53,0.0,1.0
2019-05-09,257.4140373933,286.66,0.0,1.0
2019-05-10,258.707124025,288.1,0.0,1.0
2019-05-13,252.2057717934,280.86,0.0,1.0
2019-05-14,254.4866329354,283.4,0.0,1.0
2019-05-15,255.9772744692,285.06,0.0,1.0
2019-05-16,258.347933294,287.7,0.0,1.0
2019-05-17,256.6776963947,285.84,0.0,1.0
2019-05-20,254.9805201906,283.95,0.0,1.0
2019-05-21,257.2793408692,286.51,0.0,1.0
2019-05-22,256.4891212609,285.63,0.0,1.0
2019-05-23,253.3551821327,282.14,0.0,1.0
2019-05-24,253.9298873023,282.78,0.0,1.0
2019-05-28,251.5682082458,280.15,0.0,1.0
2019-05-29,249.8800118099,278.27,0.0,1.0
2019-05-30,250.5624741989,279.03,0.0,1.0
2019-05-31,247.1860813272,275.27,0.0,1.0
2019-06-03,246.5574975479,274.57,0.0,1.0
2019-06-04,251.9094394403,280.53,0.0,1.0
2019-06-05,254.0915231313,282.96,0.0,1.0
2019-06-06,255.743800494,284.8,0.0,1.0
2019-06-07,258.3030344526,287.65,0.0,1.0
2019-06-10,259.488363865,288.97,0.0,1.0
2019-06-11,259.4255054871,288.9,0.0,1.0
2019-06-12,258.967537305,288.39,0.0,1.0
2019-06-13,260.0361297298,289.58,0.0,1.0
2019-06-14,259.748777145,289.26,0.0,1.0
2019-06-17,259.8475545961,289.37,0.0,1.0
2019-06-18,262.5684243836,292.4,0.0,1.0
2019-06-19,263.1610890898,293.06,0.0,1.0
2019-06-20,265.675424207,295.86,0.0,1.0
2019-06-21,265.2907309341,294.0,1.4316,1.0
2019-06-24,264.9658851411,293.64,0.0,1.0
2019-06-25,262.3671187973,290.76,0.0,1.0
2019-06-26,262.105437464,290.47,0.0,1.0
2019-06-27,263.0348573717,291.5,0.0,1.0
2019-06-28,264.3883815092,293.0,0.0,1.0
2019-07-01,266.7886309795,295.66,0.0,1.0
2019-07-02,267.4834400367,296.43,0.0,1.0
2019-07-03,269.6220081738,298.8,0.0,1.0
2019-07-05,269.3152093694,298.46,0.0,1.0
2019-07-08,267.8353563124,296.82,0.0,1.0
2019-07-09,268.1692255997,297.19,0.0,1.0
2019-07-10,269.4505617831,298.61,0.0,1.0
2019-07-11,270.0822063806,299.31,0.0,1.0
2019-07-12,271.29135461,300.65,0.0,1.0
2019-07-15,271.3815895525,300.75,0.0,1.0
2019-07-16,270.5063106103,299.78,0.0,1.0
2019-07-17,268.6655177834,297.74,0.0,1.0
2019-07-18,269.6490786566,298.83,0.0,1.0
2019-07-19,268.1511786112,297.17,0.0,1.0
2019-07-22,268.8098936914,297.9,0.0,1.0
2019-07-23,270.7318979665,300.03,0.0,1.0
2019-07-24,272.0042106557,301.44,0.0,1.0
2019-07-25,270.7048274838,300.0,0.0,1.0
2019-07-26,272.5185498279,302.01,0.0,1.0
2019-07-29,272.0222576442,301.46,0.0,1.0
2019-07-30,271.3545190697,300.72,0.0,1.0
2019-07-31,268.3857894617,297.43,0.0,1.0
2019-08-01,266.0487044511,294.84,0.0,1.0
2019-08-02,264.0454887277,292.62,0.0,1.0
2019-08-05,256.1048137882,283.82,0.0,1.0
2019-08-06,259.6961644994,287.8,0.0,1.0
2019-08-07,259.8495639017,287.97,0.0,1.0
2019-08-08,264.9478381526,293.62,0.0,1.0
2019-08-09,263.1431393027,291.62,0.0,1.0
2019-08-12,259.9397988442,288.07,0.0,1.0
2019-08-13,263.9823242679,292.55,0.0,1.0
2019-08-14,256.1770017421,283.9,0.0,1.0
2019-08-15,256.8537638109,284.65,0.0,1.0
2019-08-16,260.6436313956,288.85,0.0,1.0
2019-08-19,263.7838073944,292.33,0.0,1.0
2019-08-20,261.7625446826,290.09,0.0,1.0
2019-08-21,263.8920893254,292.45,0.0,1.0
2019-08-22,263.8108778772,292.36,0.0,1.0
2019-08-23,257.0342336958,284.85,0.0,1.0
2019-08-26,259.8766343844,288.0,0.0,1.0
2019-08-27,258.8569795342,286.87,0.0,1.0
2019-08-28,260.6797253726,288.89,0.0,1.0
2019-08-29,264.0093947507,292.58,0.0,1.0
2019-08-30,263.8920893254,292.45,0.0,1.0
2019-09-03,262.3490718088,290.74,0.0,1.0
2019-09-04,265.3268249111,294.04,0.0,1.0
2019-09-05,268.7377057374,297.82,0.0,1.0
2019-09-06,268.9452461051,298.05,0.0,1.0
2019-09-09,269.0805985189,298.2,0.0,1.0
2019-09-10,269.0174340591,298.13,0.0,1.0
2019-09-11,270.93041484,300.25,0.0,1.0
2019-09-12,271.868858242,301.29,0.0,1.0
2019-09-13,271.688388357,301.09,0.0,1.0
2019-09-16,270.8492033918,300.16,0.0,1.0
2019-09-17,271.5349889547,300.92,0.0,1.0
2019-09-18,271.6974118512,301.1,0.0,1.0
2019-09-19,271.6793648627,301.08,0.0,1.0
2019-09-20,270.4012942819,298.28,1.383619,1.0
2019-09-23,270.3378368238,298.21,0.0,1.0
2019-09-24,268.2165446533,295.87,0.0,1.0
2019-09-25,269.8029811056,297.62,0.0,1.0
2019-09-26,269.2409293339,297.0,0.0,1.0
2019-09-27,267.7904731489,295.4,0.0,1.0
2019-09-30,269.0324262573,296.77,0.0,1.0
2019-10-01,265.8323572992,293.24,0.0,1.0
2019-10-02,261.1365054004,288.06,0.0,1.0
2019-10-03,263.2759282732,290.42,0.0,1.0
2019-10-04,266.8386112775,294.35,0.0,1.0
2019-10-07,265.6873116807,293.08,0.0,1.0
2019-10-08,261.5625769047,288.53,0.0,1.0
2019-10-09,264.0464831215,291.27,0.0,1.0
2019-10-10,265.8323572992,293.24,0.0,1.0
2019-10-11,268.5882240507,296.28,0.0,1.0
2019-10-14,268.2890674625,295.95,0.0,1.0
2019-10-15,270.9452153512,298.88,0.0,1.0
2019-10-16,270.5100784957,298.4,0.0,1.0
2019-10-17,271.3078293975,299.28,0.0,1.0
2019-10-18,270.120268396,297.97,0.0,1.0
2019-10-21,271.9514693295,299.99,0.0,1.0
2019-10-22,271.0630649163,299.01,0.0,1.0
2019-10-23,271.8517504668,299.88,0.0,1.0
2019-10-24,272.2959526735,300.37,0.0,1.0
2019-10-25,273.4109908657,301.6,0.0,1.0
2019-10-28,274.9521005622,303.3,0.0,1.0
2019-10-29,274.8705124018,303.21,0.0,1.0
2019-10-30,275.7135900593,304.14,0.0,1.0
2019-10-31,274.9792966157,303.33,0.0,1.0
2019-11-01,277.5266602905,306.14,0.0,1.0
2019-11-04,278.6416984827,307.37,0.0,1.0
2019-11-05,278.3334765434,307.03,0.0,1.0
2019-11-06,278.3969340015,307.1,0.0,1.0
2019-11-07,279.3759919263,308.18,0.0,1.0
2019-11-08,280.0649586142,308.94,0.0,1.0
2019-11-11,279.530102896,308.35,0.0,1.0
2019-11-12,280.1193507211,309.0,0.0,1.0
2019-11-13,280.2100042327,309.1,0.0,1.0
2019-11-14,280.6179450347,309.55,0.0,1.0
2019-11-15,282.6485836937,311.79,0.0,1.0
2019-11-18,282.8570867702,312.02,0.0,1.0
2019-11-19,282.7754986098,311.93,0.0,1.0
2019-11-20,281.7239178757,310.77,0.0,1.0
2019-11-21,281.2706503179,310.27,0.0,1.0
2019-11-22,281.8961595477,310.96,0.0,1.0
2019-11-25,284.0809091763,313.37,0.0,1.0
2019-11-26,284.7245491084,314.08,0.0,1.0
2019-11-27,285.9936982702,315.48,0.0,1.0
2019-11-29,284.933052185,314.31,0.0,1.0
2019-12-02,282.5126034263,311.64,0.0,1.0
2019-12-03,280.6179450347,309.55,0.0,1.0
2019-12-04,282.3494271055,311.46,0.0,1.0
2019-12-05,282.8570867702,312.02,0.0,1.0
2019-12-06,285.4407118497,314.87,0.0,1.0
2019-12-09,284.5432420853,313.88,0.0,1.0
2019-12-10,284.2259547948,313.53,0.0,1.0
2019-12-11,285.0327710477,314.42,0.0,1.0
2019-12-12,287.489481211,317.13,0.0,1.0
2019-12-13,287.6617228829,317.32,0.0,1.0
2019-12-16,289.6379694349,319.5,0.0,1.0
2019-12-17,289.701426893,319.57,0.0,1.0
2019-12-18,289.7195575953,319.59,0.0,1.0
2019-12-19,290.9071185968,320.9,0.0,1.0
2019-12-20,292.1762677586,320.73,1.57,1.0
2019-12-23,292.622644372,321.22,0.0,1.0
2019-12-24,292.6317540988,321.23,0.0,1.0
2019-12-26,294.1895173821,322.94,0.0,1.0
2019-12-27,294.1166395677,322.86,0.0,1.0
2019-12-30,292.4951081967,321.08,0.0,1.0
2019-12-31,293.2056668874,321.86,0.0,1.0
2020-01-02,295.9476946552,324.87,0.0,1.0
2020-01-03,293.7067018616,322.41,0.0,1.0
2020-01-06,294.8271982584,323.64,0.0,1.0
2020-01-07,293.9982131193,322.73,0.0,1.0
2020-01-08,295.5650861294,324.45,0.0,1.0
2020-01-09,297.5692260261,326.65,0.0,1.0
2020-01-10,296.7129117066,325.71,0.0,1.0
2020-01-13,298.7534905105,327.95,0.0,1.0
2020-01-14,298.2980041704,327.45,0.0,1.0
2020-01-15,298.9721239538,328.19,0.0,1.0
2020-01-16,301.4590793711,330.92,0.0,1.0
2020-01-17,302.3973812318,331.95,0.0,1.0
2020-01-21,301.8052489896,331.3,0.0,1.0
2020-01-22,301.8416878968,331.34,0.0,1.0
2020-01-23,302.1878575153,331.72,0.0,1.0
2020-01-24,299.5004881084,328.77,0.0,1.0
2020-01-27,294.6996620831,323.5,0.0,1.0
2020-01-28,297.7878594694,326.89,0.0,1.0
2020-01-29,297.5418968457,326.62,0.0,1.0
2020-01-30,298.5075278868,327.68,0.0,1.0
2020-01-31,293.087240439,321.73,0.0,1.0
2020-02-03,295.2644651449,324.12,0.0,1.0
2020-02-04,299.7646701857,329.06,0.0,1.0
2020-02-05,303.2263663709,332.86,0.0,1.0
2020-02-06,304.2466557729,333.98,0.0,1.0
2020-02-07,302.6251244019,332.2,0.0,1.0
2020-02-10,304.8843366491,334.68,0.0,1.0
2020-02-11,305.4127008037,335.26,0.0,1.0
2020-02-12,307.3804017932,337.42,0.0,1.0
2020-02-13,307.0524516282,337.06,0.0,1.0
2020-02-14,307.5443768756,337.6,0.0,1.0
2020-02-18,306.7518306437,336.73,0.0,1.0
2020-02-19,308.218496659,338.34,0.0,1.0
2020-02-20,306.9522446334,336.95,0.0,1.0
2020-02-21,303.7911694327,333.48,0.0,1.0
2020-02-24,293.7158115884,322.42,0.0,1.0
2020-02-25,284.8156085017,312.65,0.0,1.0
2020-02-26,283.7679899193,311.5,0.0,1.0
2020-02-27,271.0234821216,297.51,0.0,1.0
2020-02-28,269.8847662712,296.26,0.0,1.0
2020-03-02,281.5725457597,309.09,0.0,1.0
2020-03-03,273.5104375389,300.24,0.0,1.0
2020-03-04,285.0069127645,312.86,0.0,1.0
2020-03-05,275.5327968892,302.46,0.0,1.0
2020-03-06,270.9779334876,297.46,0.0,1.0
2020-03-09,249.8160381238,274.23,0.0,1.0
2020-03-10,262.7427404575,288.42,0.0,1.0
2020-03-11,249.9344645723,274.36,0.0,1.0
2020-03-12,226.0214317139,248.11,0.0,1.0
2020-03-13,245.3431622634,269.32,0.0,1.0
2020-03-16,218.4967973745,239.85,0.0,1.0
2020-03-17,230.2938935846,252.8,0.0,1.0
2020-03-18,218.6334432765,240.0,0.0,1.0
2020-03-19,219.0980393435,240.51,0.0,1.0
2020-03-20,209.7109751065,228.8,1.405559,1.0
2020-03-23,204.3490467657,222.95,0.0,1.0
2020-03-24,222.863739498,243.15,0.0,1.0
2020-03-25,226.2000504656,246.79,0.0,1.0
2020-03-26,239.407808994,261.2,0.0,1.0
2020-03-27,232.2769025852,253.42,0.0,1.0
2020-03-30,239.8202650202,261.65,0.0,1.0
2020-03-31,236.2456461263,257.75,0.0,1.0
2020-04-01,225.6134463395,246.15,0.0,1.0
2020-04-02,230.8195579592,251.83,0.0,1.0
2020-04-03,227.4832469916,248.19,0.0,1.0
2020-04-06,242.7624513405,264.86,0.0,1.0
2020-04-07,243.0099249562,265.13,0.0,1.0
2020-04-08,251.1673885858,274.03,0.0,1.0
2020-04-09,254.9894810954,278.2,0.0,1.0
2020-04-13,252.6613959697,275.66,0.0,1.0
2020-04-14,260.1131015099,283.79,0.0,1.0
2020-04-15,254.5861907587,277.76,0.0,1.0
2020-04-16,255.8143931478,279.1,0.0,1.0
2020-04-17,262.7253230093,286.64,0.0,1.0
2020-04-20,258.0966498262,281.59,0.0,1.0
2020-04-21,250.2599853281,273.04,0.0,1.0
2020-04-22,255.8143931478,279.1,0.0,1.0
2020-04-23,255.7960617689,279.08,0.0,1.0
2020-04-24,259.3615149733,282.97,0.0,1.0
2020-04-27,263.1011162776,287.05,0.0,1.0
2020-04-28,261.8912452674,285.73,0.0,1.0
2020-04-29,268.747180992,293.21,0.0,1.0
2020-04-30,266.2449477663,290.48,0.0,1.0
2020-05-01,259.1965325628,282.79,0.0,1.0
2020-05-04,259.9114563416,283.57,0.0,1.0
2020-05-05,262.3128669831,286.19,0.0,1.0
2020-05-06,260.5347232256,284.25,0.0,1.0
2020-05-07,263.6785547143,287.68,0.0,1.0
2020-05-08,268.0414229027,292.44,0.0,1.0
2020-05-11,268.0964170396,292.5,0.0,1.0
2020-05-12,262.7528200777,286.67,0.0,1.0
2020-05-13,258.1058155157,281.6,0.0,1.0
2020-05-14,261.1946528676,284.97,0.0,1.0
2020-05-15,262.3953581883,286.28,0.0,1.0
2020-05-18,270.3878394074,295.0,0.0,1.0
2020-05-19,267.6106354976,291.97,0.0,1.0
2020-05-20,272.1568174754,296.93,0.0,1.0
2020-05-21,270.2778511338,294.88,0.0,1.0
2020-05-22,270.7911297442,295.44,0.0,1.0
2020-05-26,274.1274407118,299.08,0.0,1.0
2020-05-27,278.2061725266,303.53,0.0,1.0
2020-05-28,277.6928939162,302.97,0.0,1.0
2020-05-29,278.9302619948,304.32,0.0,1.0
2020-06-01,280.0576417998,305.55,0.0,1.0
2020-06-02,282.3765612361,308.08,0.0,1.0
2020-06-03,286.1344939194,312.18,0.0,1.0
2020-06-04,285.3829073827,311.36,0.0,1.0
2020-06-05,292.6971275809,319.34,0.0,1.0
2020-06-08,296.2350837169,323.2,0.0,1.0
2020-06-09,294.0261525543,320.79,0.0,1.0
2020-06-10,292.3854941389,319.0,0.0,1.0
2020-06-11,275.5297912009,300.61,0.0,1.0
2020-06-12,278.8294394106,304.21,0.0,1.0
2020-06-15,281.4324952205,307.05,0.0,1.0
2020-06-16,286.8494176981,312.96,0.0,1.0
2020-06-17,285.6578780668,311.66,0.0,1.0
2020-06-18,285.7678663405,311.78,0.0,1.0
2020-06-19,284.142094838,308.64,1.366242,1.0
2020-06-22,285.9649348709,310.62,0.0,1.0
2020-06-23,287.2814304503,312.05,0.0,1.0
2020-06-24,279.9532452672,304.09,0.0,1.0
2020-06-25,282.9544869377,307.35,0.0,1.0
2020-06-26,276.2339150989,300.05,0.0,1.0
2020-06-29,280.2938769905,304.46,0.0,1.0
2020-06-30,283.8843194798,308.36,0.0,1.0
2020-07-01,285.872872243,310.52,0.0,1.0
2020-07-02,287.4471431806,312.23,0.0,1.0
2020-07-06,291.8845618467,317.05,0.0,1.0
2020-07-07,288.8741139135,313.78,0.0,1.0
2020-07-08,291.0836169837,316.18,0.0,1.0
2020-07-09,289.426489681,314.38,0.0,1.0
2020-07-10,292.3817000375,317.59,0.0,1.0
2020-07-13,289.8499777695,314.84,0.0,1.0
2020-07-14,293.606132989,318.92,0.0,1.0
2020-07-15,296.3035679873,321.85,0.0,1.0
2020-07-16,295.3277041312,320.79,0.0,1.0
2020-07-17,296.183886571,321.72,0.0,1.0
2020-07-20,298.5775148971,324.32,0.0,1.0
2020-07-21,299.2127470298,325.01,0.0,1.0
2020-07-22,300.9159056465,326.86,0.0,1.0
2020-07-23,297.3254631573,322.96,0.0,1.0
2020-07-24,295.4105604964,320.88,0.0,1.0
2020-07-27,297.5648259899,323.22,0.0,1.0
2020-07-28,295.6775421174,321.17,0.0,1.0
2020-07-29,299.3140159205,325.12,0.0,1.0
2020-07-30,298.2460894366,323.96,0.0,1.0
2020-07-31,300.6028927115,326.52,0.0,1.0
2020-08-03,302.6927143655,328.79,0.0,1.0
2020-08-04,303.8619097402,330.06,0.0,1.0
2020-08-05,305.7491936127,332.11,0.0,1.0
2020-08-06,307.7929839527,334.33,0.0,1.0
2020-08-07,308.0139342598,334.57,0.0,1.0
2020-08-10,308.934560539,335.57,0.0,1.0
2020-08-11,306.3844257454,332.8,0.0,1.0
2020-08-12,310.6561316813,337.44,0.0,1.0
2020-08-13,310.0945496509,336.83,0.0,1.0
2020-08-14,310.1037559137,336.84,0.0,1.0
2020-08-17,311.0888260326,337.91,0.0,1.0
2020-08-18,311.7608832164,338.64,0.0,1.0
2020-08-19,310.4628001627,337.23,0.0,1.0
2020-08-20,311.4294577559,338.28,0.0,1.0
2020-08-21,312.534209291,339.48,0.0,1.0
2020-08-24,315.7011636918,342.92,0.0,1.0
2020-08-25,316.8059152269,344.12,0.0,1.0
2020-08-26,319.9820758904,347.57,0.0,1.0
2020-08-27,320.6817518627,348.33,0.0,1.0
2020-08-28,322.7531609911,350.58,0.0,1.0
2020-08-31,321.5839656164,349.31,0.0,1.0
2020-09-01,324.6128260752,352.6,0.0,1.0
2020-09-02,329.3080200996,357.7,0.0,1.0
2020-09-03,317.9751106016,345.39,0.0,1.0
2020-09-04,315.378944494,342.57,0.0,1.0
2020-09-08,306.7618825199,333.21,0.0,1.0
2020-09-09,312.8196034376,339.79,0.0,1.0
2020-09-10,307.3879083899,333.89,0.0,1.0
2020-09-11,307.5444148573,334.06,0.0,1.0
2020-09-14,311.5951704862,338.46,0.0,1.0
2020-09-15,313.1694414237,340.17,0.0,1.0
2020-09-16,311.9265959467,338.82,0.0,1.0
2020-09-17,309.1831296345,335.84,0.0,1.0
2020-09-18,305.6380040532,330.65,1.339224,1.0
2020-09-21,302.2363773939,326.97,0.0,1.0
2020-09-22,305.3144797786,330.3,0.0,1.0
2020-09-23,298.2339199387,322.64,0.0,1.0
2020-09-24,299.0288652993,323.5,0.0,1.0
2020-09-25,303.8632423179,328.73,0.0,1.0
2020-09-28,308.9102210027,334.19,0.0,1.0
2020-09-29,307.2278947744,332.37,0.0,1.0
2020-09-30,309.557269552,334.89,0.0,1.0
2020-10-01,311.5446329536,337.04,0.0,1.0
2020-10-02,308.586696728,333.84,0.0,1.0
2020-10-05,314.0588787453,339.76,0.0,1.0
2020-10-06,309.5942437549,334.93,0.0,1.0
2020-10-07,314.9832338157,340.76,0.0,1.0
2020-10-08,317.7747861286,343.78,0.0,1.0
2020-10-09,320.6125561949,346.85,0.0,1.0
2020-10-12,325.7704574882,352.43,0.0,1.0
2020-10-13,323.6444408261,350.13,0.0,1.0
2020-10-14,321.6108596711,347.93,0.0,1.0
2020-10-15,321.2133869908,347.5,0.0,1.0
2020-10-16,321.019272426,347.29,0.0,1.0
2020-10-19,316.1386776538,342.01,0.0,1.0
2020-10-20,317.4050441004,343.38,0.0,1.0
2020-10-21,316.8042133046,342.73,0.0,1.0
2020-10-22,318.5420008371,344.61,0.0,1.0
2020-10-23,319.6234962695,345.78,0.0,1.0
2020-10-26,313.7168673692,339.39,0.0,1.0
2020-10-27,312.6353719367,338.22,0.0,1.0
2020-10-28,301.949827322,326.66,0.0,1.0
2020-10-29,305.018686156,329.98,0.0,1.0
2020-10-30,301.8389047136,326.54,0.0,1.0
2020-11-02,305.2220442715,330.2,0.0,1.0
2020-11-03,310.6110343324,336.03,0.0,1.0
2020-11-04,317.5529409117,343.54,0.0,1.0
2020-11-05,323.7461198839,350.24,0.0,1.0
2020-11-06,323.6721714782,350.16,0.0,1.0
2020-11-09,327.7393337883,354.56,0.0,1.0
2020-11-10,327.2586691517,354.04,0.0,1.0
2020-11-11,329.689722987,356.67,0.0,1.0
2020-11-12,326.4914544432,353.21,0.0,1.0
2020-11-13,331.0115507378,358.1,0.0,1.0
2020-11-16,335.1434179028,362.57,0.0,1.0
2020-11-17,333.3409255154,360.62,0.0,1.0
2020-11-18,329.3292245095,356.28,0.0,1.0
2020-11-19,330.7157571153,357.78,0.0,1.0
2020-11-20,328.4510871926,355.33,0.0,1.0
2020-11-23,330.4199634927,357.46,0.0,1.0
2020-11-24,335.7442486987,363.22,0.0,1.0
2020-11-25,335.2266098592,362.66,0.0,1.0
2020-11-27,336.1602084804,363.67,0.0,1.0
2020-11-30,334.6719968169,362.06,0.0,1.0
2020-12-01,338.332442896,366.02,0.0,1.0
2020-12-02,339.0441963003,366.79,0.0,1.0
2020-12-03,338.9517607932,366.69,0.0,1.0
2020-12-04,341.8727228159,369.85,0.0,1.0
2020-12-07,341.1702129624,369.09,0.0,1.0
2020-12-08,342.1685164385,370.17,0.0,1.0
2020-12-09,339.0996576045,366.85,0.0,1.0
2020-12-10,338.988734996,366.73,0.0,1.0
2020-12-11,338.5912623157,366.3,0.0,1.0
2020-12-14,337.0753200001,364.66,0.0,1.0
2020-12-15,341.6323904976,369.59,0.0,1.0
2020-12-16,342.1685164385,370.17,0.0,1.0
2020-12-17,344.0819314344,372.24,0.0,1.0
2020-12-18,342.7138859301,369.18,1.58,1.0
2020-12-21,341.4885152994,367.86,0.0,1.0
2020-12-22,340.9129624274,367.24,0.0,1.0
2020-12-23,341.2193050851,367.57,0.0,1.0
2020-12-24,342.546789935,369.0,0.0,1.0
2020-12-28,345.4895360707,372.17,0.0,1.0
2020-12-29,344.8304352012,371.46,0.0,1.0
2020-12-30,345.3224400756,371.99,0.0,1.0
2020-12-31,347.0769480241,373.88,0.0,1.0
2021-01-04,342.3518446074,368.79,0.0,1.0
2021-01-05,344.7097547603,371.33,0.0,1.0
2021-01-06,346.7706053664,373.55,0.0,1.0
2021-01-07,351.9227318817,379.1,0.0,1.0
2021-01-08,353.9278838228,381.26,0.0,1.0
2021-01-11,351.5421243373,378.69,0.0,1.0
2021-01-12,351.616389224,378.77,0.0,1.0
2021-01-13,352.5632665295,379.79,0.0,1.0
2021-01-14,351.328612788,378.46,0.0,1.0
2021-01-15,348.7664741967,375.7,0.0,1.0
2021-01-19,351.504991894,378.65,0.0,1.0
2021-01-20,356.3693419733,383.89,0.0,1.0
2021-01-21,356.6942508526,384.24,0.0,1.0
2021-01-22,355.4317477786,382.88,0.0,1.0
2021-01-25,356.8334975152,384.39,0.0,1.0
2021-01-26,356.2765108649,383.79,0.0,1.0
2021-01-27,347.5689528985,374.41,0.0,1.0
2021-01-28,350.5581145885,377.63,0.0,1.0
2021-01-29,343.5400827947,370.07,0.0,1.0
2021-02-01,349.2584790711,376.23,0.0,1.0
2021-02-02,354.1970940371,381.55,0.0,1.0
2021-02-03,354.4755873622,381.85,0.0,1.0
2021-02-04,358.5044574661,386.19,0.0,1.0
2021-02-05,359.9154903135,387.71,0.0,1.0
2021-02-08,362.5147613482,390.51,0.0,1.0
2021-02-09,362.2734004664,390.25,0.0,1.0
2021-02-10,362.1155875822,390.08,0.0,1.0
2021-02-11,362.700423565,390.71,0.0,1.0
2021-02-12,364.4920639568,392.64,0.0,1.0
2021-02-16,364.1764381883,392.3,0.0,1.0
2021-02-17,364.2599861859,392.39,0.0,1.0
2021-02-18,362.7097066758,390.72,0.0,1.0
2021-02-19,362.069172028,390.03,0.0,1.0
2021-02-22,359.2842387765,387.03,0.0,1.0
2021-02-23,359.7205449859,387.5,0.0,1.0
2021-02-24,363.6844333139,391.77,0.0,1.0
2021-02-25,354.9211766825,382.33,0.0,1.0
2021-02-26,353.0924038473,380.36,0.0,1.0
2021-03-01,361.6514320403,389.58,0.0,1.0
2021-03-02,358.8293663454,386.54,0.0,1.0
2021-03-03,354.0764135962,381.42,0.0,1.0
2021-03-04,349.6947852805,376.7,0.0,1.0
2021-03-05,356.1279810915,383.63,0.0,1.0
2021-03-08,354.3549069213,381.72,0.0,1.0
2021-03-09,359.4142023282,387.17,0.0,1.0
2021-03-10,361.6514320403,389.58,0.0,1.0
2021-03-11,365.3182608214,393.53,0.0,1.0
2021-03-12,365.8102656959,394.06,0.0,1.0
2021-03-15,367.9917967429,396.41,0.0,1.0
2021-03-16,367.527641201,395.91,0.0,1.0
2021-03-17,368.7808611641,397.26,0.0,1.0
2021-03-18,363.4152230996,391.48,0.0,1.0
2021-03-19,362.7447856951,389.48,1.277788,1.0
2021-03-22,365.6413048578,392.59,0.0,1.0
2021-03-23,362.763412828,389.5,0.0,1.0
2021-03-24,360.9193266729,387.52,0.0,1.0
2021-03-25,362.9496841568,389.7,0.0,1.0
2021-03-26,368.7986038809,395.98,0.0,1.0
2021-03-29,368.6123325521,395.78,0.0,1.0
2021-03-30,367.634408076,394.73,0.0,1.0
2021-03-31,369.1245787063,396.33,0.0,1.0
2021-04-01,373.1107851425,400.61,0.0,1.0
2021-04-05,378.4660858454,406.36,0.0,1.0
2021-04-06,378.2425602508,406.12,0.0,1.0
2021-04-07,378.6802978735,406.59,0.0,1.0
2021-04-08,380.4778161964,408.52,0.0,1.0
2021-04-09,383.243945429,411.49,0.0,1.0
2021-04-12,383.3836489256,411.64,0.0,1.0
2021-04-13,384.5199040312,412.86,0.0,1.0
2021-04-14,383.2066911632,411.45,0.0,1.0
2021-04-15,387.3232875296,415.87,0.0,1.0
2021-04-16,388.6178732647,417.26,0.0,1.0
2021-04-19,386.7085921445,415.21,0.0,1.0
2021-04-20,383.8772679469,412.17,0.0,1.0
2021-04-21,387.5095588584,416.07,0.0,1.0
2021-04-22,383.9704036113,412.27,0.0,1.0
2021-04-23,388.1335678098,416.74,0.0,1.0
2021-04-26,388.9438480901,417.61,0.0,1.0
2021-04-27,388.8600259921,417.52,0.0,1.0
2021-04-28,388.7482631948,417.4,0.0,1.0
2021-04-29,391.2256718678,420.06,0.0,1.0
2021-04-30,388.6551275304,417.3,0.0,1.0
2021-05-03,389.49334851,418.2,0.0,1.0
2021-05-04,387.0904483686,415.62,0.0,1.0
2021-05-05,387.2115247323,415.75,0.0,1.0
2021-05-06,390.3036287903,419.07,0.0,1.0
2021-05-07,393.1442665544,422.12,0.0,1.0
2021-05-10,389.2511957826,417.94,0.0,1.0
2021-05-11,385.7772355006,414.21,0.0,1.0
2021-05-12,377.5812970336,405.41,0.0,1.0
2021-05-13,382.1170038897,410.28,0.0,1.0
2021-05-14,387.9845507468,416.58,0.0,1.0
2021-05-17,386.9973127042,415.52,0.0,1.0
2021-05-18,383.6630559187,411.94,0.0,1.0
2021-05-19,382.6571907433,410.86,0.0,1.0
2021-05-20,386.7737871096,415.28,0.0,1.0
2021-05-21,386.4571258507,414.94,0.0,1.0
2021-05-24,390.3967644547,419.17,0.0,1.0
2021-05-25,389.5306027758,418.24,0.0,1.0
2021-05-26,390.3036287903,419.07,0.0,1.0
2021-05-27,390.508527252,419.29,0.0,1.0
2021-05-28,391.2070447349,420.04,0.0,1.0
2021-06-01,390.8624427767,419.67,0.0,1.0
2021-06-02,391.4771381617,420.33,0.0,1.0
2021-06-03,390.0242217971,418.77,0.0,1.0
2021-06-04,393.5913177435,422.6,0.0,1.0
2021-06-07,393.2094615195,422.19,0.0,1.0
2021-06-08,393.2932836174,422.28,0.0,1.0
2021-06-09,392.7065289317,421.65,0.0,1.0
2021-06-10,394.5319879539,423.61,0.0,1.0
2021-06-11,395.1839376047,424.31,0.0,1.0
2021-06-14,396.0687264165,425.26,0.0,1.0
2021-06-15,395.3422682342,424.48,0.0,1.0
2021-06-16,393.134952988,422.11,0.0,1.0
2021-06-17,393.0045630578,421.97,0.0,1.0
2021-06-18,387.7199290403,414.92,1.375875,1.0
2021-06-21,393.2705324783,420.86,0.0,1.0
2021-06-22,395.3730337806,423.11,0.0,1.0
2021-06-23,394.8964668188,422.6,0.0,1.0
2021-06-24,397.2325793768,425.1,0.0,1.0
2021-06-25,398.6435913619,426.61,0.0,1.0
2021-06-28,399.4472140819,427.47,0.0,1.0
2021-06-29,399.6621364373,427.7,0.0,1.0
2021-06-30,399.9985366456,428.06,0.0,1.0
2021-07-01,402.2131713507,430.43,0.0,1.0
2021-07-02,405.2874954771,433.72,0.0,1.0
2021-07-06,404.5492839088,432.93,0.0,1.0
2021-07-07,405.9789847943,434.46,0.0,1.0
2021-07-08,402.6710494121,430.92,0.0,1.0
2021-07-09,406.9694965189,435.52,0.0,1.0
2021-07-12,408.4272307552,437.08,0.0,1.0
2021-07-13,407.0349076706,435.59,0.0,1.0
2021-07-14,407.6422969357,436.24,0.0,1.0
2021-07-15,406.2499738511,434.75,0.0,1.0
2021-07-16,403.0635163218,431.34,0.0,1.0
2021-07-19,397.1111015238,424.97,0.0,1.0
2021-07-20,402.8018717153,431.06,0.0,1.0
2021-07-21,406.0630848464,434.55,0.0,1.0
2021-07-22,406.9134298175,435.46,0.0,1.0
2021-07-23,411.0997435216,439.94,0.0,1.0
2021-07-26,412.1089441467,441.02,0.0,1.0
2021-07-27,410.23070965,439.01,0.0,1.0
2021-07-28,410.0625095458,438.83,0.0,1.0
2021-07-29,411.7631994881,440.65,0.0,1.0
2021-07-30,409.7634871384,438.51,0.0,1.0
2021-08-02,408.903797717,437.59,0.0,1.0
2021-08-03,412.2304219998,441.15,0.0,1.0
2021-08-04,410.2026762993,438.98,0.0,1.0
2021-08-05,412.8004334639,441.76,0.0,1.0
2021-08-06,413.4825783309,442.49,0.0,1.0
2021-08-09,413.1461781225,442.13,0.0,1.0
2021-08-10,413.6601228853,442.68,0.0,1.0
2021-08-11,414.6880124109,443.78,0.0,1.0
2021-08-12,415.9308242918,445.11,0.0,1.0
2021-08-13,416.6877247606,445.92,0.0,1.0
2021-08-16,417.668892035,446.97,0.0,1.0
2021-08-17,414.9309681169,444.04,0.0,1.0
2021-08-18,410.389565304,439.18,0.0,1.0
2021-08-19,411.0249879198,439.86,0.0,1.0
2021-08-20,414.2955455011,443.36,0.0,1.0
2021-08-23,417.9398810917,447.26,0.0,1.0
2021-08-24,418.6033370582,447.97,0.0,1.0
2021-08-25,419.48171538,448.91,0.0,1.0
2021-08-26,417.0054360685,446.26,0.0,1.0
2021-08-27,420.7338717112,450.25,0.0,1.0
2021-08-30,422.5840728572,452.23,0.0,1.0
2021-08-31,421.9579946916,451.56,0.0,1.0
2021-09-01,422.1822614972,451.8,0.0,1.0
2021-09-02,423.4811400795,453.19,0.0,1.0
2021-09-03,423.3783511269,453.08,0.0,1.0
2021-09-07,421.8645501893,451.46,0.0,1.0
2021-09-08,421.3506054265,450.91,0.0,1.0
2021-09-09,419.5471265317,448.98,0.0,1.0
2021-09-10,416.2391911494,445.44,0.0,1.0
2021-09-13,417.3044584759,446.58,0.0,1.0
2021-09-14,415.0524459699,444.17,0.0,1.0
2021-09-15,418.5192370061,447.88,0.0,1.0
2021-09-16,417.8557810396,447.17,0.0,1.0
2021-09-17,413.7985300788,441.4,1.428117,1.0
2021-09-20,406.8987630163,434.04,0.0,1.0
2021-09-21,406.5144009925,433.63,0.0,1.0
2021-09-22,410.4798921167,437.86,0.0,1.0
2021-09-23,415.4672237434,443.18,0.0,1.0
2021-09-24,416.1515756395,443.91,0.0,1.0
2021-09-27,414.9609908339,442.64,0.0,1.0
2021-09-28,406.598773144,433.72,0.0,1.0
2021-09-29,407.2831250402,434.45,0.0,1.0
2021-09-30,402.305168097,429.14,0.0,1.0
2021-10-01,407.0862566865,434.24,0.0,1.0
2021-10-04,401.8364339216,428.64,0.0,1.0
2021-10-05,406.0175427665,433.1,0.0,1.0
2021-10-06,407.7049857981,434.9,0.0,1.0
2021-10-07,411.2298667974,438.66,0.0,1.0
2021-10-08,410.4798921167,437.86,0.0,1.0
2021-10-11,407.5081174444,434.69,0.0,1.0
2021-10-12,406.505026309,433.62,0.0,1.0
2021-10-13,407.9674769363,435.18,0.0,1.0
2021-10-14,414.8297452648,442.5,0.0,1.0
2021-10-15,417.9890136072,445.87,0.0,1.0
2021-10-18,419.2264718304,447.19,0.0,1.0
2021-10-19,422.4607376409,450.64,0.0,1.0
2021-10-20,424.120056622,452.41,0.0,1.0
2021-10-21,425.226269276,453.59,0.0,1.0
2021-10-22,424.7856591511,453.12,0.0,1.0
2021-10-25,427.0637072438,455.55,0.0,1.0
2021-10-26,427.4480692676,455.96,0.0,1.0
2021-10-27,425.5543831989,453.94,0.0,1.0
2021-10-28,429.6604945757,458.32,0.0,1.0
2021-10-29,430.532340142,459.25,0.0,1.0
2021-11-01,431.2729401392,460.04,0.0,1.0
2021-11-02,433.0166312719,461.9,0.0,1.0
2021-11-03,435.6602920213,464.72,0.0,1.0
2021-11-04,437.7133477098,466.91,0.0,1.0
2021-11-05,439.2320464382,468.53,0.0,1.0
2021-11-08,439.6070337786,468.93,0.0,1.0
2021-11-09,438.1539578347,467.38,0.0,1.0
2021-11-10,434.6290768354,463.62,0.0,1.0
2021-11-11,434.769697088,463.77,0.0,1.0
2021-11-12,438.0508363161,467.27,0.0,1.0
2021-11-15,438.2008312522,467.43,0.0,1.0
2021-11-16,439.9351477014,469.28,0.0,1.0
2021-11-17,438.8664337814,468.14,0.0,1.0
2021-11-18,440.3570084593,469.73,0.0,1.0
2021-11-19,439.5695350445,468.89,0.0,1.0
2021-11-22,438.3320768214,467.57,0.0,1.0
2021-11-23,438.9133071989,468.19,0.0,1.0
2021-11-24,440.0851426375,469.44,0.0,1.0
2021-11-26,430.2698490038,458.97,0.0,1.0
2021-11-29,435.5477958192,464.6,0.0,1.0
2021-11-30,427.0730819273,455.56,0.0,1.0
2021-12-01,422.3294920718,450.5,0.0,1.0
2021-12-02,428.7980236929,457.4,0.0,1.0
2021-12-03,425.0668996564,453.42,0.0,1.0
2021-12-06,430.1011047006,458.79,0.0,1.0
2021-12-07,438.9976793505,468.28,0.0,1.0
2021-12-08,440.1601401056,469.52,0.0,1.0
2021-12-09,437.1883654333,466.35,0.0,1.0
2021-12-10,441.3038514936,470.74,0.0,1.0
2021-12-13,437.3946084705,466.57,0.0,1.0
2021-12-14,434.3853350641,463.36,0.0,1.0
2021-12-15,441.1726059245,470.6,0.0,1.0
2021-12-16,437.2821122684,466.45,0.0,1.0
2021-12-17,432.6476727905,459.87,1.636431,1.0
2021-12-20,428.0471397704,454.98,0.0,1.0
2021-12-21,435.648838503,463.06,0.0,1.0
2021-12-22,440.0047624054,467.69,0.0,1.0
2021-12-23,442.7425029143,470.6,0.0,1.0
2021-12-27,449.0082595429,477.26,0.0,1.0
2021-12-28,448.6413458664,476.87,0.0,1.0
2021-12-29,449.2152364886,477.48,0.0,1.0
2021-12-30,447.9733748144,476.16,0.0,1.0
2021-12-31,446.8444096561,474.96,0.0,1.0
2022-01-03,449.4316214772,477.71,0.0,1.0
2022-01-04,449.2810927895,477.55,0.0,1.0
2022-01-05,440.6539173714,468.38,0.0,1.0
2022-01-06,440.2399634801,467.94,0.0,1.0
2022-01-07,438.4994755277,466.09,0.0,1.0
2022-01-10,437.9538090345,465.51,0.0,1.0
2022-01-11,441.9428192605,469.75,0.0,1.0
2022-01-12,443.1376407197,471.02,0.0,1.0
2022-01-13,437.0318208219,464.53,0.0,1.0
2022-01-14,437.2105736386,464.72,0.0,1.0
2022-01-18,429.4677542613,456.49,0.0,1.0
2022-01-19,425.008341886,451.75,0.0,1.0
2022-01-20,420.304320393,446.75,0.0,1.0
2022-01-21,412.0534666944,437.98,0.0,1.0
2022-01-24,413.8033626898,439.84,0.0,1.0
2022-01-25,408.7512436064,434.47,0.0,1.0
2022-01-26,407.7257669209,433.38,0.0,1.0
2022-01-27,405.712445722,431.24,0.0,1.0
2022-01-28,415.7884597598,441.95,0.0,1.0
2022-01-31,423.2772619766,449.91,0.0,1.0
2022-02-01,426.1373070443,452.95,0.0,1.0
2022-02-02,430.276845958,457.35,0.0,1.0
2022-02-03,420.1631997482,446.6,0.0,1.0
2022-02-04,422.1388887753,448.7,0.0,1.0
2022-02-07,420.7841305853,447.26,0.0,1.0
2022-02-08,424.2462904041,450.94,0.0,1.0
2022-02-09,430.4555987748,457.54,0.0,1.0
2022-02-10,422.7221874404,449.32,0.0,1.0
2022-02-11,414.3866613549,440.46,0.0,1.0
2022-02-14,413.031903165,439.02,0.0,1.0
2022-02-15,419.692797599,446.1,0.0,1.0
2022-02-16,420.1631997482,446.6,0.0,1.0
2022-02-17,411.1879267397,437.06,0.0,1.0
2022-02-18,408.5254505747,434.23,0.0,1.0
2022-02-22,404.1413025433,429.57,0.0,1.0
2022-02-23,396.9723737881,421.95,0.0,1.0
2022-02-24,402.9464810841,428.3,0.0,1.0
2022-02-25,411.8370817058,437.75,0.0,1.0
2022-02-28,410.7833808913,436.63,0.0,1.0
2022-03-01,404.5270323058,429.98,0.0,1.0
2022-03-02,411.9687943076,437.89,0.0,1.0
2022-03-03,409.9178409367,435.71,0.0,1.0
2022-03-04,406.5873937197,432.17,0.0,1.0
2022-03-07,394.6015469557,419.43,0.0,1.0
2022-03-08,391.6097892862,416.25,0.0,1.0
2022-03-09,402.1091652584,427.41,0.0,1.0
2022-03-10,400.2934129621,425.48,0.0,1.0
2022-03-11,395.2036617068,420.07,0.0,1.0
2022-03-14,392.3153925101,417.0,0.0,1.0
2022-03-15,400.9425679281,426.17,0.0,1.0
2022-03-16,409.8331685498,435.62,0.0,1.0
2022-03-17,414.9605519771,441.07,0.0,1.0
2022-03-18,419.4914739463,444.52,1.366009,1.0
2022-03-21,419.3687935458,444.39,0.0,1.0
2022-03-22,424.2760095643,449.59,0.0,1.0
2022-03-23,418.8120132668,443.8,0.0,1.0
2022-03-24,425.1253354136,450.49,0.0,1.0
2022-03-25,427.2014652676,452.69,0.0,1.0
2022-03-28,430.2401644175,455.91,0.0,1.0
2022-03-29,435.5626064067,461.55,0.0,1.0
2022-03-30,432.8730745504,458.7,0.0,1.0
2022-03-31,426.21058511,451.64,0.0,1.0
2022-04-01,427.4185152069,452.92,0.0,1.0
2022-04-04,431.0800533129,456.8,0.0,1.0
2022-04-05,425.6349309232,451.03,0.0,1.0
2022-04-06,421.3788647226,446.52,0.0,1.0
2022-04-07,423.502179346,448.77,0.0,1.0
2022-04-08,422.3697448802,447.57,0.0,1.0
2022-04-11,415.1504751607,439.92,0.0,1.0
2022-04-12,413.612251678,438.29,0.0,1.0
2022-04-13,418.3496025266,443.31,0.0,1.0
2022-04-14,413.140403984,437.79,0.0,1.0
2022-04-18,413.3102691538,437.97,0.0,1.0
2022-04-19,419.9821955481,445.04,0.0,1.0
2022-04-20,419.67077607,444.71,0.0,1.0
2022-04-21,413.3952017388,438.06,0.0,1.0
2022-04-22,402.051983173,426.04,0.0,1.0
2022-04-25,404.3829107818,428.51,0.0,1.0
2022-04-26,392.6716510147,416.1,0.0,1.0
2022-04-27,393.7757746188,417.27,0.0,1.0
2022-04-28,403.7223240101,427.81,0.0,1.0
2022-04-29,388.8024999232,412.0,0.0,1.0
2022-05-02,391.1428644859,414.48,0.0,1.0
2022-05-03,392.9358857234,416.38,0.0,1.0
2022-05-04,404.9019432453,429.06,0.0,1.0
2022-05-05,390.5105885758,413.81,0.0,1.0
2022-05-06,388.179660967,411.34,0.0,1.0
2022-05-09,375.7511927049,398.17,0.0,1.0
2022-05-10,376.619392462,399.09,0.0,1.0
2022-05-11,370.6363637011,392.75,0.0,1.0
2022-05-12,370.2494485919,392.34,0.0,1.0
2022-05-13,379.1013113329,401.72,0.0,1.0
2022-05-16,377.5630878502,400.09,0.0,1.0
2022-05-17,385.3297008948,408.32,0.0,1.0
2022-05-18,369.7964748056,391.86,0.0,1.0
2022-05-19,367.531605874,389.46,0.0,1.0
2022-05-20,367.69203409,389.63,0.0,1.0
2022-05-23,374.5715734697,396.92,0.0,1.0
2022-05-24,371.7121764436,393.89,0.0,1.0
2022-05-25,374.9962363944,397.37,0.0,1.0
2022-05-26,382.4891777764,405.31,0.0,1.0
2022-05-27,391.8789468886,415.26,0.0,1.0
2022-05-31,389.6801366342,412.93,0.0,1.0
2022-06-01,386.5281940378,409.59,0.0,1.0
2022-06-02,393.8890180654,417.39,0.0,1.0
2022-06-03,387.4247046565,410.54,0.0,1.0
2022-06-06,388.6043238917,411.79,0.0,1.0
2022-06-07,392.331920675,415.74,0.0,1.0
2022-06-08,388.0664175205,411.22,0.0,1.0
2022-06-09,378.8370766242,401.44,0.0,1.0
2022-06-10,367.852462306,389.8,0.0,1.0
2022-06-13,353.8857705612,375.0,0.0,1.0
2022-06-14,352.8193947726,373.87,0.0,1.0
2022-06-15,357.8492911915,379.2,0.0,1.0
2022-06-16,346.00591407,366.65,0.0,1.0
2022-06-17,346.7484806038,365.86,1.576871,1.0
2022-06-21,355.4773755537,375.07,0.0,1.0
2022-06-22,354.832896882,374.39,0.0,1.0
2022-06-23,358.3111861834,378.06,0.0,1.0
2022-06-24,369.7032944676,390.08,0.0,1.0
2022-06-27,368.2911279665,388.59,0.0,1.0
2022-06-28,360.7658917122,380.65,0.0,1.0
2022-06-29,360.472085259,380.34,0.0,1.0
2022-06-30,357.543498354,377.25,0.0,1.0
2022-07-01,361.3250717362,381.24,0.0,1.0
2022-07-05,362.0074609179,381.96,0.0,1.0
2022-07-06,363.2300748686,383.25,0.0,1.0
2022-07-07,368.6702330675,388.99,0.0,1.0
2022-07-08,368.3669489867,388.67,0.0,1.0
2022-07-11,364.1588823659,384.23,0.0,1.0
2022-07-12,360.9364890077,380.83,0.0,1.0
2022-07-13,359.0409635028,378.83,0.0,1.0
2022-07-14,358.1690217706,377.91,0.0,1.0
2022-07-15,365.0118688431,385.13,0.0,1.0
2022-07-18,361.9979832904,381.95,0.0,1.0
2022-07-19,371.7788948955,392.27,0.0,1.0
2022-07-20,374.1483017765,394.77,0.0,1.0
2022-07-21,377.9583080413,398.79,0.0,1.0
2022-07-22,374.4515858573,395.09,0.0,1.0
2022-07-25,374.9065119785,395.57,0.0,1.0
2022-07-26,370.4709822971,390.89,0.0,1.0
2022-07-27,380.0907742343,401.04,0.0,1.0
2022-07-28,384.858020879,406.07,0.0,1.0
2022-07-29,390.4687763734,411.99,0.0,1.0
2022-08-01,389.3125058154,410.77,0.0,1.0
2022-08-02,386.7440687563,408.06,0.0,1.0
2022-08-03,392.8002727444,414.45,0.0,1.0
2022-08-04,392.5348991737,414.17,0.0,1.0
2022-08-05,391.871465247,413.47,0.0,1.0
2022-08-08,391.4165391258,412.99,0.0,1.0
2022-08-09,389.8622082118,411.35,0.0,1.0
2022-08-10,398.0508783928,419.99,0.0,1.0
2022-08-11,398.0508783928,419.99,0.0,1.0
2022-08-12,404.7894715626,427.1,0.0,1.0
2022-08-15,406.4575340069,428.86,0.0,1.0
2022-08-16,407.2536547189,429.7,0.0,1.0
2022-08-17,404.362978324,426.65,0.0,1.0
2022-08-18,405.538204137,427.89,0.0,1.0
2022-08-19,400.0885683105,422.14,0.0,1.0
2022-08-22,391.7577337167,413.35,0.0,1.0
2022-08-23,390.8099709642,412.35,0.0,1.0
2022-08-24,392.0610177975,413.67,0.0,1.0
2022-08-25,397.5959522716,419.51,0.0,1.0
2022-08-26,384.1377211871,405.31,0.0,1.0
2022-08-29,381.5977170106,402.63,0.0,1.0
2022-08-30,377.4086056449,398.21,0.0,1.0
2022-08-31,374.536884505,395.18,0.0,1.0
2022-09-01,375.712110318,396.42,0.0,1.0
2022-09-02,371.7504620129,392.24,0.0,1.0
2022-09-06,370.3477731393,390.76,0.0,1.0
2022-09-07,377.0010676614,397.78,0.0,1.0
2022-09-08,379.4652508177,400.38,0.0,1.0
2022-09-09,385.3603351378,406.6,0.0,1.0
2022-09-12,389.5020583659,410.97,0.0,1.0
2022-09-13,372.56553798,393.1,0.0,1.0
2022-09-14,373.9871821086,394.6,0.0,1.0
2022-09-15,369.7412049777,390.12,0.0,1.0
2022-09-16,366.9324133891,385.56,1.596398,1.0
2022-09-19,369.7779573149,388.55,0.0,1.0
2022-09-20,365.5334335995,384.09,0.0,1.0
2022-09-21,359.1571311571,377.39,0.0,1.0
2022-09-22,356.1402835836,374.22,0.0,1.0
2022-09-23,350.1732065218,367.95,0.0,1.0
2022-09-26,346.7090660903,364.31,0.0,1.0
2022-09-27,345.8239972438,363.38,0.0,1.0
2022-09-28,352.6285588056,370.53,0.0,1.0
2022-09-29,345.2625019541,362.79,0.0,1.0
2022-09-30,339.9235382673,357.18,0.0,1.0
2022-10-03,348.8979460333,366.61,0.0,1.0
2022-10-04,359.7091095775,377.97,0.0,1.0
2022-10-05,358.8716250776,377.09,0.0,1.0
2022-10-06,355.1695629132,373.2,0.0,1.0
2022-10-07,345.2625019541,362.79,0.0,1.0
2022-10-10,342.6263291533,360.02,0.0,1.0
2022-10-11,340.456482949,357.74,0.0,1.0
2022-10-12,339.3334923696,356.56,0.0,1.0
2022-10-13,348.288866397,365.97,0.0,1.0
2022-10-14,340.3517973865,357.63,0.0,1.0
2022-10-17,349.0978002889,366.82,0.0,1.0
2022-10-18,353.1995709646,371.13,0.0,1.0
2022-10-19,350.6966343342,368.5,0.0,1.0
2022-10-20,347.7559217152,365.41,0.0,1.0
2022-10-21,356.2069016688,374.29,0.0,1.0
2022-10-24,360.565627816,378.87,0.0,1.0
2022-10-25,366.3233337528,384.92,0.0,1.0
2022-10-26,363.5634416509,382.02,0.0,1.0
2022-10-27,361.6220003102,379.98,0.0,1.0
2022-10-28,370.2252501728,389.02,0.0,1.0
2022-10-31,367.5510098947,386.21,0.0,1.0
2022-11-01,365.9426589801,384.52,0.0,1.0
2022-11-02,356.7588800892,374.87,0.0,1.0
2022-11-03,353.0853685328,371.01,0.0,1.0
2022-11-04,358.1673767481,376.35,0.0,1.0
2022-11-07,361.5934497022,379.95,0.0,1.0
2022-11-08,363.5444079122,382.0,0.0,1.0
2022-11-09,356.0546317597,374.13,0.0,1.0
2022-11-10,375.6213150756,394.69,0.0,1.0
2022-11-11,379.2567591547,398.51,0.0,1.0
2022-11-14,376.0305404562,395.12,0.0,1.0
2022-11-15,379.2377254161,398.49,0.0,1.0
2022-11-16,376.3445971437,395.45,0.0,1.0
2022-11-17,375.1930559563,394.24,0.0,1.0
2022-11-18,376.8965755641,396.03,0.0,1.0
2022-11-21,375.5261463824,394.59,0.0,1.0
2022-11-22,380.5796039898,399.9,0.0,1.0
2022-11-23,382.9778550577,402.42,0.0,1.0
2022-11-25,382.8922032339,402.33,0.0,1.0
2022-11-28,376.7823731323,395.91,0.0,1.0
2022-11-29,376.1352260187,395.23,0.0,1.0
2022-11-30,387.9837283185,407.68,0.0,1.0
2022-12-01,387.698222239,407.38,0.0,1.0
2022-12-02,387.2509293811,406.91,0.0,1.0
2022-12-05,380.284581041,399.59,0.0,1.0
2022-12-06,374.8028643143,393.83,0.0,1.0
2022-12-07,374.1652340701,393.16,0.0,1.0
2022-12-08,377.0964298198,396.24,0.0,1.0
2022-12-09,374.2794365019,393.28,0.0,1.0
2022-12-12,379.6755014047,398.95,0.0,1.0
2022-12-13,382.5495959384,401.97,0.0,1.0
2022-12-14,380.1037605239,399.4,0.0,1.0
2022-12-15,370.8057792012,389.63,0.0,1.0
2022-12-16,366.4483854157,383.27,1.7814,1.0
2022-12-19,363.3410270192,380.02,0.0,1.0
2022-12-20,363.8382043626,380.54,0.0,1.0
2022-12-21,369.2784718321,386.23,0.0,1.0
2022-12-22,364.0103042123,380.72,0.0,1.0
2022-12-23,366.1041857164,382.91,0.0,1.0
2022-12-27,364.6604591999,381.4,0.0,1.0
2022-12-28,360.1284964924,376.66,0.0,1.0
2022-12-29,366.6109241625,383.44,0.0,1.0
2022-12-30,365.645252784,382.43,0.0,1.0
2023-01-03,364.1059152399,380.82,0.0,1.0
2023-01-04,366.9168794508,383.76,0.0,1.0
2023-01-05,362.7291164427,379.38,0.0,1.0
2023-01-06,371.0472758424,388.08,0.0,1.0
2023-01-09,370.8369315817,387.86,0.0,1.0
2023-01-10,373.4375515319,390.58,0.0,1.0
2023-01-11,378.1607362945,395.52,0.0,1.0
2023-01-12,379.5375350917,396.96,0.0,1.0
2023-01-13,381.0099449165,398.5,0.0,1.0
2023-01-17,380.3119844151,397.77,0.0,1.0
2023-01-18,374.3076118829,391.49,0.0,1.0
2023-01-19,371.5826975968,388.64,0.0,1.0
2023-01-20,378.5049359938,395.88,0.0,1.0
2023-01-23,383.046459804,400.63,0.0,1.0
2023-01-24,382.6353323854,400.2,0.0,1.0
2023-01-25,382.7787489268,400.35,0.0,1.0
2023-01-26,386.9856341404,404.75,0.0,1.0
2023-01-27,387.8748166969,405.68,0.0,1.0
2023-01-30,383.008215393,400.59,0.0,1.0
2023-01-31,388.6397049176,406.48,0.0,1.0
2023-02-01,392.7701013091,410.8,0.0,1.0
2023-02-02,398.4876407586,416.78,0.0,1.0
2023-02-03,394.2520722367,412.35,0.0,1.0
2023-02-06,391.8426743416,409.83,0.0,1.0
2023-02-07,396.96742542,415.19,0.0,1.0
2023-02-08,392.6266847678,410.65,0.0,1.0
2023-02-09,389.2229321858,407.09,0.0,1.0
2023-02-10,390.1312369479,408.04,0.0,1.0
2023-02-13,394.7110051691,412.83,0.0,1.0
2023-02-14,394.5293442166,412.64,0.0,1.0
2023-02-15,395.8105319863,413.98,0.0,1.0
2023-02-16,390.360703414,408.28,0.0,1.0
2023-02-17,389.3854709327,407.26,0.0,1.0
2023-02-21,381.5740499792,399.09,0.0,1.0
2023-02-22,381.0481893275,398.54,0.0,1.0
2023-02-23,383.0751431123,400.66,0.0,1.0
2023-02-24,378.9829911317,396.38,0.0,1.0
2023-02-27,380.2737400041,397.73,0.0,1.0
2023-02-28,378.8682578986,396.26,0.0,1.0
2023-03-01,377.4149702794,394.74,0.0,1.0
2023-03-02,380.3502288262,397.81,0.0,1.0
2023-03-03,386.4502123859,404.19,0.0,1.0
2023-03-06,386.7179232632,404.47,0.0,1.0
2023-03-07,380.790039553,398.27,0.0,1.0
2023-03-08,381.4115112323,398.92,0.0,1.0
2023-03-09,374.3745396022,391.56,0.0,1.0
2023-03-10,368.9725165438,385.91,0.0,1.0
2023-03-13,368.4466558921,385.36,0.0,1.0
2023-03-14,374.5370783491,391.73,0.0,1.0
2023-03-15,372.1946081734,389.28,0.0,1.0
2023-03-16,378.7248413573,396.11,0.0,1.0
2023-03-17,374.3135435911,389.99,1.506204,1.0
2023-03-20,377.9128045682,393.74,0.0,1.0
2023-03-21,382.874985702,398.91,0.0,1.0
2023-03-22,376.3483257968,392.11,0.0,1.0
2023-03-23,377.3657168997,393.17,0.0,1.0
2023-03-24,379.8420084519,395.75,0.0,1.0
2023-03-27,380.5522626181,396.49,0.0,1.0
2023-03-28,379.6980380129,395.6,0.0,1.0
2023-03-29,385.2169048444,401.35,0.0,1.0
2023-03-30,387.4724417234,403.7,0.0,1.0
2023-03-31,392.9337203794,409.39,0.0,1.0
2023-04-03,394.4310129459,410.95,0.0,1.0
2023-04-04,392.2426622718,408.67,0.0,1.0
2023-04-05,391.2156731396,407.6,0.0,1.0
2023-04-06,392.7417597939,409.19,0.0,1.0
2023-04-10,393.1448770234,409.61,0.0,1.0
2023-04-11,393.2504553454,409.72,0.0,1.0
2023-04-12,391.6475844569,408.05,0.0,1.0
2023-04-13,396.8497163225,413.47,0.0,1.0
2023-04-14,395.880315366,412.46,0.0,1.0
2023-04-17,397.3008236983,413.94,0.0,1.0
2023-04-18,397.5599704886,414.21,0.0,1.0
2023-04-19,397.4927842837,414.14,0.0,1.0
2023-04-20,395.3236296682,411.88,0.0,1.0
2023-04-21,395.6307666049,412.2,0.0,1.0
2023-04-24,396.0434818636,412.63,0.0,1.0
2023-04-25,389.7567726902,406.08,0.0,1.0
2023-04-26,388.1059116554,404.36,0.0,1.0
2023-04-27,395.8323252196,412.41,0.0,1.0
2023-04-28,399.2108315235,415.93,0.0,1.0
2023-05-01,398.807714294,415.51,0.0,1.0
2023-05-02,394.3254346239,410.84,0.0,1.0
2023-05-03,391.6187903691,408.02,0.0,1.0
2023-05-04,388.8449599094,405.13,0.0,1.0
2023-05-05,396.0434818636,412.63,0.0,1.0
2023-05-08,396.1490601856,412.74,0.0,1.0
2023-05-09,394.4118168873,410.93,0.0,1.0
2023-05-10,396.2546385076,412.85,0.0,1.0
2023-05-11,395.5635804,412.13,0.0,1.0
2023-05-12,395.0452868193,411.59,0.0,1.0
2023-05-15,396.408206976,413.01,0.0,1.0
2023-05-16,393.7591508968,410.25,0.0,1.0
2023-05-17,398.5389694744,415.23,0.0,1.0
2023-05-18,402.3781811833,419.23,0.0,1.0
2023-05-19,401.7927013977,418.62,0.0,1.0
2023-05-22,401.9558678954,418.79,0.0,1.0
2023-05-23,397.4447941374,414.09,0.0,1.0
2023-05-24,394.5653853557,411.09,0.0,1.0
2023-05-25,397.9822837766,414.65,0.0,1.0
2023-05-26,403.1364254959,420.02,0.0,1.0
2023-05-30,403.2899939642,420.18,0.0,1.0
2023-05-31,401.0536531438,417.85,0.0,1.0
2023-06-01,404.8640707649,421.82,0.0,1.0
2023-06-02,410.718868621,427.92,0.0,1.0
2023-06-05,409.9318302207,427.1,0.0,1.0
2023-06-06,410.824446943,428.03,0.0,1.0
2023-06-07,409.4039386107,426.55,0.0,1.0
2023-06-08,411.8802301629,429.13,0.0,1.0
2023-06-09,412.6192784169,429.9,0.0,1.0
2023-06-12,416.3625098331,433.8,0.0,1.0
2023-06-13,419.107546205,436.66,0.0,1.0
2023-06-14,419.6066437272,437.18,0.0,1.0
2023-06-15,424.8087755927,442.6,0.0,1.0
2023-06-16,423.3675038437,439.46,1.638367,1.0
2023-06-20,421.1709946989,437.18,0.0,1.0
2023-06-21,419.0130208023,434.94,0.0,1.0
2023-06-22,420.5255292924,436.51,0.0,1.0
2023-06-23,417.3463713197,433.21,0.0,1.0
2023-06-26,415.6411865888,431.44,0.0,1.0
2023-06-27,420.1979796831,436.17,0.0,1.0
2023-06-28,420.4099235479,436.39,0.0,1.0
2023-06-29,422.0669392185,438.11,0.0,1.0
2023-06-30,427.0476200424,443.28,0.0,1.0
2023-07-03,427.5389444564,443.79,0.0,1.0
2023-07-05,426.9031128618,443.13,0.0,1.0
2023-07-06,423.5601800845,439.66,0.0,1.0
2023-07-07,422.4908269482,438.55,0.0,1.0
2023-07-10,423.5601800845,439.66,0.0,1.0
2023-07-11,426.2576474553,442.46,0.0,1.0
2023-07-12,429.687284541,446.02,0.0,1.0
2023-07-13,433.0976540026,449.56,0.0,1.0
2023-07-14,432.8279072655,449.28,0.0,1.0
2023-07-17,434.3307819435,450.84,0.0,1.0
2023-07-18,437.5581089764,454.19,0.0,1.0
2023-07-19,438.5311239923,455.2,0.0,1.0
2023-07-20,435.6217127567,452.18,0.0,1.0
2023-07-21,435.6217127567,452.18,0.0,1.0
2023-07-24,437.5677427885,454.2,0.0,1.0
2023-07-25,438.7623354812,455.44,0.0,1.0
2023-07-26,438.8297721655,455.51,0.0,1.0
2023-07-27,435.9203609299,452.49,0.0,1.0
2023-07-28,440.1881396629,456.92,0.0,1.0
2023-07-31,441.0262813103,457.79,0.0,1.0
2023-08-01,439.7642519332,456.48,0.0,1.0
2023-08-02,433.6467812888,450.13,0.0,1.0
2023-08-03,432.4040195358,448.84,0.0,1.0
2023-08-04,430.448355692,446.81,0.0,1.0
2023-08-07,434.205542387,450.71,0.0,1.0
2023-08-08,432.3173152275,448.75,0.0,1.0
2023-08-09,429.4271716159,445.75,0.0,1.0
2023-08-10,429.5813126086,445.91,0.0,1.0
2023-08-11,429.3308334956,445.65,0.0,1.0
2023-08-14,431.700751257,448.11,0.0,1.0
2023-08-15,426.6719013729,442.89,0.0,1.0
2023-08-16,423.5409124604,439.64,0.0,1.0
2023-08-17,420.3135854275,436.29,0.0,1.0
2023-08-18,420.5158954803,436.5,0.0,1.0
2023-08-21,423.2518980993,439.34,0.0,1.0
2023-08-22,422.1054744667,438.15,0.0,1.0
2023-08-23,426.8067747415,443.03,0.0,1.0
2023-08-24,420.8916141498,436.89,0.0,1.0
2023-08-25,423.8588282577,439.97,0.0,1.0
2023-08-28,426.5466618164,442.76,0.0,1.0
2023-08-29,432.7123015211,449.16,0.0,1.0
2023-08-30,434.4945567482,451.01,0.0,1.0
2023-08-31,433.8587251536,450.35,0.0,1.0
2023-09-01,434.6679653649,451.19,0.0,1.0
2023-09-05,432.7893720174,449.24,0.0,1.0
2023-09-06,429.8799607817,446.22,0.0,1.0
2023-09-07,428.5601285325,444.85,0.0,1.0
2023-09-08,429.205593939,445.52,0.0,1.0
2023-09-11,432.0283008663,448.45,0.0,1.0
2023-09-12,429.6583831049,445.99,0.0,1.0
2023-09-13,430.1593413309,446.51,0.0,1.0
2023-09-14,433.8683589657,450.36,0.0,1.0
2023-09-15,428.6595196079,443.37,1.583169,1.0
2023-09-18,428.9108931223,443.63,0.0,1.0
2023-09-19,428.0214176097,442.71,0.0,1.0
2023-09-20,424.0864552875,438.64,0.0,1.0
2023-09-21,417.0770015194,431.39,0.0,1.0
2023-09-22,416.1391849463,430.42,0.0,1.0
2023-09-25,417.8891313353,432.23,0.0,1.0
2023-09-26,411.7498166556,425.88,0.0,1.0
2023-09-27,411.9141762612,426.05,0.0,1.0
2023-09-28,414.3022246484,428.52,0.0,1.0
2023-09-29,413.2967305907,427.48,0.0,1.0
2023-10-02,413.1323709851,427.31,0.0,1.0
2023-10-03,407.6021536673,421.59,0.0,1.0
2023-10-04,410.5702947802,424.66,0.0,1.0
2023-10-05,410.4156033867,424.5,0.0,1.0
2023-10-06,415.288382282,429.54,0.0,1.0
2023-10-09,417.9471406078,432.29,0.0,1.0
2023-10-10,420.122488329,434.54,0.0,1.0
2023-10-11,421.8434300817,436.32,0.0,1.0
2023-10-12,419.2716856647,433.66,0.0,1.0
2023-10-13,417.1833518524,431.5,0.0,1.0
2023-10-16,421.5727201431,436.04,0.0,1.0
2023-10-17,421.5533837189,436.02,0.0,1.0
2023-10-18,415.9361524923,430.21,0.0,1.0
2023-10-19,412.2815683208,426.43,0.0,1.0
2023-10-20,407.2154251836,421.19,0.0,1.0
2023-10-23,406.5096457007,420.46,0.0,1.0
2023-10-24,409.5744689345,423.63,0.0,1.0
2023-10-25,403.6961959814,417.55,0.0,1.0
2023-10-26,398.8620899344,412.55,0.0,1.0
2023-10-27,397.0541342729,410.68,0.0,1.0
2023-10-30,401.801226411,415.59,0.0,1.0
2023-10-31,404.3246297675,418.2,0.0,1.0
2023-11-01,408.6366523614,422.66,0.0,1.0
2023-11-02,416.4679041575,430.76,0.0,1.0
2023-11-03,420.2675115104,434.69,0.0,1.0
2023-11-06,421.2343327198,435.69,0.0,1.0
2023-11-07,422.4331910194,436.93,0.0,1.0
2023-11-08,422.7425738064,437.25,0.0,1.0
2023-11-09,419.4457134824,433.84,0.0,1.0
2023-11-10,425.99109307,440.61,0.0,1.0
2023-11-13,425.585028162,440.19,0.0,1.0
2023-11-14,433.8416812902,448.73,0.0,1.0
2023-11-15,434.7601614392,449.68,0.0,1.0
2023-11-16,435.2919131043,450.23,0.0,1.0
2023-11-17,435.8333329816,450.79,0.0,1.0
2023-11-20,439.1882025782,454.26,0.0,1.0
2023-11-21,438.2310495809,453.27,0.0,1.0
2023-11-22,439.9229866973,455.02,0.0,1.0
2023-11-24,440.1936966359,455.3,0.0,1.0
2023-11-27,439.4009032442,454.48,0.0,1.0
2023-11-28,439.8359727885,454.93,0.0,1.0
2023-11-29,439.5265900015,454.61,0.0,1.0
2023-11-30,441.2571999663,456.4,0.0,1.0
2023-12-01,443.8676172316,459.1,0.0,1.0
2023-12-04,441.537578117,456.69,0.0,1.0
2023-12-05,441.4505642081,456.6,0.0,1.0
2023-12-06,439.6716131829,454.76,0.0,1.0
2023-12-07,443.0264827794,458.23,0.0,1.0
2023-12-08,444.9311205619,460.2,0.0,1.0
2023-12-11,446.6617305268,461.99,0.0,1.0
2023-12-12,448.7017232786,464.1,0.0,1.0
2023-12-13,454.8893790187,470.5,0.0,1.0
2023-12-14,456.3492790449,472.01,0.0,1.0
2023-12-15,455.6010300067,469.33,1.906073,1.0
2023-12-18,458.163804002,471.97,0.0,1.0
2023-12-19,460.9498499742,474.84,0.0,1.0
2023-12-20,454.5623299405,468.26,0.0,1.0
2023-12-21,458.8724498417,472.7,0.0,1.0
2023-12-22,459.7946601809,473.65,0.0,1.0
2023-12-26,461.7361556319,475.65,0.0,1.0
2023-12-27,462.5709986758,476.51,0.0,1.0
2023-12-28,462.7457332664,476.69,0.0,1.0
2023-12-29,461.4061014052,475.31,0.0,1.0
2024-01-02,458.8239124554,472.65,0.0,1.0
2024-01-03,455.076826235,468.79,0.0,1.0
2024-01-04,453.6109971695,467.28,0.0,1.0
2024-01-05,454.2322757138,467.92,0.0,1.0
2024-01-08,460.7168705201,474.6,0.0,1.0
2024-01-09,460.0179321577,473.88,0.0,1.0
2024-01-10,462.6195360621,476.56,0.0,1.0
2024-01-11,462.4156790397,476.35,0.0,1.0
2024-01-12,462.7360257891,476.68,0.0,1.0
2024-01-16,461.0372172695,474.93,0.0,1.0
2024-01-17,458.4744432742,472.29,0.0,1.0
2024-01-18,462.5515837213,476.49,0.0,1.0
2024-01-19,468.3178252107,482.43,0.0,1.0
2024-01-22,469.3079878907,483.45,0.0,1.0
2024-01-23,470.6767421837,484.86,0.0,1.0
2024-01-24,471.1912384782,485.39,0.0,1.0
2024-01-25,473.7540124735,488.03,0.0,1.0
2024-01-26,473.1521488837,487.41,0.0,1.0
2024-01-29,476.8992351041,491.27,0.0,1.0
2024-01-30,476.5303509684,490.89,0.0,1.0
2024-01-31,468.7546616872,482.88,0.0,1.0
2024-02-01,474.8897873123,489.2,0.0,1.0
2024-02-02,479.8891380986,494.35,0.0,1.0
2024-02-05,478.1417921927,492.55,0.0,1.0
2024-02-06,479.5299614402,493.98,0.0,1.0
2024-02-07,483.5294420692,498.1,0.0,1.0
2024-02-08,483.7430065689,498.32,0.0,1.0
2024-02-09,486.5387600183,501.2,0.0,1.0
2024-02-12,486.3251955187,500.98,0.0,1.0
2024-02-13,479.6270362128,494.08,0.0,1.0
2024-02-14,483.9856935002,498.57,0.0,1.0
2024-02-15,487.3250656759,502.01,0.0,1.0
2024-02-16,484.8981963622,499.51,0.0,1.0
2024-02-20,482.2286401171,496.76,0.0,1.0
2024-02-21,482.6654765936,497.21,0.0,1.0
2024-02-22,492.6544706889,507.5,0.0,1.0
2024-02-23,492.9942323928,507.85,0.0,1.0
2024-02-26,491.1886416234,505.99,0.0,1.0
2024-02-27,492.1011444854,506.93,0.0,1.0
2024-02-28,491.4507435093,506.26,0.0,1.0
2024-02-29,493.2175043697,508.08,0.0,1.0
2024-03-01,497.8479710203,512.85,0.0,1.0
2024-03-04,497.3140597713,512.3,0.0,1.0
2024-03-05,492.3438314167,507.18,0.0,1.0
2024-03-06,494.8386530713,509.75,0.0,1.0
2024-03-07,499.7506365623,514.81,0.0,1.0
2024-03-08,496.7510260905,511.72,0.0,1.0
2024-03-11,496.3238970913,511.28,0.0,1.0
2024-03-12,501.6630095815,516.78,0.0,1.0
2024-03-13,500.8767039238,515.97,0.0,1.0
2024-03-14,499.8865412438,514.95,0.0,1.0
2024-03-15,496.4645943544,509.83,1.594937,1.0
2024-03-18,499.4151616432,512.86,0.0,1.0
2024-03-19,502.1904477071,515.71,0.0,1.0
2024-03-20,506.8354001717,520.48,0.0,1.0
2024-03-21,508.5103096559,522.2,0.0,1.0
2024-03-22,507.5462629179,521.21,0.0,1.0
2024-03-25,506.1440131172,519.77,0.0,1.0
2024-03-26,505.2091799168,518.81,0.0,1.0
2024-03-27,509.4548807021,523.17,0.0,1.0
2024-03-28,509.3575022438,523.07,0.0,1.0
2024-04-01,508.4713582725,522.16,0.0,1.0
2024-04-02,505.2383934543,518.84,0.0,1.0
2024-04-03,505.7934506671,519.41,0.0,1.0
2024-04-04,499.6196564058,513.07,0.0,1.0
2024-04-05,504.839141775,518.43,0.0,1.0
2024-04-08,505.1215393043,518.72,0.0,1.0
2024-04-09,505.7058100545,519.32,0.0,1.0
2024-04-10,500.6421302188,514.12,0.0,1.0
2024-04-11,504.4204144039,518.0,0.0,1.0
2024-04-12,497.4578546298,510.85,0.0,1.0
2024-04-15,491.2256332936,504.45,0.0,1.0
2024-04-16,490.3297514765,503.53,0.0,1.0
2024-04-17,487.4278734168,500.55,0.0,1.0
2024-04-18,486.4248752955,499.52,0.0,1.0
2024-04-19,482.1791745101,495.16,0.0,1.0
2024-04-22,486.6196322122,499.72,0.0,1.0
2024-04-23,492.3941747941,505.65,0.0,1.0
2024-04-24,492.160466494,505.41,0.0,1.0
2024-04-25,490.2908000931,503.49,0.0,1.0
2024-04-26,494.9357525578,508.26,0.0,1.0
2024-04-29,496.6885648086,510.06,0.0,1.0
2024-04-30,488.8203853716,501.98,0.0,1.0
2024-05-01,487.2331165,500.35,0.0,1.0
2024-05-02,491.7904283522,505.03,0.0,1.0
2024-05-03,497.8863198467,511.29,0.0,1.0
2024-05-06,503.0279024491,516.57,0.0,1.0
2024-05-07,503.5829596619,517.14,0.0,1.0
2024-05-08,503.6316488911,517.19,0.0,1.0
2024-05-09,506.5335269508,520.17,0.0,1.0
2024-05-10,507.1859626219,520.84,0.0,1.0
2024-05-13,507.2541275428,520.91,0.0,1.0
2024-05-14,509.581472698,523.3,0.0,1.0
2024-05-15,515.891596801,529.78,0.0,1.0
2024-05-16,514.8301716047,528.69,0.0,1.0
2024-05-17,515.5702478883,529.45,0.0,1.0
2024-05-20,516.1642564845,530.06,0.0,1.0
2024-05-21,517.4301764434,531.36,0.0,1.0
2024-05-22,515.9402860302,529.83,0.0,1.0
2024-05-23,512.1717396909,525.96,0.0,1.0
2024-05-24,515.5605100425,529.44,0.0,1.0
2024-05-28,515.9208103385,529.81,0.0,1.0
2024-05-29,512.3080695326,526.1,0.0,1.0
2024-05-30,508.9095613352,522.61,0.0,1.0
2024-05-31,513.5447759541,527.37,0.0,1.0
2024-06-03,513.9635033251,527.8,0.0,1.0
2024-06-04,514.5380362295,528.39,0.0,1.0
2024-06-05,520.6534034157,534.67,0.0,1.0
2024-06-06,520.6436655699,534.66,0.0,1.0
2024-06-07,520.0107055904,534.01,0.0,1.0
2024-06-10,521.6174501537,535.66,0.0,1.0
2024-06-11,522.8736322668,536.95,0.0,1.0
2024-06-12,527.1680222813,541.36,0.0,1.0
2024-06-13,528.2294474776,542.45,0.0,1.0
2024-06-14,528.5507963903,542.78,0.0,1.0
2024-06-17,532.7575457923,547.1,0.0,1.0
2024-06-18,534.1111063637,548.49,0.0,1.0
2024-06-20,532.6601673339,547.0,0.0,1.0
2024-06-21,531.948354174,544.51,1.759024,1.0
2024-06-24,530.2191874243,542.74,0.0,1.0
2024-06-25,532.2609718914,544.83,0.0,1.0
2024-06-26,532.925284541,545.51,0.0,1.0
2024-06-27,533.7654446567,546.37,0.0,1.0
2024-06-28,531.6650443675,544.22,0.0,1.0
2024-07-01,532.7592063786,545.34,0.0,1.0
2024-07-02,536.3445408258,549.01,0.0,1.0
2024-07-03,538.7380202251,551.46,0.0,1.0
2024-07-05,541.8446587924,554.64,0.0,1.0
2024-07-08,542.4698942273,555.28,0.0,1.0
2024-07-09,542.9974366255,555.82,0.0,1.0
2024-07-10,548.3705536444,561.32,0.0,1.0
2024-07-11,543.6422106678,556.48,0.0,1.0
2024-07-12,547.0712362562,559.99,0.0,1.0
2024-07-15,548.5757090215,561.53,0.0,1.0
2024-07-16,551.8288871439,564.86,0.0,1.0
2024-07-17,544.0915986367,556.94,0.0,1.0
2024-07-18,539.9103366656,552.66,0.0,1.0
2024-07-19,536.3250022184,548.99,0.0,1.0
2024-07-22,541.8544280961,554.65,0.0,1.0
2024-07-23,541.0044986767,553.78,0.0,1.0
2024-07-24,528.74402257,541.23,0.0,1.0
2024-07-25,525.9890789348,538.41,0.0,1.0
2024-07-26,531.8799690483,544.44,0.0,1.0
2024-07-29,532.1925867657,544.76,0.0,1.0
2024-07-30,529.4962589526,542.0,0.0,1.0
2024-07-31,538.1030154865,550.81,0.0,1.0
2024-08-01,530.4829586234,543.01,0.0,1.0
2024-08-02,520.6061926123,532.9,0.0,1.0
2024-08-05,505.4442333153,517.38,0.0,1.0
2024-08-06,510.1041911663,522.15,0.0,1.0
2024-08-07,506.6947041852,518.66,0.0,1.0
2024-08-08,518.4080992864,530.65,0.0,1.0
2024-08-09,520.6941163453,532.99,0.0,1.0
2024-08-12,520.9676568481,533.27,0.0,1.0
2024-08-13,529.5353361673,542.04,0.0,1.0
2024-08-14,531.205887095,543.75,0.0,1.0
2024-08-15,540.3108781161,553.07,0.0,1.0
2024-08-16,541.5222717713,554.31,0.0,1.0
2024-08-19,546.7000027167,559.61,0.0,1.0
2024-08-20,545.8109960827,558.7,0.0,1.0
2024-08-21,547.6867023875,560.62,0.0,1.0
2024-08-22,543.3882087724,556.22,0.0,1.0
2024-08-23,549.1618672418,562.13,0.0,1.0
2024-08-26,547.8527805499,560.79,0.0,1.0
2024-08-27,548.6050169325,561.56,0.0,1.0
2024-08-28,545.4202239359,558.3,0.0,1.0
2024-08-29,545.4690704542,558.35,0.0,1.0
2024-08-30,550.6761093107,563.68,0.0,1.0
2024-09-03,539.3437170527,552.08,0.0,1.0
2024-09-04,538.2397857379,550.95,0.0,1.0
2024-09-05,536.930699046,549.61,0.0,1.0
2024-09-06,527.8940931506,540.36,0.0,1.0
2024-09-09,533.8045218714,546.41,0.0,1.0
2024-09-10,536.129616145,548.79,0.0,1.0
2024-09-11,541.6297341116,554.42,0.0,1.0
2024-09-12,546.1919989259,559.09,0.0,1.0
2024-09-13,549.0446355977,562.01,0.0,1.0
2024-09-16,549.8554878024,562.84,0.0,1.0
2024-09-17,550.0801817868,563.07,0.0,1.0
2024-09-18,548.4487080738,561.4,0.0,1.0
2024-09-19,557.8077009903,570.98,0.0,1.0
2024-09-20,556.8459433288,568.25,1.745531,1.0
2024-09-23,558.2374457301,569.67,0.0,1.0
2024-09-24,559.8347336977,571.3,0.0,1.0
2024-09-25,558.6000202994,570.04,0.0,1.0
2024-09-26,560.8146649663,572.3,0.0,1.0
2024-09-27,560.0013220134,571.47,0.0,1.0
2024-09-30,562.2453646183,573.76,0.0,1.0
2024-10-01,557.2085178981,568.62,0.0,1.0
2024-10-02,557.4437014026,568.86,0.0,1.0
2024-10-03,556.4245728833,567.82,0.0,1.0
2024-10-04,561.4810182288,572.98,0.0,1.0
2024-10-07,556.404974258,567.8,0.0,1.0
2024-10-08,561.6672051699,573.17,0.0,1.0
2024-10-09,565.5575323058,577.14,0.0,1.0
2024-10-10,564.5678017246,576.13,0.0,1.0
2024-10-11,567.948564601,579.58,0.0,1.0
2024-10-14,572.5934388137,584.32,0.0,1.0
2024-10-15,568.1445508547,579.78,0.0,1.0
2024-10-16,570.6139776513,582.3,0.0,1.0
2024-10-17,570.6629742147,582.35,0.0,1.0
2024-10-18,572.8580202562,584.59,0.0,1.0
2024-10-21,571.9172862384,583.63,0.0,1.0
2024-10-22,571.6135075452,583.32,0.0,1.0
2024-10-23,566.3904738841,577.99,0.0,1.0
2024-10-24,567.6153879697,579.24,0.0,1.0
2024-10-25,567.419401716,579.04,0.0,1.0
2024-10-28,569.1734786866,580.83,0.0,1.0
2024-10-29,570.094614079,581.77,0.0,1.0
2024-10-30,568.3699350464,580.01,0.0,1.0
2024-10-31,557.2281165235,568.64,0.0,1.0
2024-11-01,559.5799515679,571.04,0.0,1.0
2024-11-04,558.3746361077,569.81,0.0,1.0
2024-11-05,565.1263625477,576.7,0.0,1.0
2024-11-06,579.1785769381,591.04,0.0,1.0
2024-11-07,583.6568628351,595.61,0.0,1.0
2024-11-08,586.1850855079,598.19,0.0,1.0
2024-11-11,586.7436463309,598.76,0.0,1.0
2024-11-12,584.9209741715,596.9,0.0,1.0
2024-11-13,585.2051542394,597.19,0.0,1.0
2024-11-14,581.4422181683,593.35,0.0,1.0
2024-11-15,573.9947405277,585.75,0.0,1.0
2024-11-18,576.3465755721,588.15,0.0,1.0
2024-11-19,578.4534277994,590.3,0.0,1.0
2024-11-20,578.6494140531,590.5,0.0,1.0
2024-11-21,581.7557961742,593.67,0.0,1.0
2024-11-22,583.5588697083,595.51,0.0,1.0
2024-11-25,585.5383308707,597.53,0.0,1.0
2024-11-26,588.5957164284,600.65,0.0,1.0
2024-11-27,586.8122415197,598.83,0.0,1.0
2024-11-29,590.4575858386,602.55,0.0,1.0
2024-12-02,591.5159116086,603.63,0.0,1.0
2024-12-03,591.7902923637,603.91,0.0,1.0
2024-12-04,595.4650346206,607.66,0.0,1.0
2024-12-05,594.4851033521,606.66,0.0,1.0
2024-12-06,595.6120243109,607.81,0.0,1.0
2024-12-09,592.5448394405,604.68,0.0,1.0
2024-12-10,590.7025686557,602.8,0.0,1.0
2024-12-11,595.2690483669,607.46,0.0,1.0
2024-12-12,592.2018634965,604.33,0.0,1.0
2024-12-13,592.0842717443,604.21,0.0,1.0
2024-12-16,594.612494417,606.79,0.0,1.0
2024-12-17,592.1626662458,604.29,0.0,1.0
2024-12-18,574.5141041,586.28,0.0,1.0
2024-12-19,574.3377164716,586.1,0.0,1.0
2024-12-20,581.2124713226,591.15,1.965548,1.0
2024-12-23,584.692962143,594.69,0.0,1.0
2024-12-24,591.19184472,601.3,0.0,1.0
2024-12-26,591.2311722999,601.34,0.0,1.0
2024-12-27,585.0075827821,595.01,0.0,1.0
2024-12-30,578.3317260955,588.22,0.0,1.0
2024-12-31,576.2277005713,586.08,0.0,1.0
2025-01-02,574.8119076952,584.64,0.0,1.0
2025-01-03,581.9990229204,591.95,0.0,1.0
2025-01-06,585.3516991061,595.36,0.0,1.0
2025-01-07,578.7348337894,588.63,0.0,1.0
2025-01-08,579.5803767571,589.49,0.0,1.0
2025-01-10,570.7316712814,580.49,0.0,1.0
2025-01-13,571.616541829,581.39,0.0,1.0
2025-01-14,572.4030934268,582.19,0.0,1.0
2025-01-15,582.8150702031,592.78,0.0,1.0
2025-01-16,581.6942341762,591.64,0.0,1.0
2025-01-17,587.5343797901,597.58,0.0,1.0
2025-01-21,592.9124263403,603.05,0.0,1.0
2025-01-22,596.2454387361,606.44,0.0,1.0
2025-01-23,599.4997959721,609.75,0.0,1.0
2025-01-24,597.749718667,607.97,0.0,1.0
2025-01-27,589.2942889903,599.37,0.0,1.0
2025-01-28,594.3577149013,604.52,0.0,1.0
2025-01-29,591.6932713637,601.81,0.0,1.0
2025-01-30,594.8689734399,605.04,0.0,1.0
2025-01-31,591.7031032586,601.82,0.0,1.0
2025-02-03,587.7211857946,597.77,0.0,1.0
2025-02-04,591.6637756787,601.78,0.0,1.0
2025-02-05,594.0627580521,604.22,0.0,1.0
2025-02-06,596.1274559964,606.32,0.0,1.0
2025-02-07,590.6707542865,600.77,0.0,1.0
2025-02-10,594.6821674354,604.85,0.0,1.0
2025-02-11,595.1344346042,605.31,0.0,1.0
2025-02-12,593.2172150845,603.36,0.0,1.0
2025-02-13,599.4801321822,609.73,0.0,1.0
2025-02-14,599.4506364973,609.7,0.0,1.0
2025-02-18,601.2105456974,611.49,0.0,1.0
2025-02-19,602.6263385735,612.93,0.0,1.0
2025-02-20,600.1192053554,610.38,0.0,1.0
2025-02-21,589.8547070037,599.94,0.0,1.0
2025-02-24,587.1705996761,597.21,0.0,1.0
2025-02-25,584.2505268692,594.24,0.0,1.0
2025-02-26,584.5454837184,594.54,0.0,1.0
2025-02-27,575.2150153891,585.05,0.0,1.0
2025-02-28,584.1915354993,594.18,0.0,1.0
2025-03-03,573.9565328326,583.77,0.0,1.0
2025-03-04,567.1626934063,576.86,0.0,1.0
2025-03-05,573.2584682895,583.06,0.0,1.0
2025-03-06,563.0824569925,572.71,0.0,1.0
2025-03-07,566.2384952788,575.92,0.0,1.0
2025-03-10,551.1563683904,560.58,0.0,1.0
2025-03-11,546.574705333,555.92,0.0,1.0
2025-03-12,549.4751143501,558.87,0.0,1.0
2025-03-13,542.1503525952,551.42,0.0,1.0
2025-03-14,553.3488809694,562.81,0.0,1.0
2025-03-17,557.6159233876,567.15,0.0,1.0
2025-03-18,551.5889717692,561.02,0.0,1.0
2025-03-19,557.5962595977,567.13,0.0,1.0
2025-03-20,555.9838288221,565.49,0.0,1.0
2025-03-21,556.1662380032,563.98,1.695528,1.0
2025-03-24,566.1263057429,574.08,0.0,1.0
2025-03-25,567.4871862855,575.46,0.0,1.0
2025-03-26,560.7123679319,568.59,0.0,1.0
2025-03-27,559.2232884975,567.08,0.0,1.0
2025-03-28,547.9615089344,555.66,0.0,1.0
2025-03-31,551.6398309809,559.39,0.0,1.0
2025-04-01,553.1979405877,560.97,0.0,1.0
2025-04-02,556.6987564764,564.52,0.0,1.0
2025-04-03,529.2641936528,536.7,0.0,1.0
2025-04-04,498.2795076745,505.28,0.0,1.0
2025-04-07,497.3919768858,504.38,0.0,1.0
2025-04-08,489.6014288517,496.48,0.0,1.0
2025-04-09,541.0190458763,548.62,0.0,1.0
2025-04-10,517.3121123652,524.58,0.0,1.0
2025-04-11,526.5424325675,533.94,0.0,1.0
2025-04-14,531.650665329,539.12,0.0,1.0
2025-04-15,530.1615858947,537.61,0.0,1.0
2025-04-16,518.3771493116,525.66,0.0,1.0
2025-04-17,519.1167583021,526.41,0.0,1.0
2025-04-21,506.760357433,513.88,0.0,1.0
2025-04-22,519.9451203716,527.25,0.0,1.0
2025-04-23,528.0019276422,535.42,0.0,1.0
2025-04-24,539.1157854072,546.69,0.0,1.0
2025-04-25,543.0110594242,550.64,0.0,1.0
2025-04-28,543.2181499416,550.85,0.0,1.0
2025-04-29,546.6400742046,554.32,0.0,1.0
2025-04-30,546.8570261752,554.54,0.0,1.0
2025-05-01,550.7325772858,558.47,0.0,1.0
2025-05-02,558.9077219949,566.76,0.0,1.0
2025-05-05,555.7027497024,563.51,0.0,1.0
2025-05-06,551.0580052416,558.8,0.0,1.0
2025-05-07,553.3754467454,561.15,0.0,1.0
2025-05-08,557.2312749496,565.06,0.0,1.0
2025-05-09,556.5212503186,564.34,0.0,1.0
2025-05-12,574.9128605508,582.99,0.0,1.0
2025-05-13,578.7095200358,586.84,0.0,1.0
2025-05-14,579.4491290263,587.59,0.0,1.0
2025-05-15,582.2793660969,590.46,0.0,1.0
2025-05-16,585.9675495966,594.2,0.0,1.0
2025-05-19,586.6085440551,594.85,0.0,1.0
2025-05-20,584.6362534136,592.85,0.0,1.0
2025-05-21,574.7846616591,582.86,0.0,1.0
2025-05-22,575.0114750829,583.09,0.0,1.0
2025-05-23,571.0866167063,579.11,0.0,1.0
2025-05-27,582.9598063683,591.15,0.0,1.0
2025-05-28,579.5871893713,587.73,0.0,1.0
2025-05-29,581.8750465154,590.05,0.0,1.0
2025-05-30,581.2241906037,589.39,0.0,1.0
2025-06-02,584.4981930686,592.71,0.0,1.0
2025-06-03,587.8313642528,596.09,0.0,1.0
2025-06-04,587.6735810015,595.93,0.0,1.0
2025-06-05,584.8334824777,593.05,0.0,1.0
2025-06-06,590.8391074811,599.14,0.0,1.0
2025-06-09,591.3716259544,599.68,0.0,1.0
2025-06-10,594.7245200449,603.08,0.0,1.0
2025-06-11,593.0283500932,601.36,0.0,1.0
2025-06-12,595.3852374099,603.75,0.0,1.0
2025-06-13,588.7287564947,597.0,0.0,1.0
2025-06-16,594.3300619166,602.68,0.0,1.0
2025-06-17,589.2514135147,597.53,0.0,1.0
2025-06-18,589.1626604358,597.44,0.0,1.0
2025-06-20,587.7831585111,594.28,1.761117,1.0
2025-06-23,593.5889859669,600.15,0.0,1.0
2025-06-24,600.1465048822,606.78,0.0,1.0
2025-06-25,600.4827879034,607.12,0.0,1.0
2025-06-26,605.1808595244,611.87,0.0,1.0
2025-06-27,608.1876253619,614.91,0.0,1.0
2025-06-30,611.0954844284,617.85,0.0,1.0
2025-07-01,610.8976708864,617.65,0.0,1.0
2025-07-02,613.6670604735,620.45,0.0,1.0
2025-07-03,618.5036015739,625.34,0.0,1.0
2025-07-07,613.8945460468,620.68,0.0,1.0
2025-07-08,613.5582630255,620.34,0.0,1.0
2025-07-09,617.2375949055,624.06,0.0,1.0
2025-07-10,618.9783540745,625.82,0.0,1.0
2025-07-11,616.8024051132,623.62,0.0,1.0
2025-07-14,617.9793956878,624.81,0.0,1.0
2025-07-15,615.3385849029,622.14,0.0,1.0
2025-07-16,617.395845739,624.22,0.0,1.0
2025-07-17,621.17408439,628.04,0.0,1.0
2025-07-18,620.7191132436,627.58,0.0,1.0
2025-07-21,621.8961038181,628.77,0.0,1.0
2025-07-22,621.985119912,628.86,0.0,1.0
2025-07-23,627.2766321588,634.21,0.0,1.0
2025-07-24,627.4843363778,634.42,0.0,1.0
2025-07-25,630.1350378398,637.1,0.0,1.0
2025-07-28,629.9767870062,636.94,0.0,1.0
2025-07-29,628.315153254,635.26,0.0,1.0
2025-07-30,627.5238990862,634.46,0.0,1.0
2025-07-31,625.1699179372,632.08,0.0,1.0
2025-08-01,614.9231764648,621.72,0.0,1.0
2025-08-04,624.2698663214,631.17,0.0,1.0
2025-08-05,621.1048496504,627.97,0.0,1.0
2025-08-06,625.8622653339,632.78,0.0,1.0
2025-08-07,625.3380594478,632.25,0.0,1.0
2025-08-08,630.2141632566,637.18,0.0,1.0
2025-08-11,628.9679379424,635.92,0.0,1.0
2025-08-12,635.6639263369,642.69,0.0,1.0
2025-08-13,637.8398752982,644.89,0.0,1.0
2025-08-14,637.8992193608,644.95,0.0,1.0
2025-08-15,636.4057271192,643.44,0.0,1.0
2025-08-18,636.2672576398,643.3,0.0,1.0
2025-08-19,632.815411333,639.81,0.0,1.0
2025-08-20,631.1339962266,638.11,0.0,1.0
2025-08-21,628.6019828898,635.55,0.0,1.0
2025-08-22,638.2552837363,645.31,0.0,1.0
2025-08-25,635.4463314408,642.47,0.0,1.0
2025-08-26,638.1069235798,645.16,0.0,1.0
2025-08-27,639.5608531131,646.63,0.0,1.0
2025-08-28,641.8258181682,648.92,0.0,1.0
2025-08-29,637.9981261318,645.05,0.0,1.0
2025-09-02,633.2703824795,640.27,0.0,1.0
2025-09-03,636.7024474321,643.74,0.0,1.0
2025-09-04,642.0236317102,649.12,0.0,1.0
2025-09-05,640.164184416,647.24,0.0,1.0
2025-09-08,641.7368020744,648.83,0.0,1.0
2025-09-09,643.2204036389,650.33,0.0,1.0
2025-09-10,645.0798509331,652.21,0.0,1.0
2025-09-11,650.4405979196,657.63,0.0,1.0
2025-09-12,650.2230030235,657.41,0.0,1.0
2025-09-15,653.6847400074,660.91,0.0,1.0
2025-09-16,652.7846883915,660.0,0.0,1.0
2025-09-17,651.9736528696,659.18,0.0,1.0
2025-09-18,655.0199814154,662.26,0.0,1.0
2025-09-19,658.2553346475,663.7,1.831114,1.0
2025-09-22,661.3695756462,666.84,0.0,1.0
2025-09-23,657.7693543643,663.21,0.0,1.0
2025-09-24,655.6766637569,661.1,0.0,1.0
2025-09-25,652.651684443,658.05,0.0,1.0
2025-09-26,656.3907572343,661.82,0.0,1.0
2025-09-29,658.2354987176,663.68,0.0,1.0
2025-09-30,660.7149899586,666.18,0.0,1.0
2025-10-01,662.9663680053,668.45,0.0,1.0
2025-10-02,663.7300513075,669.22,0.0,1.0
2025-10-03,663.7201333426,669.21,0.0,1.0
2025-10-06,666.1004449339,671.61,0.0,1.0
2025-10-07,663.6308716579,669.12,0.0,1.0
2025-10-08,667.5881396785,673.11,0.0,1.0
2025-10-09,665.6541365105,671.16,0.0,1.0
2025-10-10,647.6629480662,653.02,0.0,1.0
2025-10-13,657.6007489599,663.04,0.0,1.0
2025-10-14,656.7973937978,662.23,0.0,1.0
2025-10-15,659.7132754972,665.17,0.0,1.0
2025-10-16,655.2204373686,660.64,0.0,1.0
2025-10-17,658.93967423,664.39,0.0,1.0
2025-10-20,665.79298802,671.3,0.0,1.0
2025-10-21,665.7830700551,671.29,0.0,1.0
2025-10-22,662.3217002827,667.8,0.0,1.0
2025-10-23,666.2492144084,671.76,0.0,1.0
2025-10-24,671.6941771735,677.25,0.0,1.0
2025-10-27,679.6186311796,685.24,0.0,1.0
2025-10-28,681.423700803,687.06,0.0,1.0
2025-10-29,681.7509936468,687.39,0.0,1.0
2025-10-30,674.2530121341,679.83,0.0,1.0
2025-10-31,676.4647183211,682.06,0.0,1.0
2025-11-03,677.7342178364,683.34,0.0,1.0
2025-11-04,669.7006662158,675.24,0.0,1.0
2025-11-05,672.0214700173,677.58,0.0,1.0
2025-11-06,664.8111094886,670.31,0.0,1.0
2025-11-07,665.4656951762,670.97,0.0,1.0
2025-11-10,675.8498044933,681.44,0.0,1.0
2025-11-11,677.3970070277,683.0,0.0,1.0
2025-11-12,677.7738896963,683.38,0.0,1.0
2025-11-13,666.5269174273,672.04,0.0,1.0
2025-11-14,666.4178198127,671.93,0.0,1.0
2025-11-17,660.2091737454,665.67,0.0,1.0
2025-11-18,654.6650313306,660.08,0.0,1.0
2025-11-19,657.1941123964,662.63,0.0,1.0
2025-11-20,647.176967783,652.53,0.0,1.0
2025-11-21,653.6236450094,659.03,0.0,1.0
2025-11-24,663.2440710243,668.73,0.0,1.0
2025-11-25,669.4824709866,675.02,0.0,1.0
2025-11-26,674.1042426597,679.68,0.0,1.0
2025-11-28,677.7838076613,683.39,0.0,1.0
2025-12-01,674.6894025925,680.27,0.0,1.0
2025-12-02,675.939066178,681.53,0.0,1.0
2025-12-03,678.2797059094,683.89,0.0,1.0
2025-12-04,678.7756041576,684.39,0.0,1.0
2025-12-05,680.0649396029,685.69,0.0,1.0
2025-12-08,678.0218388204,683.63,0.0,1.0
2025-12-09,677.4366788875,683.04,0.0,1.0
2025-12-10,681.9295170161,687.57,0.0,1.0
2025-12-11,683.5163914103,689.17,0.0,1.0
2025-12-12,676.1671793722,681.76,0.0,1.0
2025-12-15,675.1456289809,680.73,0.0,1.0
2025-12-16,673.3008874976,678.87,0.0,1.0
2025-12-17,665.8921676697,671.4,0.0,1.0
2025-12-18,670.9205759063,676.47,0.0,1.0
2025-12-19,676.9837928698,680.59,1.993368,1.0
2025-12-22,681.2013266005,684.83,0.0,1.0
2025-12-23,684.3147418309,687.96,0.0,1.0
2025-12-24,686.7219191017,690.38,0.0,1.0
2025-12-26,686.6522900071,690.31,0.0,1.0
2025-12-29,684.2053246822,687.85,0.0,1.0
2025-12-30,683.3697755469,687.01,0.0,1.0
2025-12-31,678.3067456674,681.92,0.0,1.0
